{"type":"FeatureCollection","features":[{"type":"Feature","geometry":{"type":"LineString","coordinates":[[139.75038047222222,35.65780411111111],[139.7500305,35.65786241666667],[139.74813063888888,35.658129027777775],[139.74791816666666,35.658154027777776],[139.74771819444445,35.65817069444444],[139.74753069444444,35.65816233333334],[139.74708072222222,35.658137333333336],[139.74699283333334,35.65814894444444],[139.74705572222223,35.65845397222222],[139.74693072222223,35.658470638888886],[139.74679325,35.65851227777778],[139.74663075,35.65855394444444],[139.74636827777778,35.65867061111111]]},"properties":{"id":"tokyo-metropolitan-recommended-001","name":"東京都自転車推奨ルート 港43","reference_type":"recommended_route","status":"built","source":{"name":"東京都建設局","url":"https://catalog.data.metro.tokyo.lg.jp/dataset/t000014d0000000026","retrieved_at":"2026-08-24T15:28:14.399Z","license":"CC BY 4.0","source_date":"2015-04","reference_date":"2015-04"},"notes":"Official route geometry and source-date status. The source does not identify physical separation or comfort class.","official_fields":{"区間番号":"港43","道路種別":"区市道","整備状況":"整備済","建設事務所":"第一建設事務所","エリア":"皇居周辺"}}},{"type":"Feature","geometry":{"type":"LineString","coordinates":[[139.74859255555555,35.67041938888889],[139.74860505555554,35.67036105555555],[139.74860505555554,35.67033605555556],[139.74855505555556,35.67028605555556],[139.7480551111111,35.669894444444445],[139.74758016666667,35.66953613888889],[139.7472302222222,35.66927780555555],[139.74714272222224,35.66921116666666],[139.747085,35.66915983333333]]},"properties":{"id":"tokyo-metropolitan-recommended-002","name":"東京都自転車推奨ルート 港42","reference_type":"recommended_route","status":"built","source":{"name":"東京都建設局","url":"https://catalog.data.metro.tokyo.lg.jp/dataset/t000014d0000000026","retrieved_at":"2026-08-24T15:28:14.399Z","license":"CC BY 4.0","source_date":"2015-04","reference_date":"2015-04"},"notes":"Official route geometry and source-date status. The source does not identify physical separation or comfort class.","official_fields":{"区間番号":"港42","道路種別":"区市道","整備状況":"整備済","建設事務所":"第一建設事務所","エリア":"皇居周辺"}}},{"type":"Feature","geometry":{"type":"LineString","coordinates":[[139.73942172222223,35.59648547222222],[139.73918425,35.59589386111111],[139.73915925,35.595827194444446],[139.7390467777778,35.595510555555556],[139.73888430555556,35.59526891666667],[139.73878433333334,35.59511061111111],[139.73825941666666,35.594244027777776],[139.73807194444444,35.593927388888886],[139.73789697222222,35.59366908333333],[139.73784697222223,35.593594083333336]]},"properties":{"id":"tokyo-metropolitan-recommended-003","name":"東京都自転車推奨ルート 品7-2","reference_type":"recommended_route","status":"built","source":{"name":"東京都建設局","url":"https://catalog.data.metro.tokyo.lg.jp/dataset/t000014d0000000026","retrieved_at":"2026-08-24T15:28:14.399Z","license":"CC BY 4.0","source_date":"2015-04","reference_date":"2015-04"},"notes":"Official route geometry and source-date status. The source does not identify physical separation or comfort class.","official_fields":{"区間番号":"品7-2","道路種別":"区市道","整備状況":"整備済","建設事務所":"第二建設事務所","エリア":"大井ふ頭中央海浜公園周辺"}}},{"type":"Feature","geometry":{"type":"LineString","coordinates":[[139.73784697222223,35.593594083333336],[139.7377345,35.593477416666666],[139.73749702777778,35.59321077777778],[139.73709708333334,35.59258583333333],[139.73690961111112,35.59226919444444],[139.7366971388889,35.59190258333334],[139.73645969444445,35.59141097222222]]},"properties":{"id":"tokyo-metropolitan-recommended-004","name":"東京都自転車推奨ルート 品7-3","reference_type":"recommended_route","status":"built","source":{"name":"東京都建設局","url":"https://catalog.data.metro.tokyo.lg.jp/dataset/t000014d0000000026","retrieved_at":"2026-08-24T15:28:14.399Z","license":"CC BY 4.0","source_date":"2015-04","reference_date":"2015-04"},"notes":"Official route geometry and source-date status. The source does not identify physical separation or comfort class.","official_fields":{"区間番号":"品7-3","道路種別":"区市道","整備状況":"整備済","建設事務所":"第二建設事務所","エリア":"大井ふ頭中央海浜公園周辺"}}},{"type":"Feature","geometry":{"type":"LineString","coordinates":[[139.73087297222222,35.58473658333333],[139.73111041666667,35.58518652777778],[139.7313728888889,35.585669805555554],[139.73163533333334,35.58611144444444],[139.73189780555555,35.58656972222222],[139.7320102777778,35.58676972222222],[139.73209775,35.58692802777778],[139.73224775,35.58721966666667],[139.73231022222222,35.587319666666666]]},"properties":{"id":"tokyo-metropolitan-recommended-005","name":"東京都自転車推奨ルート 大7","reference_type":"recommended_route","status":"built","source":{"name":"東京都建設局","url":"https://catalog.data.metro.tokyo.lg.jp/dataset/t000014d0000000026","retrieved_at":"2026-08-24T15:28:14.399Z","license":"CC BY 4.0","source_date":"2015-04","reference_date":"2015-04"},"notes":"Official route geometry and source-date status. The source does not identify physical separation or comfort class.","official_fields":{"区間番号":"大7","道路種別":"区市道","整備状況":"整備済","建設事務所":"第二建設事務所","エリア":"大井ふ頭中央海浜公園周辺"}}},{"type":"Feature","geometry":{"type":"LineString","coordinates":[[139.73231022222222,35.587319666666666],[139.73233522222222,35.58741963888889],[139.73234772222222,35.58746130555556],[139.73243519444443,35.587836277777775],[139.73249766666666,35.58803625],[139.7327601111111,35.588877833333335],[139.73289758333334,35.58933611111111],[139.73301005555555,35.589711083333334],[139.73312252777777,35.59009436111111],[139.7332475,35.590452666666664],[139.7332725,35.590544333333334],[139.7332975,35.590636],[139.7333849722222,35.590885972222225],[139.73347244444443,35.59121925],[139.73359741666667,35.59161088888889],[139.73372238888888,35.59206916666667],[139.7338598611111,35.592485805555555],[139.73398483333332,35.592919083333335]]},"properties":{"id":"tokyo-metropolitan-recommended-006","name":"東京都自転車推奨ルート 品10","reference_type":"recommended_route","status":"built","source":{"name":"東京都建設局","url":"https://catalog.data.metro.tokyo.lg.jp/dataset/t000014d0000000026","retrieved_at":"2026-08-24T15:28:14.399Z","license":"CC BY 4.0","source_date":"2015-04","reference_date":"2015-04"},"notes":"Official route geometry and source-date status. The source does not identify physical separation or comfort class.","official_fields":{"区間番号":"品10","道路種別":"区市道","整備状況":"整備済","建設事務所":"第二建設事務所","エリア":"大井ふ頭中央海浜公園周辺"}}},{"type":"Feature","geometry":{"type":"LineString","coordinates":[[139.85884616666667,35.66405533333333],[139.8587337222222,35.66306375],[139.85865877777778,35.66249716666667],[139.85864627777778,35.662422166666666]]},"properties":{"id":"tokyo-metropolitan-recommended-007","name":"東京都自転車推奨ルート 江47","reference_type":"recommended_route","status":"built","source":{"name":"東京都建設局","url":"https://catalog.data.metro.tokyo.lg.jp/dataset/t000014d0000000026","retrieved_at":"2026-08-24T15:28:14.399Z","license":"CC BY 4.0","source_date":"2015-04","reference_date":"2015-04"},"notes":"Official route geometry and source-date status. The source does not identify physical separation or comfort class.","official_fields":{"区間番号":"江47","道路種別":"区市道","整備状況":"整備済","建設事務所":"第五建設事務所","エリア":"葛西臨海公園周辺"}}},{"type":"Feature","geometry":{"type":"LineString","coordinates":[[139.8568901388889,35.66292625],[139.85687141666668,35.66284708333333],[139.85682141666666,35.66277208333333],[139.85674641666665,35.66266377777778],[139.85670891666666,35.66261377777778],[139.85669644444445,35.66256377777778],[139.85670894444445,35.66244711111111],[139.85707147222223,35.661138944444446],[139.857434,35.65970577777778],[139.8574715,35.65960577777778],[139.857809,35.65903086111111],[139.858084,35.65850591666667],[139.858134,35.65842258333333],[139.8581715,35.65832258333333],[139.8581715,35.658222611111114],[139.85817152777778,35.658130944444444],[139.85808402777778,35.657747666666666],[139.85805905555554,35.65757266666667],[139.85804655555555,35.65744769444444],[139.85807155555557,35.65733936111111],[139.85830905555557,35.656864416666664],[139.85829047222222,35.65347311111111],[139.85828947222222,35.653417222222224]]},"properties":{"id":"tokyo-metropolitan-recommended-008","name":"東京都自転車推奨ルート 江27","reference_type":"recommended_route","status":"built","source":{"name":"東京都建設局","url":"https://catalog.data.metro.tokyo.lg.jp/dataset/t000014d0000000026","retrieved_at":"2026-08-24T15:28:14.399Z","license":"CC BY 4.0","source_date":"2015-04","reference_date":"2015-04"},"notes":"Official route geometry and source-date status. The source does not identify physical separation or comfort class.","official_fields":{"区間番号":"江27","道路種別":"区市道","整備状況":"整備済","建設事務所":"第五建設事務所","エリア":"葛西臨海公園周辺"}}},{"type":"Feature","geometry":{"type":"LineString","coordinates":[[139.85828947222222,35.653417222222224],[139.85828541666666,35.65318261111111],[139.8581088888889,35.65295644444444],[139.85810852777777,35.65183238888889],[139.85623286111112,35.65050219444444],[139.85618133333332,35.647079444444444],[139.8576248888889,35.646743916666665]]},"properties":{"id":"tokyo-metropolitan-recommended-009","name":"東京都自転車推奨ルート 江28","reference_type":"recommended_route","status":"built","source":{"name":"東京都建設局","url":"https://catalog.data.metro.tokyo.lg.jp/dataset/t000014d0000000026","retrieved_at":"2026-08-24T15:28:14.399Z","license":"CC BY 4.0","source_date":"2015-04","reference_date":"2015-04"},"notes":"Official route geometry and source-date status. The source does not identify physical separation or comfort class.","official_fields":{"区間番号":"江28","道路種別":"区市道","整備状況":"整備済","建設事務所":"第五建設事務所","エリア":"葛西臨海公園周辺"}}},{"type":"Feature","geometry":{"type":"LineString","coordinates":[[139.8576248888889,35.646743916666665],[139.85735033333333,35.64535541666667]]},"properties":{"id":"tokyo-metropolitan-recommended-010","name":"東京都自転車推奨ルート 江29","reference_type":"recommended_route","status":"built","source":{"name":"東京都建設局","url":"https://catalog.data.metro.tokyo.lg.jp/dataset/t000014d0000000026","retrieved_at":"2026-08-24T15:28:14.399Z","license":"CC BY 4.0","source_date":"2015-04","reference_date":"2015-04"},"notes":"Official route geometry and source-date status. The source does not identify physical separation or comfort class.","official_fields":{"区間番号":"江29","道路種別":"区市道","整備状況":"整備済","建設事務所":"第五建設事務所","エリア":"葛西臨海公園周辺"}}},{"type":"Feature","geometry":{"type":"LineString","coordinates":[[139.53024775,35.67946461111111],[139.53065055555555,35.6763835],[139.5340376388889,35.672438972222224],[139.5358908611111,35.67121861111111],[139.5374726111111,35.66956577777778],[139.54198352777777,35.66667775],[139.54241105555556,35.665858416666666],[139.54312858333333,35.6654205]]},"properties":{"id":"tokyo-metropolitan-recommended-011","name":"東京都自転車推奨ルート 三4","reference_type":"recommended_route","status":"built","source":{"name":"東京都建設局","url":"https://catalog.data.metro.tokyo.lg.jp/dataset/t000014d0000000026","retrieved_at":"2026-08-24T15:28:14.399Z","license":"CC BY 4.0","source_date":"2015-04","reference_date":"2015-04"},"notes":"Official route geometry and source-date status. The source does not identify physical separation or comfort class.","official_fields":{"区間番号":"三4","道路種別":"区市道","整備状況":"整備済","建設事務所":"北多摩南部建設事務所","エリア":"武蔵野の森周辺"}}},{"type":"Feature","geometry":{"type":"LineString","coordinates":[[139.5251362777778,35.66668255555555],[139.5251487777778,35.66665755555555],[139.52517377777778,35.66660755555556],[139.52541127777778,35.666032638888886],[139.52544877777777,35.665899305555556],[139.52548630555555,35.665716],[139.52548630555555,35.665557666666665],[139.52548630555555,35.66543269444445],[139.52546130555555,35.665241055555555],[139.52543633333335,35.66511605555556],[139.52539883333333,35.66497441666667],[139.52533633333334,35.66485775],[139.52462397222223,35.66355786111111],[139.5245739722222,35.663457888888885]]},"properties":{"id":"tokyo-metropolitan-recommended-012","name":"東京都自転車推奨ルート 調5","reference_type":"recommended_route","status":"planned","source":{"name":"東京都建設局","url":"https://catalog.data.metro.tokyo.lg.jp/dataset/t000014d0000000026","retrieved_at":"2026-08-24T15:28:14.399Z","license":"CC BY 4.0","source_date":"2015-04","reference_date":"2015-04"},"notes":"Official route geometry and source-date status. The source does not identify physical separation or comfort class.","official_fields":{"区間番号":"調5","道路種別":"区市道","整備状況":"未整備","建設事務所":"北多摩南部建設事務所","エリア":"武蔵野の森周辺"}}},{"type":"Feature","geometry":{"type":"LineString","coordinates":[[139.52434875,35.668748972222225],[139.52441125,35.66858233333333],[139.52472375,35.66778241666667],[139.5251362777778,35.66668255555555]]},"properties":{"id":"tokyo-metropolitan-recommended-013","name":"東京都自転車推奨ルート 調6","reference_type":"recommended_route","status":"planned","source":{"name":"東京都建設局","url":"https://catalog.data.metro.tokyo.lg.jp/dataset/t000014d0000000026","retrieved_at":"2026-08-24T15:28:14.399Z","license":"CC BY 4.0","source_date":"2015-04","reference_date":"2015-04"},"notes":"Official route geometry and source-date status. The source does not identify physical separation or comfort class.","official_fields":{"区間番号":"調6","道路種別":"区市道","整備状況":"未整備","建設事務所":"北多摩南部建設事務所","エリア":"武蔵野の森周辺"}}},{"type":"Feature","geometry":{"type":"LineString","coordinates":[[139.5245739722222,35.663457888888885],[139.52429902777777,35.66299958333333],[139.52409905555555,35.66264130555555],[139.52346166666666,35.66150808333333],[139.5230992222222,35.66083313888889],[139.52303672222223,35.66072480555555],[139.52299925,35.66060816666667],[139.52329922222222,35.6604915],[139.5233492222222,35.660483166666666],[139.52339919444444,35.660483194444446],[139.52348669444444,35.66062483333334],[139.52347419444445,35.660658166666664],[139.52346169444445,35.660683166666665],[139.5230992222222,35.66083313888889]]},"properties":{"id":"tokyo-metropolitan-recommended-014","name":"東京都自転車推奨ルート 調3","reference_type":"recommended_route","status":"planned","source":{"name":"東京都建設局","url":"https://catalog.data.metro.tokyo.lg.jp/dataset/t000014d0000000026","retrieved_at":"2026-08-24T15:28:14.399Z","license":"CC BY 4.0","source_date":"2015-04","reference_date":"2015-04"},"notes":"Official route geometry and source-date status. The source does not identify physical separation or comfort class.","official_fields":{"区間番号":"調3","道路種別":"区市道","整備状況":"未整備","建設事務所":"北多摩南部建設事務所","エリア":"武蔵野の森周辺"}}},{"type":"Feature","geometry":{"type":"LineString","coordinates":[[139.52629811111112,35.678922916666664],[139.52683561111112,35.67810636111111],[139.52696061111112,35.67780638888889],[139.52763558333334,35.676939833333336],[139.52784808333334,35.67668152777778],[139.52873555555556,35.67570663888889],[139.52889805555554,35.67548166666667],[139.52894805555556,35.675331694444445],[139.5290481111111,35.67416513888889],[139.5290606111111,35.67403183333333],[139.52912311111112,35.67388186111111],[139.5292606111111,35.673665194444446],[139.52936061111112,35.67353188888889],[139.52966058333334,35.673231916666666],[139.53043555555556,35.67249869444444],[139.5315980277778,35.671398833333335],[139.532573,35.67049061111111],[139.53272297222222,35.67037394444444],[139.5328604722222,35.670290638888886],[139.53309794444445,35.67018230555556],[139.53334794444444,35.67011566666667],[139.53354791666666,35.670074],[139.53372291666668,35.670065666666666],[139.53478533333333,35.67008236111111],[139.53521027777776,35.67008236111111],[139.5353477777778,35.67008236111111],[139.53572275,35.67008236111111],[139.53599772222222,35.67004905555556],[139.53624769444446,35.669990722222224],[139.53656016666667,35.66989075],[139.53674766666666,35.669807416666664],[139.53696016666666,35.66968244444445],[139.53713513888889,35.66956577777778],[139.5372976388889,35.669382472222225]]},"properties":{"id":"tokyo-metropolitan-recommended-015","name":"東京都自転車推奨ルート 三3","reference_type":"recommended_route","status":"planned","source":{"name":"東京都建設局","url":"https://catalog.data.metro.tokyo.lg.jp/dataset/t000014d0000000026","retrieved_at":"2026-08-24T15:28:14.399Z","license":"CC BY 4.0","source_date":"2015-04","reference_date":"2015-04"},"notes":"Official route geometry and source-date status. The source does not identify physical separation or comfort class.","official_fields":{"区間番号":"三3","道路種別":"区市道","整備状況":"未整備","建設事務所":"北多摩南部建設事務所","エリア":"武蔵野の森周辺"}}},{"type":"Feature","geometry":{"type":"LineString","coordinates":[[139.5214861388889,35.67620647222222],[139.52183616666667,35.67533155555556],[139.52231116666667,35.67407336111111],[139.52304869444444,35.67216525],[139.52372372222223,35.670373805555556],[139.5239112222222,35.66989052777778],[139.52434875,35.668748972222225]]},"properties":{"id":"tokyo-metropolitan-recommended-016","name":"東京都自転車推奨ルート 府1","reference_type":"recommended_route","status":"planned","source":{"name":"東京都建設局","url":"https://catalog.data.metro.tokyo.lg.jp/dataset/t000014d0000000026","retrieved_at":"2026-08-24T15:28:14.399Z","license":"CC BY 4.0","source_date":"2015-04","reference_date":"2015-04"},"notes":"Official route geometry and source-date status. The source does not identify physical separation or comfort class.","official_fields":{"区間番号":"府1","道路種別":"区市道","整備状況":"未整備","建設事務所":"北多摩南部建設事務所","エリア":"武蔵野の森周辺"}}},{"type":"Feature","geometry":{"type":"LineString","coordinates":[[139.53122366666668,35.65821688888889],[139.53035941666667,35.65674544444445]]},"properties":{"id":"tokyo-metropolitan-recommended-017","name":"東京都自転車推奨ルート 調2","reference_type":"recommended_route","status":"planned","source":{"name":"東京都建設局","url":"https://catalog.data.metro.tokyo.lg.jp/dataset/t000014d0000000026","retrieved_at":"2026-08-24T15:28:14.399Z","license":"CC BY 4.0","source_date":"2015-04","reference_date":"2015-04"},"notes":"Official route geometry and source-date status. The source does not identify physical separation or comfort class.","official_fields":{"区間番号":"調2","道路種別":"区市道","整備状況":"未整備","建設事務所":"北多摩南部建設事務所","エリア":"武蔵野の森周辺"}}},{"type":"Feature","geometry":{"type":"LineString","coordinates":[[139.76247869444444,35.67501080555556],[139.76232872222224,35.67458583333333],[139.76136633333334,35.673802583333334],[139.76131144444443,35.673747694444444]]},"properties":{"id":"tokyo-metropolitan-recommended-018","name":"東京都自転車推奨ルート 千4-2","reference_type":"recommended_route","status":"planned","source":{"name":"東京都建設局","url":"https://catalog.data.metro.tokyo.lg.jp/dataset/t000014d0000000026","retrieved_at":"2026-08-24T15:28:14.399Z","license":"CC BY 4.0","source_date":"2015-04","reference_date":"2015-04"},"notes":"Official route geometry and source-date status. The source does not identify physical separation or comfort class.","official_fields":{"区間番号":"千4-2","道路種別":"区市道","整備状況":"未整備","建設事務所":"第一建設事務所","エリア":"皇居周辺"}}},{"type":"Feature","geometry":{"type":"LineString","coordinates":[[139.76131144444443,35.673747694444444],[139.76126633333334,35.67370258333333],[139.7609788888889,35.673419277777775],[139.76074141666666,35.67317763888889],[139.76057894444443,35.672986],[139.76045394444444,35.67282766666667],[139.7600415,35.67221938888889],[139.75872922222223,35.66989461111111],[139.75860425,35.669677972222225]]},"properties":{"id":"tokyo-metropolitan-recommended-019","name":"東京都自転車推奨ルート 千21","reference_type":"recommended_route","status":"planned","source":{"name":"東京都建設局","url":"https://catalog.data.metro.tokyo.lg.jp/dataset/t000014d0000000026","retrieved_at":"2026-08-24T15:28:14.399Z","license":"CC BY 4.0","source_date":"2015-04","reference_date":"2015-04"},"notes":"Official route geometry and source-date status. The source does not identify physical separation or comfort class.","official_fields":{"区間番号":"千21","道路種別":"区市道","整備状況":"未整備","建設事務所":"第一建設事務所","エリア":"皇居周辺"}}},{"type":"Feature","geometry":{"type":"LineString","coordinates":[[139.7627411111111,35.67585238888889],[139.76156619444444,35.676119]]},"properties":{"id":"tokyo-metropolitan-recommended-020","name":"東京都自転車推奨ルート 千16","reference_type":"recommended_route","status":"planned","source":{"name":"東京都建設局","url":"https://catalog.data.metro.tokyo.lg.jp/dataset/t000014d0000000026","retrieved_at":"2026-08-24T15:28:14.399Z","license":"CC BY 4.0","source_date":"2015-04","reference_date":"2015-04"},"notes":"Official route geometry and source-date status. The source does not identify physical separation or comfort class.","official_fields":{"区間番号":"千16","道路種別":"区市道","整備状況":"未整備","建設事務所":"第一建設事務所","エリア":"皇居周辺"}}},{"type":"Feature","geometry":{"type":"LineString","coordinates":[[139.7642407777778,35.68038525],[139.7630658611111,35.680618555555554]]},"properties":{"id":"tokyo-metropolitan-recommended-021","name":"東京都自転車推奨ルート 千15","reference_type":"recommended_route","status":"planned","source":{"name":"東京都建設局","url":"https://catalog.data.metro.tokyo.lg.jp/dataset/t000014d0000000026","retrieved_at":"2026-08-24T15:28:14.399Z","license":"CC BY 4.0","source_date":"2015-04","reference_date":"2015-04"},"notes":"Official route geometry and source-date status. The source does not identify physical separation or comfort class.","official_fields":{"区間番号":"千15","道路種別":"区市道","整備状況":"未整備","建設事務所":"第一建設事務所","エリア":"皇居周辺"}}},{"type":"Feature","geometry":{"type":"LineString","coordinates":[[139.76512808333334,35.68300166666667],[139.76394066666666,35.68327661111111]]},"properties":{"id":"tokyo-metropolitan-recommended-022","name":"東京都自転車推奨ルート 千14","reference_type":"recommended_route","status":"planned","source":{"name":"東京都建設局","url":"https://catalog.data.metro.tokyo.lg.jp/dataset/t000014d0000000026","retrieved_at":"2026-08-24T15:28:14.399Z","license":"CC BY 4.0","source_date":"2015-04","reference_date":"2015-04"},"notes":"Official route geometry and source-date status. The source does not identify physical separation or comfort class.","official_fields":{"区間番号":"千14","道路種別":"区市道","整備状況":"未整備","建設事務所":"第一建設事務所","エリア":"皇居周辺"}}},{"type":"Feature","geometry":{"type":"LineString","coordinates":[[139.7768702777778,35.67461561111111],[139.77679,35.674619416666665],[139.77634005555555,35.674619416666665],[139.77589008333334,35.67462775],[139.77531513888889,35.67462775],[139.77485266666667,35.67463605555555],[139.77442769444446,35.67465272222222],[139.77386525,35.67468602777778],[139.77369025,35.67470269444444],[139.77335277777777,35.67474436111111],[139.77324030555556,35.67476936111111],[139.77315280555555,35.674811],[139.77309030555554,35.674836],[139.77282783333334,35.674944333333336],[139.77274033333333,35.67496930555556],[139.77264033333333,35.675010972222225],[139.77252783333333,35.675052638888886],[139.77195288888888,35.67529427777778],[139.76747833333334,35.67715786111111],[139.7671748611111,35.67722394444444]]},"properties":{"id":"tokyo-metropolitan-recommended-023","name":"東京都自転車推奨ルート 中30","reference_type":"recommended_route","status":"planned","source":{"name":"東京都建設局","url":"https://catalog.data.metro.tokyo.lg.jp/dataset/t000014d0000000026","retrieved_at":"2026-08-24T15:28:14.399Z","license":"CC BY 4.0","source_date":"2015-04","reference_date":"2015-04"},"notes":"Official route geometry and source-date status. The source does not identify physical separation or comfort class.","official_fields":{"区間番号":"中30","道路種別":"区市道","整備状況":"未整備","建設事務所":"第一建設事務所","エリア":"皇居周辺"}}},{"type":"Feature","geometry":{"type":"LineString","coordinates":[[139.75605905555557,35.670733722222224],[139.75287261111112,35.672025444444444],[139.75057897222223,35.67299666666667]]},"properties":{"id":"tokyo-metropolitan-recommended-024","name":"東京都自転車推奨ルート 千9","reference_type":"recommended_route","status":"planned","source":{"name":"東京都建設局","url":"https://catalog.data.metro.tokyo.lg.jp/dataset/t000014d0000000026","retrieved_at":"2026-08-24T15:28:14.399Z","license":"CC BY 4.0","source_date":"2015-04","reference_date":"2015-04"},"notes":"Official route geometry and source-date status. The source does not identify physical separation or comfort class.","official_fields":{"区間番号":"千9","道路種別":"区市道","整備状況":"未整備","建設事務所":"第一建設事務所","エリア":"皇居周辺"}}},{"type":"Feature","geometry":{"type":"LineString","coordinates":[[139.75860425,35.669677972222225],[139.75850425,35.66962797222222],[139.75789180555554,35.66989461111111],[139.75750433333334,35.670044583333336],[139.75620441666666,35.6705945]]},"properties":{"id":"tokyo-metropolitan-recommended-025","name":"東京都自転車推奨ルート 千22","reference_type":"recommended_route","status":"planned","source":{"name":"東京都建設局","url":"https://catalog.data.metro.tokyo.lg.jp/dataset/t000014d0000000026","retrieved_at":"2026-08-24T15:28:14.399Z","license":"CC BY 4.0","source_date":"2015-04","reference_date":"2015-04"},"notes":"Official route geometry and source-date status. The source does not identify physical separation or comfort class.","official_fields":{"区間番号":"千22","道路種別":"区市道","整備状況":"未整備","建設事務所":"第一建設事務所","エリア":"皇居周辺"}}},{"type":"Feature","geometry":{"type":"LineString","coordinates":[[139.75750433333334,35.670044583333336],[139.7572543611111,35.66956963888889],[139.75699191666666,35.66908633333333]]},"properties":{"id":"tokyo-metropolitan-recommended-026","name":"東京都自転車推奨ルート 千23","reference_type":"recommended_route","status":"planned","source":{"name":"東京都建設局","url":"https://catalog.data.metro.tokyo.lg.jp/dataset/t000014d0000000026","retrieved_at":"2026-08-24T15:28:14.399Z","license":"CC BY 4.0","source_date":"2015-04","reference_date":"2015-04"},"notes":"Official route geometry and source-date status. The source does not identify physical separation or comfort class.","official_fields":{"区間番号":"千23","道路種別":"区市道","整備状況":"未整備","建設事務所":"第一建設事務所","エリア":"皇居周辺"}}},{"type":"Feature","geometry":{"type":"LineString","coordinates":[[139.75699191666666,35.66908633333333],[139.75680444444444,35.66868638888889],[139.7565045,35.66810311111111],[139.756442,35.667986444444445],[139.7563045277778,35.667694805555556],[139.75611705555556,35.66729486111111],[139.75602958333334,35.66711152777778],[139.7558921111111,35.66684488888889],[139.7557921111111,35.66666158333334],[139.7556921388889,35.66646161111111],[139.75554216666666,35.66616163888889],[139.75542969444444,35.66591997222222],[139.75532969444444,35.66572],[139.7551797222222,35.66545336111111],[139.75502975,35.66516172222222],[139.75486727777778,35.66486175],[139.75476730555556,35.66465344444445],[139.75472980555554,35.66459511111111],[139.75466733333334,35.66445347222222],[139.75451733333333,35.664145166666664],[139.75435486111112,35.66383686111111],[139.7542173888889,35.66352855555556],[139.75407991666665,35.66324525],[139.75406741666666,35.66319525],[139.75395494444444,35.66296194444445],[139.75386747222223,35.662770305555554],[139.75376747222222,35.66255366666667],[139.75358,35.66215369444444],[139.75353002777777,35.66204536111111],[139.75344252777776,35.66184538888889],[139.75334255555555,35.66165375],[139.75288013888888,35.660653833333335],[139.7528301388889,35.6605705]]},"properties":{"id":"tokyo-metropolitan-recommended-027","name":"東京都自転車推奨ルート 港63","reference_type":"recommended_route","status":"planned","source":{"name":"東京都建設局","url":"https://catalog.data.metro.tokyo.lg.jp/dataset/t000014d0000000026","retrieved_at":"2026-08-24T15:28:14.399Z","license":"CC BY 4.0","source_date":"2015-04","reference_date":"2015-04"},"notes":"Official route geometry and source-date status. The source does not identify physical separation or comfort class.","official_fields":{"区間番号":"港63","道路種別":"区市道","整備状況":"未整備","建設事務所":"第一建設事務所","エリア":"皇居周辺"}}},{"type":"Feature","geometry":{"type":"LineString","coordinates":[[139.750268,35.657220833333334],[139.75079297222223,35.65717083333333],[139.7517178888889,35.65707086111111],[139.7519053888889,35.657062527777775],[139.75288030555555,35.656970888888885]]},"properties":{"id":"tokyo-metropolitan-recommended-028","name":"東京都自転車推奨ルート 港35","reference_type":"recommended_route","status":"planned","source":{"name":"東京都建設局","url":"https://catalog.data.metro.tokyo.lg.jp/dataset/t000014d0000000026","retrieved_at":"2026-08-24T15:28:14.399Z","license":"CC BY 4.0","source_date":"2015-04","reference_date":"2015-04"},"notes":"Official route geometry and source-date status. The source does not identify physical separation or comfort class.","official_fields":{"区間番号":"港35","道路種別":"区市道","整備状況":"未整備","建設事務所":"第一建設事務所","エリア":"皇居周辺"}}},{"type":"Feature","geometry":{"type":"LineString","coordinates":[[139.75288030555555,35.656970888888885],[139.75330527777777,35.656920916666664],[139.75378025,35.65687925],[139.75416769444445,35.65683761111111],[139.75463016666666,35.65680427777778]]},"properties":{"id":"tokyo-metropolitan-recommended-029","name":"東京都自転車推奨ルート 港36","reference_type":"recommended_route","status":"planned","source":{"name":"東京都建設局","url":"https://catalog.data.metro.tokyo.lg.jp/dataset/t000014d0000000026","retrieved_at":"2026-08-24T15:28:14.399Z","license":"CC BY 4.0","source_date":"2015-04","reference_date":"2015-04"},"notes":"Official route geometry and source-date status. The source does not identify physical separation or comfort class.","official_fields":{"区間番号":"港36","道路種別":"区市道","整備状況":"未整備","建設事務所":"第一建設事務所","エリア":"皇居周辺"}}},{"type":"Feature","geometry":{"type":"LineString","coordinates":[[139.74636805555556,35.658670694444446],[139.74556833333332,35.65908722222222],[139.74531833333333,35.65921219444444],[139.74509333333333,35.6593205],[139.74426838888888,35.659695472222225],[139.74411841666668,35.65975377777778],[139.74394341666667,35.65979544444444],[139.74374341666666,35.65983711111111],[139.74355594444444,35.65984541666667],[139.74306847222223,35.65990375],[139.7429508611111,35.65991888888889]]},"properties":{"id":"tokyo-metropolitan-recommended-030","name":"東京都自転車推奨ルート 港31","reference_type":"recommended_route","status":"planned","source":{"name":"東京都建設局","url":"https://catalog.data.metro.tokyo.lg.jp/dataset/t000014d0000000026","retrieved_at":"2026-08-24T15:28:14.399Z","license":"CC BY 4.0","source_date":"2015-04","reference_date":"2015-04"},"notes":"Official route geometry and source-date status. The source does not identify physical separation or comfort class.","official_fields":{"区間番号":"港31","道路種別":"区市道","整備状況":"未整備","建設事務所":"第一建設事務所","エリア":"皇居周辺"}}},{"type":"Feature","geometry":{"type":"LineString","coordinates":[[139.7528301388889,35.6605705],[139.7549967777778,35.660216472222224],[139.75517202777777,35.66020391666667]]},"properties":{"id":"tokyo-metropolitan-recommended-031","name":"東京都自転車推奨ルート 港33","reference_type":"recommended_route","status":"planned","source":{"name":"東京都建設局","url":"https://catalog.data.metro.tokyo.lg.jp/dataset/t000014d0000000026","retrieved_at":"2026-08-24T15:28:14.399Z","license":"CC BY 4.0","source_date":"2015-04","reference_date":"2015-04"},"notes":"Official route geometry and source-date status. The source does not identify physical separation or comfort class.","official_fields":{"区間番号":"港33","道路種別":"区市道","整備状況":"未整備","建設事務所":"第一建設事務所","エリア":"皇居周辺"}}},{"type":"Feature","geometry":{"type":"LineString","coordinates":[[139.75288030555555,35.656970888888885],[139.75286780555555,35.65712088888889],[139.75285530555556,35.65722088888889],[139.7526677777778,35.658120777777775],[139.7526552777778,35.65820408333333],[139.75261775,35.65840408333333],[139.75255525,35.65871238888889],[139.75249275,35.659154],[139.75275516666667,35.66046219444444],[139.75278013888888,35.66050386111111],[139.7528301388889,35.6605705]]},"properties":{"id":"tokyo-metropolitan-recommended-032","name":"東京都自転車推奨ルート 港34","reference_type":"recommended_route","status":"planned","source":{"name":"東京都建設局","url":"https://catalog.data.metro.tokyo.lg.jp/dataset/t000014d0000000026","retrieved_at":"2026-08-24T15:28:14.399Z","license":"CC BY 4.0","source_date":"2015-04","reference_date":"2015-04"},"notes":"Official route geometry and source-date status. The source does not identify physical separation or comfort class.","official_fields":{"区間番号":"港34","道路種別":"区市道","整備状況":"未整備","建設事務所":"第一建設事務所","エリア":"皇居周辺"}}},{"type":"Feature","geometry":{"type":"LineString","coordinates":[[139.7528301388889,35.6605705],[139.75244266666667,35.660678833333336],[139.75208019444443,35.66080380555555],[139.75155525,35.66096211111111],[139.75147244444443,35.66098972222222]]},"properties":{"id":"tokyo-metropolitan-recommended-033","name":"東京都自転車推奨ルート 港32","reference_type":"recommended_route","status":"planned","source":{"name":"東京都建設局","url":"https://catalog.data.metro.tokyo.lg.jp/dataset/t000014d0000000026","retrieved_at":"2026-08-24T15:28:14.399Z","license":"CC BY 4.0","source_date":"2015-04","reference_date":"2015-04"},"notes":"Official route geometry and source-date status. The source does not identify physical separation or comfort class.","official_fields":{"区間番号":"港32","道路種別":"区市道","整備状況":"未整備","建設事務所":"第一建設事務所","エリア":"皇居周辺"}}},{"type":"Feature","geometry":{"type":"LineString","coordinates":[[139.75147244444443,35.66098972222222],[139.75140525,35.66101211111111],[139.75068030555556,35.66124538888889],[139.75015533333334,35.66141205555556],[139.75008033333333,35.661428694444446],[139.75003033333334,35.66144536111111],[139.7495178888889,35.661603666666664],[139.74936788888888,35.661637]]},"properties":{"id":"tokyo-metropolitan-recommended-034","name":"東京都自転車推奨ルート 港26","reference_type":"recommended_route","status":"planned","source":{"name":"東京都建設局","url":"https://catalog.data.metro.tokyo.lg.jp/dataset/t000014d0000000026","retrieved_at":"2026-08-24T15:28:14.399Z","license":"CC BY 4.0","source_date":"2015-04","reference_date":"2015-04"},"notes":"Official route geometry and source-date status. The source does not identify physical separation or comfort class.","official_fields":{"区間番号":"港26","道路種別":"区市道","整備状況":"未整備","建設事務所":"第一建設事務所","エリア":"皇居周辺"}}},{"type":"Feature","geometry":{"type":"LineString","coordinates":[[139.74936788888888,35.661637],[139.74908041666666,35.66170366666667],[139.74865544444444,35.66177863888889],[139.74749302777778,35.66193694444444],[139.74735552777778,35.66196194444444],[139.74718055555556,35.66200358333333]]},"properties":{"id":"tokyo-metropolitan-recommended-035","name":"東京都自転車推奨ルート 港24","reference_type":"recommended_route","status":"planned","source":{"name":"東京都建設局","url":"https://catalog.data.metro.tokyo.lg.jp/dataset/t000014d0000000026","retrieved_at":"2026-08-24T15:28:14.399Z","license":"CC BY 4.0","source_date":"2015-04","reference_date":"2015-04"},"notes":"Official route geometry and source-date status. The source does not identify physical separation or comfort class.","official_fields":{"区間番号":"港24","道路種別":"区市道","整備状況":"未整備","建設事務所":"第一建設事務所","エリア":"皇居周辺"}}},{"type":"Feature","geometry":{"type":"LineString","coordinates":[[139.74718055555556,35.66200358333333],[139.74706805555556,35.662061916666666],[139.74679308333333,35.66222855555556],[139.74668058333333,35.66229522222222],[139.7463681111111,35.66250352777778],[139.7461681111111,35.66263683333333],[139.74565563888888,35.66294513888889],[139.7454556388889,35.663078444444444],[139.74529316666667,35.66321175]]},"properties":{"id":"tokyo-metropolitan-recommended-036","name":"東京都自転車推奨ルート 港23","reference_type":"recommended_route","status":"planned","source":{"name":"東京都建設局","url":"https://catalog.data.metro.tokyo.lg.jp/dataset/t000014d0000000026","retrieved_at":"2026-08-24T15:28:14.399Z","license":"CC BY 4.0","source_date":"2015-04","reference_date":"2015-04"},"notes":"Official route geometry and source-date status. The source does not identify physical separation or comfort class.","official_fields":{"区間番号":"港23","道路種別":"区市道","整備状況":"未整備","建設事務所":"第一建設事務所","エリア":"皇居周辺"}}},{"type":"Feature","geometry":{"type":"LineString","coordinates":[[139.74803597222223,35.66792541666667],[139.74810708333334,35.66782811111111],[139.74842333333333,35.66767816666667],[139.74873016666666,35.667569694444445],[139.7490176388889,35.667478055555556]]},"properties":{"id":"tokyo-metropolitan-recommended-037","name":"東京都自転車推奨ルート 港18","reference_type":"recommended_route","status":"planned","source":{"name":"東京都建設局","url":"https://catalog.data.metro.tokyo.lg.jp/dataset/t000014d0000000026","retrieved_at":"2026-08-24T15:28:14.399Z","license":"CC BY 4.0","source_date":"2015-04","reference_date":"2015-04"},"notes":"Official route geometry and source-date status. The source does not identify physical separation or comfort class.","official_fields":{"区間番号":"港18","道路種別":"区市道","整備状況":"未整備","建設事務所":"第一建設事務所","エリア":"皇居周辺"}}},{"type":"Feature","geometry":{"type":"LineString","coordinates":[[139.74754280555555,35.666828083333336],[139.74800527777776,35.66666144444444],[139.74806777777778,35.666644777777776],[139.74834275,35.66654480555555],[139.74874272222223,35.66641147222222],[139.74909269444444,35.666278166666665],[139.74936766666667,35.66617819444444],[139.74961766666667,35.666103194444446],[139.7497676388889,35.66606986111111],[139.7499801388889,35.66604488888889]]},"properties":{"id":"tokyo-metropolitan-recommended-038","name":"東京都自転車推奨ルート 港19","reference_type":"recommended_route","status":"planned","source":{"name":"東京都建設局","url":"https://catalog.data.metro.tokyo.lg.jp/dataset/t000014d0000000026","retrieved_at":"2026-08-24T15:28:14.399Z","license":"CC BY 4.0","source_date":"2015-04","reference_date":"2015-04"},"notes":"Official route geometry and source-date status. The source does not identify physical separation or comfort class.","official_fields":{"区間番号":"港19","道路種別":"区市道","整備状況":"未整備","建設事務所":"第一建設事務所","エリア":"皇居周辺"}}},{"type":"Feature","geometry":{"type":"LineString","coordinates":[[139.76421638888888,35.66710752777778],[139.7645601388889,35.66679505555555],[139.7648163888889,35.66658675],[139.7653601111111,35.66613680555555],[139.76605255555555,35.66556030555556],[139.76613016666667,35.66549877777778]]},"properties":{"id":"tokyo-metropolitan-recommended-039","name":"東京都自転車推奨ルート 中13","reference_type":"recommended_route","status":"planned","source":{"name":"東京都建設局","url":"https://catalog.data.metro.tokyo.lg.jp/dataset/t000014d0000000026","retrieved_at":"2026-08-24T15:28:14.399Z","license":"CC BY 4.0","source_date":"2015-04","reference_date":"2015-04"},"notes":"Official route geometry and source-date status. The source does not identify physical separation or comfort class.","official_fields":{"区間番号":"中13","道路種別":"区市道","整備状況":"未整備","建設事務所":"第一建設事務所","エリア":"皇居周辺"}}},{"type":"Feature","geometry":{"type":"LineString","coordinates":[[139.76613016666667,35.66549877777778],[139.76701627777777,35.664807805555554],[139.76744125,35.66447866666667],[139.76782247222224,35.664199555555555]]},"properties":{"id":"tokyo-metropolitan-recommended-040","name":"東京都自転車推奨ルート 中14","reference_type":"recommended_route","status":"planned","source":{"name":"東京都建設局","url":"https://catalog.data.metro.tokyo.lg.jp/dataset/t000014d0000000026","retrieved_at":"2026-08-24T15:28:14.399Z","license":"CC BY 4.0","source_date":"2015-04","reference_date":"2015-04"},"notes":"Official route geometry and source-date status. The source does not identify physical separation or comfort class.","official_fields":{"区間番号":"中14","道路種別":"区市道","整備状況":"未整備","建設事務所":"第一建設事務所","エリア":"皇居周辺"}}},{"type":"Feature","geometry":{"type":"LineString","coordinates":[[139.77370358333334,35.65659630555555],[139.7745785,35.657187916666665]]},"properties":{"id":"tokyo-metropolitan-recommended-041","name":"東京都自転車推奨ルート 中11-1","reference_type":"recommended_route","status":"planned","source":{"name":"東京都建設局","url":"https://catalog.data.metro.tokyo.lg.jp/dataset/t000014d0000000026","retrieved_at":"2026-08-24T15:28:14.399Z","license":"CC BY 4.0","source_date":"2015-04","reference_date":"2015-04"},"notes":"Official route geometry and source-date status. The source does not identify physical separation or comfort class.","official_fields":{"区間番号":"中11-1","道路種別":"区市道","整備状況":"未整備","建設事務所":"第一建設事務所","エリア":"臨海部周辺"}}},{"type":"Feature","geometry":{"type":"LineString","coordinates":[[139.7745785,35.657187916666665],[139.7756033888889,35.65788369444444]]},"properties":{"id":"tokyo-metropolitan-recommended-042","name":"東京都自転車推奨ルート 中10","reference_type":"recommended_route","status":"planned","source":{"name":"東京都建設局","url":"https://catalog.data.metro.tokyo.lg.jp/dataset/t000014d0000000026","retrieved_at":"2026-08-24T15:28:14.399Z","license":"CC BY 4.0","source_date":"2015-04","reference_date":"2015-04"},"notes":"Official route geometry and source-date status. The source does not identify physical separation or comfort class.","official_fields":{"区間番号":"中10","道路種別":"区市道","整備状況":"未整備","建設事務所":"第一建設事務所","エリア":"臨海部周辺"}}},{"type":"Feature","geometry":{"type":"LineString","coordinates":[[139.7756033888889,35.65788369444444],[139.7776406388889,35.659283583333334],[139.77769375,35.65932316666667]]},"properties":{"id":"tokyo-metropolitan-recommended-043","name":"東京都自転車推奨ルート 中9","reference_type":"recommended_route","status":"planned","source":{"name":"東京都建設局","url":"https://catalog.data.metro.tokyo.lg.jp/dataset/t000014d0000000026","retrieved_at":"2026-08-24T15:28:14.399Z","license":"CC BY 4.0","source_date":"2015-04","reference_date":"2015-04"},"notes":"Official route geometry and source-date status. The source does not identify physical separation or comfort class.","official_fields":{"区間番号":"中9","道路種別":"区市道","整備状況":"未整備","建設事務所":"第一建設事務所","エリア":"臨海部周辺"}}},{"type":"Feature","geometry":{"type":"LineString","coordinates":[[139.80185177777778,35.64561463888889],[139.8008643611111,35.64550630555556],[139.7994769722222,35.64538961111111],[139.7992645,35.64535627777778],[139.7991645,35.645322944444445],[139.799102,35.645256277777776],[139.79736475,35.64326480555555],[139.79595244444445,35.64166494444444],[139.79577744444444,35.641464972222224],[139.79520252777778,35.64079836111111],[139.79510255555556,35.64069005555555],[139.79501505555555,35.64060672222222],[139.79490258333334,35.640498388888886],[139.79221536111112,35.6390485],[139.7919278888889,35.63889019444444],[139.79051555555554,35.63812358333333],[139.79047805555555,35.63809858333333],[139.79041555555557,35.63807358333333],[139.79037805555555,35.63804858333334],[139.78840327777777,35.63699033333334],[139.78456619444444,35.63492380555556],[139.78434122222222,35.63475716666667],[139.78424897222223,35.63471066666666]]},"properties":{"id":"tokyo-metropolitan-recommended-044","name":"東京都自転車推奨ルート 東41","reference_type":"recommended_route","status":"planned","source":{"name":"東京都建設局","url":"https://catalog.data.metro.tokyo.lg.jp/dataset/t000014d0000000026","retrieved_at":"2026-08-24T15:28:14.399Z","license":"CC BY 4.0","source_date":"2015-04","reference_date":"2015-04"},"notes":"Official route geometry and source-date status. The source does not identify physical separation or comfort class.","official_fields":{"区間番号":"東41","道路種別":"区市道","整備状況":"未整備","建設事務所":"第五建設事務所","エリア":"臨海部周辺"}}},{"type":"Feature","geometry":{"type":"LineString","coordinates":[[139.75273858333333,35.58400402777778],[139.75262172222222,35.584201944444445],[139.75257097222223,35.584308444444446],[139.75248783333333,35.58448694444444],[139.75236166666667,35.584768833333335],[139.75204447222222,35.58548144444445],[139.75161491666665,35.58644508333333],[139.75159297222223,35.586492138888886]]},"properties":{"id":"tokyo-metropolitan-recommended-045","name":"東京都自転車推奨ルート 大17","reference_type":"recommended_route","status":"planned","source":{"name":"東京都建設局","url":"https://catalog.data.metro.tokyo.lg.jp/dataset/t000014d0000000026","retrieved_at":"2026-08-24T15:28:14.399Z","license":"CC BY 4.0","source_date":"2015-04","reference_date":"2015-04"},"notes":"Official route geometry and source-date status. The source does not identify physical separation or comfort class.","official_fields":{"区間番号":"大17","道路種別":"区市道","整備状況":"未整備","建設事務所":"第二建設事務所","エリア":"大井ふ頭中央海浜公園周辺"}}},{"type":"Feature","geometry":{"type":"LineString","coordinates":[[139.75159297222223,35.586492138888886],[139.75152355555556,35.586655388888886],[139.75092236111112,35.58804025],[139.75054733333334,35.58888872222222],[139.75052497222222,35.58905361111111],[139.75056955555556,35.589576694444446]]},"properties":{"id":"tokyo-metropolitan-recommended-046","name":"東京都自転車推奨ルート 大16","reference_type":"recommended_route","status":"planned","source":{"name":"東京都建設局","url":"https://catalog.data.metro.tokyo.lg.jp/dataset/t000014d0000000026","retrieved_at":"2026-08-24T15:28:14.399Z","license":"CC BY 4.0","source_date":"2015-04","reference_date":"2015-04"},"notes":"Official route geometry and source-date status. The source does not identify physical separation or comfort class.","official_fields":{"区間番号":"大16","道路種別":"区市道","整備状況":"未整備","建設事務所":"第二建設事務所","エリア":"大井ふ頭中央海浜公園周辺"}}},{"type":"Feature","geometry":{"type":"LineString","coordinates":[[139.75056955555556,35.589576694444446],[139.75063469444444,35.590361],[139.75113952777778,35.59550661111111],[139.7511472777778,35.59556488888889]]},"properties":{"id":"tokyo-metropolitan-recommended-047","name":"東京都自転車推奨ルート 品3","reference_type":"recommended_route","status":"planned","source":{"name":"東京都建設局","url":"https://catalog.data.metro.tokyo.lg.jp/dataset/t000014d0000000026","retrieved_at":"2026-08-24T15:28:14.399Z","license":"CC BY 4.0","source_date":"2015-04","reference_date":"2015-04"},"notes":"Official route geometry and source-date status. The source does not identify physical separation or comfort class.","official_fields":{"区間番号":"品3","道路種別":"区市道","整備状況":"未整備","建設事務所":"第二建設事務所","エリア":"大井ふ頭中央海浜公園周辺"}}},{"type":"Feature","geometry":{"type":"LineString","coordinates":[[139.7511472777778,35.59556488888889],[139.75112077777777,35.595577444444444],[139.7487959722222,35.59570238888889]]},"properties":{"id":"tokyo-metropolitan-recommended-048","name":"東京都自転車推奨ルート 品4","reference_type":"recommended_route","status":"planned","source":{"name":"東京都建設局","url":"https://catalog.data.metro.tokyo.lg.jp/dataset/t000014d0000000026","retrieved_at":"2026-08-24T15:28:14.399Z","license":"CC BY 4.0","source_date":"2015-04","reference_date":"2015-04"},"notes":"Official route geometry and source-date status. The source does not identify physical separation or comfort class.","official_fields":{"区間番号":"品4","道路種別":"区市道","整備状況":"未整備","建設事務所":"第二建設事務所","エリア":"大井ふ頭中央海浜公園周辺"}}},{"type":"Feature","geometry":{"type":"LineString","coordinates":[[139.7487959722222,35.59570238888889],[139.74719611111112,35.59577733333333],[139.7470211111111,35.595794]]},"properties":{"id":"tokyo-metropolitan-recommended-049","name":"東京都自転車推奨ルート 品5","reference_type":"recommended_route","status":"planned","source":{"name":"東京都建設局","url":"https://catalog.data.metro.tokyo.lg.jp/dataset/t000014d0000000026","retrieved_at":"2026-08-24T15:28:14.399Z","license":"CC BY 4.0","source_date":"2015-04","reference_date":"2015-04"},"notes":"Official route geometry and source-date status. The source does not identify physical separation or comfort class.","official_fields":{"区間番号":"品5","道路種別":"区市道","整備状況":"未整備","建設事務所":"第二建設事務所","エリア":"大井ふ頭中央海浜公園周辺"}}},{"type":"Feature","geometry":{"type":"LineString","coordinates":[[139.7470211111111,35.595794],[139.7469086111111,35.595794],[139.7467961388889,35.59580233333333],[139.74592119444443,35.59585230555555],[139.74564622222223,35.59586897222222],[139.74512125,35.59589397222222],[139.74485380555555,35.59589025],[139.74475041666668,35.595894],[139.74227775,35.59603558333333],[139.742159,35.596043888888886],[139.7420965,35.59605222222222],[139.742034,35.59605222222222],[139.7404341388889,35.5963105],[139.74013441666668,35.59636111111111],[139.73993761111112,35.59639691666667],[139.73943419444444,35.596522972222225]]},"properties":{"id":"tokyo-metropolitan-recommended-050","name":"東京都自転車推奨ルート 品6","reference_type":"recommended_route","status":"planned","source":{"name":"東京都建設局","url":"https://catalog.data.metro.tokyo.lg.jp/dataset/t000014d0000000026","retrieved_at":"2026-08-24T15:28:14.399Z","license":"CC BY 4.0","source_date":"2015-04","reference_date":"2015-04"},"notes":"Official route geometry and source-date status. The source does not identify physical separation or comfort class.","official_fields":{"区間番号":"品6","道路種別":"区市道","整備状況":"未整備","建設事務所":"第二建設事務所","エリア":"大井ふ頭中央海浜公園周辺"}}},{"type":"Feature","geometry":{"type":"LineString","coordinates":[[139.73656008333333,35.582982694444446],[139.73686908333335,35.582998555555555],[139.74090969444444,35.583424388888886]]},"properties":{"id":"tokyo-metropolitan-recommended-051","name":"東京都自転車推奨ルート 大10","reference_type":"recommended_route","status":"planned","source":{"name":"東京都建設局","url":"https://catalog.data.metro.tokyo.lg.jp/dataset/t000014d0000000026","retrieved_at":"2026-08-24T15:28:14.399Z","license":"CC BY 4.0","source_date":"2015-04","reference_date":"2015-04"},"notes":"Official route geometry and source-date status. The source does not identify physical separation or comfort class.","official_fields":{"区間番号":"大10","道路種別":"区市道","整備状況":"未整備","建設事務所":"第二建設事務所","エリア":"大井ふ頭中央海浜公園周辺"}}},{"type":"Feature","geometry":{"type":"LineString","coordinates":[[139.74090969444444,35.583424388888886],[139.74123269444445,35.583484194444445],[139.74338444444444,35.584120194444445]]},"properties":{"id":"tokyo-metropolitan-recommended-052","name":"東京都自転車推奨ルート 大12","reference_type":"recommended_route","status":"planned","source":{"name":"東京都建設局","url":"https://catalog.data.metro.tokyo.lg.jp/dataset/t000014d0000000026","retrieved_at":"2026-08-24T15:28:14.399Z","license":"CC BY 4.0","source_date":"2015-04","reference_date":"2015-04"},"notes":"Official route geometry and source-date status. The source does not identify physical separation or comfort class.","official_fields":{"区間番号":"大12","道路種別":"区市道","整備状況":"未整備","建設事務所":"第二建設事務所","エリア":"大井ふ頭中央海浜公園周辺"}}},{"type":"Feature","geometry":{"type":"LineString","coordinates":[[139.74338444444444,35.584120194444445],[139.7439718888889,35.58428266666667]]},"properties":{"id":"tokyo-metropolitan-recommended-053","name":"東京都自転車推奨ルート 大13","reference_type":"recommended_route","status":"planned","source":{"name":"東京都建設局","url":"https://catalog.data.metro.tokyo.lg.jp/dataset/t000014d0000000026","retrieved_at":"2026-08-24T15:28:14.399Z","license":"CC BY 4.0","source_date":"2015-04","reference_date":"2015-04"},"notes":"Official route geometry and source-date status. The source does not identify physical separation or comfort class.","official_fields":{"区間番号":"大13","道路種別":"区市道","整備状況":"未整備","建設事務所":"第二建設事務所","エリア":"大井ふ頭中央海浜公園周辺"}}},{"type":"Feature","geometry":{"type":"LineString","coordinates":[[139.7439718888889,35.58428266666667],[139.74670458333333,35.58508744444445],[139.74748405555556,35.58530347222222],[139.74753461111112,35.585317]]},"properties":{"id":"tokyo-metropolitan-recommended-054","name":"東京都自転車推奨ルート 大14","reference_type":"recommended_route","status":"planned","source":{"name":"東京都建設局","url":"https://catalog.data.metro.tokyo.lg.jp/dataset/t000014d0000000026","retrieved_at":"2026-08-24T15:28:14.399Z","license":"CC BY 4.0","source_date":"2015-04","reference_date":"2015-04"},"notes":"Official route geometry and source-date status. The source does not identify physical separation or comfort class.","official_fields":{"区間番号":"大14","道路種別":"区市道","整備状況":"未整備","建設事務所":"第二建設事務所","エリア":"大井ふ頭中央海浜公園周辺"}}},{"type":"Feature","geometry":{"type":"LineString","coordinates":[[139.74753461111112,35.585317],[139.74999591666668,35.586044111111114],[139.75152116666666,35.586478416666665]]},"properties":{"id":"tokyo-metropolitan-recommended-055","name":"東京都自転車推奨ルート 大15","reference_type":"recommended_route","status":"planned","source":{"name":"東京都建設局","url":"https://catalog.data.metro.tokyo.lg.jp/dataset/t000014d0000000026","retrieved_at":"2026-08-24T15:28:14.399Z","license":"CC BY 4.0","source_date":"2015-04","reference_date":"2015-04"},"notes":"Official route geometry and source-date status. The source does not identify physical separation or comfort class.","official_fields":{"区間番号":"大15","道路種別":"区市道","整備状況":"未整備","建設事務所":"第二建設事務所","エリア":"大井ふ頭中央海浜公園周辺"}}},{"type":"Feature","geometry":{"type":"LineString","coordinates":[[139.74090969444444,35.583424388888886],[139.74093469444443,35.58336188888889],[139.74095969444446,35.58327025],[139.74139725,35.58120380555555],[139.74150977777776,35.58057052777778],[139.74172227777777,35.58014558333333],[139.74177852777777,35.58002477777778]]},"properties":{"id":"tokyo-metropolitan-recommended-056","name":"東京都自転車推奨ルート 大11","reference_type":"recommended_route","status":"planned","source":{"name":"東京都建設局","url":"https://catalog.data.metro.tokyo.lg.jp/dataset/t000014d0000000026","retrieved_at":"2026-08-24T15:28:14.399Z","license":"CC BY 4.0","source_date":"2015-04","reference_date":"2015-04"},"notes":"Official route geometry and source-date status. The source does not identify physical separation or comfort class.","official_fields":{"区間番号":"大11","道路種別":"区市道","整備状況":"未整備","建設事務所":"第二建設事務所","エリア":"大井ふ頭中央海浜公園周辺"}}},{"type":"Feature","geometry":{"type":"LineString","coordinates":[[139.7362100277778,35.58439502777778],[139.73573508333334,35.584336694444445],[139.7353851111111,35.58432002777778],[139.7353476111111,35.58432002777778],[139.7352476111111,35.584311694444445],[139.73519761111112,35.584311694444445]]},"properties":{"id":"tokyo-metropolitan-recommended-057","name":"東京都自転車推奨ルート 大9","reference_type":"recommended_route","status":"planned","source":{"name":"東京都建設局","url":"https://catalog.data.metro.tokyo.lg.jp/dataset/t000014d0000000026","retrieved_at":"2026-08-24T15:28:14.399Z","license":"CC BY 4.0","source_date":"2015-04","reference_date":"2015-04"},"notes":"Official route geometry and source-date status. The source does not identify physical separation or comfort class.","official_fields":{"区間番号":"大9","道路種別":"区市道","整備状況":"未整備","建設事務所":"第二建設事務所","エリア":"大井ふ頭中央海浜公園周辺"}}},{"type":"Feature","geometry":{"type":"LineString","coordinates":[[139.73519761111112,35.584311694444445],[139.73464766666666,35.58430336111111],[139.73428519444445,35.58435333333333],[139.73398522222223,35.584395],[139.7337227222222,35.58443666666667],[139.73299777777777,35.584544972222226],[139.73224786111112,35.58461994444445],[139.7317228888889,35.584661583333336],[139.73087297222222,35.58473658333333]]},"properties":{"id":"tokyo-metropolitan-recommended-058","name":"東京都自転車推奨ルート 大8","reference_type":"recommended_route","status":"planned","source":{"name":"東京都建設局","url":"https://catalog.data.metro.tokyo.lg.jp/dataset/t000014d0000000026","retrieved_at":"2026-08-24T15:28:14.399Z","license":"CC BY 4.0","source_date":"2015-04","reference_date":"2015-04"},"notes":"Official route geometry and source-date status. The source does not identify physical separation or comfort class.","official_fields":{"区間番号":"大8","道路種別":"区市道","整備状況":"未整備","建設事務所":"第二建設事務所","エリア":"大井ふ頭中央海浜公園周辺"}}},{"type":"Feature","geometry":{"type":"LineString","coordinates":[[139.73572244444443,35.58723638888889],[139.73557244444444,35.58723638888889],[139.73548497222222,35.587228055555556],[139.73527247222222,35.58724472222222],[139.7349975,35.58726138888889],[139.734885,35.58726136111111],[139.73456002777777,35.58728636111111],[139.7336851111111,35.58733636111111],[139.73312266666667,35.587353],[139.73277269444444,35.587353],[139.73244769444443,35.58733630555555],[139.73231022222222,35.587319666666666]]},"properties":{"id":"tokyo-metropolitan-recommended-059","name":"東京都自転車推奨ルート 大6","reference_type":"recommended_route","status":"planned","source":{"name":"東京都建設局","url":"https://catalog.data.metro.tokyo.lg.jp/dataset/t000014d0000000026","retrieved_at":"2026-08-24T15:28:14.399Z","license":"CC BY 4.0","source_date":"2015-04","reference_date":"2015-04"},"notes":"Official route geometry and source-date status. The source does not identify physical separation or comfort class.","official_fields":{"区間番号":"大6","道路種別":"区市道","整備状況":"未整備","建設事務所":"第二建設事務所","エリア":"大井ふ頭中央海浜公園周辺"}}},{"type":"Feature","geometry":{"type":"LineString","coordinates":[[139.73585980555555,35.59005275],[139.73575980555555,35.590019444444444],[139.73563483333334,35.59003608333333],[139.73560983333334,35.59003608333333],[139.73452238888888,35.59021938888889],[139.7337224722222,35.590411],[139.733385,35.590502666666666],[139.7332725,35.590544333333334]]},"properties":{"id":"tokyo-metropolitan-recommended-060","name":"東京都自転車推奨ルート 品9","reference_type":"recommended_route","status":"planned","source":{"name":"東京都建設局","url":"https://catalog.data.metro.tokyo.lg.jp/dataset/t000014d0000000026","retrieved_at":"2026-08-24T15:28:14.399Z","license":"CC BY 4.0","source_date":"2015-04","reference_date":"2015-04"},"notes":"Official route geometry and source-date status. The source does not identify physical separation or comfort class.","official_fields":{"区間番号":"品9","道路種別":"区市道","整備状況":"未整備","建設事務所":"第二建設事務所","エリア":"大井ふ頭中央海浜公園周辺"}}},{"type":"Feature","geometry":{"type":"LineString","coordinates":[[139.7365846111111,35.59266916666667],[139.7363846388889,35.59261083333333],[139.73629716666667,35.59256083333333],[139.73612216666666,35.592569166666664],[139.73603466666665,35.5925775],[139.7353222222222,35.59266080555555],[139.73398483333332,35.592919083333335]]},"properties":{"id":"tokyo-metropolitan-recommended-061","name":"東京都自転車推奨ルート 品8","reference_type":"recommended_route","status":"planned","source":{"name":"東京都建設局","url":"https://catalog.data.metro.tokyo.lg.jp/dataset/t000014d0000000026","retrieved_at":"2026-08-24T15:28:14.399Z","license":"CC BY 4.0","source_date":"2015-04","reference_date":"2015-04"},"notes":"Official route geometry and source-date status. The source does not identify physical separation or comfort class.","official_fields":{"区間番号":"品8","道路種別":"区市道","整備状況":"未整備","建設事務所":"第二建設事務所","エリア":"大井ふ頭中央海浜公園周辺"}}},{"type":"Feature","geometry":{"type":"LineString","coordinates":[[139.71694519444443,35.67021886111111],[139.71690769444444,35.670302166666666],[139.71687016666667,35.670393833333335],[139.71685766666667,35.670502166666665],[139.71684516666667,35.670710472222225],[139.71685763888888,35.67102711111111],[139.7169076111111,35.67172702777778],[139.7169201111111,35.67191033333334],[139.7169076111111,35.67203533333333],[139.71689508333333,35.672176972222225],[139.71685758333334,35.67231863888889],[139.71679508333332,35.67245194444445],[139.71673258333334,35.67259358333333],[139.71623258333332,35.67350183333333]]},"properties":{"id":"tokyo-metropolitan-recommended-062","name":"東京都自転車推奨ルート 港17","reference_type":"recommended_route","status":"planned","source":{"name":"東京都建設局","url":"https://catalog.data.metro.tokyo.lg.jp/dataset/t000014d0000000026","retrieved_at":"2026-08-24T15:28:14.399Z","license":"CC BY 4.0","source_date":"2015-04","reference_date":"2015-04"},"notes":"Official route geometry and source-date status. The source does not identify physical separation or comfort class.","official_fields":{"区間番号":"港17","道路種別":"区市道","整備状況":"未整備","建設事務所":"第一建設事務所","エリア":"国立競技場周辺"}}},{"type":"Feature","geometry":{"type":"LineString","coordinates":[[139.71623258333332,35.67350183333333],[139.71595758333333,35.67404344444444],[139.71528258333333,35.67539327777778]]},"properties":{"id":"tokyo-metropolitan-recommended-063","name":"東京都自転車推奨ルート 新5","reference_type":"recommended_route","status":"planned","source":{"name":"東京都建設局","url":"https://catalog.data.metro.tokyo.lg.jp/dataset/t000014d0000000026","retrieved_at":"2026-08-24T15:28:14.399Z","license":"CC BY 4.0","source_date":"2015-04","reference_date":"2015-04"},"notes":"Official route geometry and source-date status. The source does not identify physical separation or comfort class.","official_fields":{"区間番号":"新5","道路種別":"区市道","整備状況":"未整備","建設事務所":"第三建設事務所","エリア":"国立競技場周辺"}}},{"type":"Feature","geometry":{"type":"LineString","coordinates":[[139.71528258333333,35.67539327777778],[139.71524508333334,35.67551825]]},"properties":{"id":"tokyo-metropolitan-recommended-064","name":"東京都自転車推奨ルート 新8","reference_type":"recommended_route","status":"planned","source":{"name":"東京都建設局","url":"https://catalog.data.metro.tokyo.lg.jp/dataset/t000014d0000000026","retrieved_at":"2026-08-24T15:28:14.399Z","license":"CC BY 4.0","source_date":"2015-04","reference_date":"2015-04"},"notes":"Official route geometry and source-date status. The source does not identify physical separation or comfort class.","official_fields":{"区間番号":"新8","道路種別":"区市道","整備状況":"未整備","建設事務所":"第三建設事務所","エリア":"国立競技場周辺"}}},{"type":"Feature","geometry":{"type":"LineString","coordinates":[[139.71524508333334,35.67551825],[139.7145576388889,35.675584916666665],[139.71382019444445,35.67566822222222],[139.71354522222222,35.675701555555555],[139.71333272222222,35.675701527777775],[139.71310775,35.67568486111111],[139.71285777777777,35.67564319444445],[139.7126827777778,35.67560986111111]]},"properties":{"id":"tokyo-metropolitan-recommended-065","name":"東京都自転車推奨ルート 新7","reference_type":"recommended_route","status":"planned","source":{"name":"東京都建設局","url":"https://catalog.data.metro.tokyo.lg.jp/dataset/t000014d0000000026","retrieved_at":"2026-08-24T15:28:14.399Z","license":"CC BY 4.0","source_date":"2015-04","reference_date":"2015-04"},"notes":"Official route geometry and source-date status. The source does not identify physical separation or comfort class.","official_fields":{"区間番号":"新7","道路種別":"区市道","整備状況":"未整備","建設事務所":"第三建設事務所","エリア":"国立競技場周辺"}}},{"type":"Feature","geometry":{"type":"LineString","coordinates":[[139.7126827777778,35.67560986111111],[139.7120828611111,35.67550986111111],[139.71104544444444,35.67533486111111],[139.71058297222223,35.675251527777775],[139.70977055555556,35.67510986111111],[139.7090831111111,35.674984888888886],[139.7086831388889,35.67490155555556],[139.70708330555556,35.67460988888889]]},"properties":{"id":"tokyo-metropolitan-recommended-066","name":"東京都自転車推奨ルート 渋10","reference_type":"recommended_route","status":"planned","source":{"name":"東京都建設局","url":"https://catalog.data.metro.tokyo.lg.jp/dataset/t000014d0000000026","retrieved_at":"2026-08-24T15:28:14.399Z","license":"CC BY 4.0","source_date":"2015-04","reference_date":"2015-04"},"notes":"Official route geometry and source-date status. The source does not identify physical separation or comfort class.","official_fields":{"区間番号":"渋10","道路種別":"区市道","整備状況":"未整備","建設事務所":"第二建設事務所","エリア":"国立競技場周辺"}}},{"type":"Feature","geometry":{"type":"LineString","coordinates":[[139.70708330555556,35.67460988888889],[139.70669583333333,35.67448488888889],[139.70644586111112,35.67438488888889],[139.7062583888889,35.67430155555556],[139.70603341666666,35.67416825],[139.70568344444445,35.67391825],[139.70492102777777,35.67335163888889],[139.70480855555556,35.67325997222222],[139.70465855555557,35.67316],[139.70449608333334,35.673085],[139.7042711111111,35.672985],[139.70394613888888,35.67290166666667],[139.70353366666666,35.672785]]},"properties":{"id":"tokyo-metropolitan-recommended-067","name":"東京都自転車推奨ルート 渋11","reference_type":"recommended_route","status":"planned","source":{"name":"東京都建設局","url":"https://catalog.data.metro.tokyo.lg.jp/dataset/t000014d0000000026","retrieved_at":"2026-08-24T15:28:14.399Z","license":"CC BY 4.0","source_date":"2015-04","reference_date":"2015-04"},"notes":"Official route geometry and source-date status. The source does not identify physical separation or comfort class.","official_fields":{"区間番号":"渋11","道路種別":"区市道","整備状況":"未整備","建設事務所":"第二建設事務所","エリア":"国立競技場周辺"}}},{"type":"Feature","geometry":{"type":"LineString","coordinates":[[139.70353366666666,35.672785],[139.7032712222222,35.672218388888886],[139.70317125,35.67198508333333],[139.70310875,35.67180177777778],[139.7030337777778,35.67156847222222],[139.70290880555555,35.67112683333333],[139.70287130555556,35.67094352777778],[139.70287133333332,35.67073522222222],[139.70290883333334,35.670451916666664],[139.7028963611111,35.67026027777778],[139.7028713611111,35.670001972222224],[139.70283386111112,35.66989363888889],[139.7027838888889,35.669677],[139.7027713888889,35.66953536111111]]},"properties":{"id":"tokyo-metropolitan-recommended-068","name":"東京都自転車推奨ルート 渋12上り","reference_type":"recommended_route","status":"planned","source":{"name":"東京都建設局","url":"https://catalog.data.metro.tokyo.lg.jp/dataset/t000014d0000000026","retrieved_at":"2026-08-24T15:28:14.399Z","license":"CC BY 4.0","source_date":"2015-04","reference_date":"2015-04"},"notes":"Official route geometry and source-date status. The source does not identify physical separation or comfort class.","official_fields":{"区間番号":"渋12上り","道路種別":"区市道","整備状況":"未整備","建設事務所":"第一建設事務所","エリア":"皇居周辺"}}},{"type":"Feature","geometry":{"type":"LineString","coordinates":[[139.71154513888888,35.68072597222222],[139.71090775,35.679501083333335],[139.71062030555555,35.67895113888889],[139.71050783333334,35.6788595],[139.71039533333334,35.67879283333333],[139.7101453611111,35.67867616666667],[139.70965791666666,35.6784345],[139.70967041666665,35.67828452777778],[139.70970791666667,35.67819288888889],[139.70995791666667,35.67780125],[139.71004541666667,35.67763461111111],[139.71010791666666,35.67748461111111],[139.71014541666668,35.677351305555554],[139.71018291666667,35.677201333333336],[139.71030794444445,35.676568055555556],[139.71043297222224,35.67589313888889],[139.71054547222224,35.675393194444446],[139.71058297222223,35.675251527777775]]},"properties":{"id":"tokyo-metropolitan-recommended-069","name":"東京都自転車推奨ルート 渋14","reference_type":"recommended_route","status":"planned","source":{"name":"東京都建設局","url":"https://catalog.data.metro.tokyo.lg.jp/dataset/t000014d0000000026","retrieved_at":"2026-08-24T15:28:14.399Z","license":"CC BY 4.0","source_date":"2015-04","reference_date":"2015-04"},"notes":"Official route geometry and source-date status. The source does not identify physical separation or comfort class.","official_fields":{"区間番号":"渋14","道路種別":"区市道","整備状況":"未整備","建設事務所":"第二建設事務所","エリア":"国立競技場周辺"}}},{"type":"Feature","geometry":{"type":"LineString","coordinates":[[139.7474286111111,35.70325752777778],[139.7474286111111,35.703340833333336],[139.7474411111111,35.703715805555554],[139.7474536111111,35.70380747222222],[139.74754105555556,35.70480736111111],[139.74755352777777,35.704940666666666],[139.7475910277778,35.705099],[139.74762852777778,35.70524897222222],[139.74807841666666,35.7066655],[139.7481283888889,35.70687380555555]]},"properties":{"id":"tokyo-metropolitan-recommended-070","name":"東京都自転車推奨ルート 文4","reference_type":"recommended_route","status":"planned","source":{"name":"東京都建設局","url":"https://catalog.data.metro.tokyo.lg.jp/dataset/t000014d0000000026","retrieved_at":"2026-08-24T15:28:14.399Z","license":"CC BY 4.0","source_date":"2015-04","reference_date":"2015-04"},"notes":"Official route geometry and source-date status. The source does not identify physical separation or comfort class.","official_fields":{"区間番号":"文4","道路種別":"区市道","整備状況":"未整備","建設事務所":"第六建設事務所","エリア":"浅草・東京スカイツリー周辺"}}},{"type":"Feature","geometry":{"type":"LineString","coordinates":[[139.78263752777778,35.718056555555556],[139.783,35.71797322222222],[139.78337497222222,35.71789825],[139.78374994444445,35.71781491666667],[139.78407491666667,35.71774827777778],[139.78463738888888,35.71763997222222],[139.78503733333332,35.71755663888889],[139.78549980555556,35.71747333333333],[139.78604977777778,35.71735669444445],[139.78653722222222,35.71726502777778],[139.7866997222222,35.71723169444444],[139.78691219444445,35.717190055555555],[139.78732466666668,35.71710675],[139.78782463888888,35.71699841666667],[139.78851208333333,35.71686511111111],[139.78897455555557,35.71677347222222],[139.7891745277778,35.71674013888889],[139.7896995,35.71663183333333],[139.7898495,35.71660683333333],[139.79066194444445,35.716440194444445],[139.79094941666668,35.71639022222222],[139.7914118888889,35.71629022222222],[139.79257430555555,35.71606527777778]]},"properties":{"id":"tokyo-metropolitan-recommended-071","name":"東京都自転車推奨ルート 台13","reference_type":"recommended_route","status":"planned","source":{"name":"東京都建設局","url":"https://catalog.data.metro.tokyo.lg.jp/dataset/t000014d0000000026","retrieved_at":"2026-08-24T15:28:14.399Z","license":"CC BY 4.0","source_date":"2015-04","reference_date":"2015-04"},"notes":"Official route geometry and source-date status. The source does not identify physical separation or comfort class.","official_fields":{"区間番号":"台13","道路種別":"区市道","整備状況":"未整備","建設事務所":"第六建設事務所","エリア":"浅草・東京スカイツリー周辺"}}},{"type":"Feature","geometry":{"type":"LineString","coordinates":[[139.78549980555556,35.71747333333333],[139.78548733333332,35.71693172222222],[139.7854623888889,35.71609847222222],[139.78544991666666,35.71562352777778],[139.78543741666667,35.715181916666666],[139.78541244444443,35.71491527777778],[139.78539994444444,35.714840277777775],[139.78538744444444,35.71467363888889],[139.78534997222224,35.714240333333336],[139.7853125,35.71394036111111],[139.7852875,35.71372372222222],[139.78525002777778,35.71339875],[139.78525002777778,35.713348777777775],[139.78522502777778,35.713148805555555],[139.78521255555555,35.71293213888889],[139.78517505555556,35.712673833333334],[139.78511261111112,35.71205725],[139.78508761111112,35.711798944444446],[139.7850626388889,35.71155730555556],[139.78498766666667,35.71089902777778]]},"properties":{"id":"tokyo-metropolitan-recommended-072","name":"東京都自転車推奨ルート 台25","reference_type":"recommended_route","status":"planned","source":{"name":"東京都建設局","url":"https://catalog.data.metro.tokyo.lg.jp/dataset/t000014d0000000026","retrieved_at":"2026-08-24T15:28:14.399Z","license":"CC BY 4.0","source_date":"2015-04","reference_date":"2015-04"},"notes":"Official route geometry and source-date status. The source does not identify physical separation or comfort class.","official_fields":{"区間番号":"台25","道路種別":"区市道","整備状況":"未整備","建設事務所":"第六建設事務所","エリア":"浅草・東京スカイツリー周辺"}}},{"type":"Feature","geometry":{"type":"LineString","coordinates":[[139.80226133333332,35.70844125],[139.8022488611111,35.70802463888889],[139.80222388888888,35.707708],[139.80221138888888,35.70751636111111],[139.80219888888888,35.70735802777778],[139.80218641666667,35.70711638888889],[139.80216144444444,35.70654147222222],[139.80217394444443,35.706199833333336],[139.80218647222222,35.705808194444444],[139.8022115,35.70511661111111],[139.8022115,35.70480830555555],[139.80223652777778,35.70451666666666],[139.80224902777778,35.70417505555555],[139.80226155555556,35.70377508333333],[139.80228655555555,35.70335847222222]]},"properties":{"id":"tokyo-metropolitan-recommended-073","name":"東京都自転車推奨ルート 墨4","reference_type":"recommended_route","status":"planned","source":{"name":"東京都建設局","url":"https://catalog.data.metro.tokyo.lg.jp/dataset/t000014d0000000026","retrieved_at":"2026-08-24T15:28:14.399Z","license":"CC BY 4.0","source_date":"2015-04","reference_date":"2015-04"},"notes":"Official route geometry and source-date status. The source does not identify physical separation or comfort class.","official_fields":{"区間番号":"墨4","道路種別":"区市道","整備状況":"未整備","建設事務所":"第五建設事務所","エリア":"浅草・東京スカイツリー周辺"}}},{"type":"Feature","geometry":{"type":"LineString","coordinates":[[139.80228655555555,35.70335847222222],[139.80229908333334,35.703283472222225],[139.80232408333333,35.70290852777778],[139.8023616111111,35.702533555555554],[139.8023991111111,35.70215025],[139.80242413888888,35.701791972222225],[139.80243663888888,35.70168363888889],[139.80244913888887,35.701467],[139.8024616388889,35.70127536111111],[139.80249916666668,35.70095038888889],[139.80252416666667,35.70051711111111],[139.80254919444445,35.7001005],[139.80257419444445,35.699825527777776],[139.80259922222223,35.69954222222222],[139.80262422222222,35.699283916666666],[139.80263675,35.698942277777775],[139.80267425,35.698492333333334],[139.80271177777777,35.698109027777775],[139.80273677777777,35.697767416666665],[139.80278680555554,35.69720913888889]]},"properties":{"id":"tokyo-metropolitan-recommended-074","name":"東京都自転車推奨ルート 墨5","reference_type":"recommended_route","status":"planned","source":{"name":"東京都建設局","url":"https://catalog.data.metro.tokyo.lg.jp/dataset/t000014d0000000026","retrieved_at":"2026-08-24T15:28:14.399Z","license":"CC BY 4.0","source_date":"2015-04","reference_date":"2015-04"},"notes":"Official route geometry and source-date status. The source does not identify physical separation or comfort class.","official_fields":{"区間番号":"墨5","道路種別":"区市道","整備状況":"未整備","建設事務所":"第五建設事務所","エリア":"浅草・東京スカイツリー周辺"}}},{"type":"Feature","geometry":{"type":"LineString","coordinates":[[139.80278680555554,35.69720913888889],[139.80207438888888,35.697167444444446],[139.80146191666665,35.69713411111111],[139.80082447222222,35.69710077777778],[139.8007245,35.69709244444444],[139.8004495,35.697075777777776],[139.80013705555555,35.69705911111111],[139.79981205555555,35.69703411111111],[139.79946208333334,35.69701741666667],[139.7993371111111,35.697009083333334],[139.7988496388889,35.696984083333334],[139.79826219444445,35.69695075],[139.79816219444444,35.696942416666666],[139.79796222222222,35.69693408333333],[139.79788722222222,35.69692575],[139.79751225,35.69690908333333]]},"properties":{"id":"tokyo-metropolitan-recommended-075","name":"東京都自転車推奨ルート 墨6","reference_type":"recommended_route","status":"planned","source":{"name":"東京都建設局","url":"https://catalog.data.metro.tokyo.lg.jp/dataset/t000014d0000000026","retrieved_at":"2026-08-24T15:28:14.399Z","license":"CC BY 4.0","source_date":"2015-04","reference_date":"2015-04"},"notes":"Official route geometry and source-date status. The source does not identify physical separation or comfort class.","official_fields":{"区間番号":"墨6","道路種別":"区市道","整備状況":"未整備","建設事務所":"第五建設事務所","エリア":"浅草・東京スカイツリー周辺"}}},{"type":"Feature","geometry":{"type":"LineString","coordinates":[[139.75180477777778,35.67015280555555],[139.75161733333334,35.66973619444445]]},"properties":{"id":"tokyo-metropolitan-recommended-076","name":"東京都自転車推奨ルート 港5","reference_type":"recommended_route","status":"planned","source":{"name":"東京都建設局","url":"https://catalog.data.metro.tokyo.lg.jp/dataset/t000014d0000000026","retrieved_at":"2026-08-24T15:28:14.399Z","license":"CC BY 4.0","source_date":"2015-04","reference_date":"2015-04"},"notes":"Official route geometry and source-date status. The source does not identify physical separation or comfort class.","official_fields":{"区間番号":"港5","道路種別":"都道","整備状況":"未整備","建設事務所":"第一建設事務所","エリア":"皇居周辺"}}},{"type":"Feature","geometry":{"type":"LineString","coordinates":[[139.75354883333333,35.67769777777778],[139.75286433333332,35.67670722222222],[139.751541,35.67470591666667],[139.75050430555555,35.67304213888889],[139.74991608333335,35.67158491666667],[139.74935894444445,35.670411888888886]]},"properties":{"id":"tokyo-metropolitan-recommended-077","name":"東京都自転車推奨ルート 千11","reference_type":"recommended_route","status":"built","source":{"name":"東京都建設局","url":"https://catalog.data.metro.tokyo.lg.jp/dataset/t000014d0000000026","retrieved_at":"2026-08-24T15:28:14.399Z","license":"CC BY 4.0","source_date":"2015-04","reference_date":"2015-04"},"notes":"Official route geometry and source-date status. The source does not identify physical separation or comfort class.","official_fields":{"区間番号":"千11","道路種別":"国道","整備状況":"整備済","建設事務所":"第一建設事務所","エリア":"皇居周辺"}}},{"type":"Feature","geometry":{"type":"LineString","coordinates":[[139.76309063888888,35.68533469444444],[139.76571872222223,35.68475738888889]]},"properties":{"id":"tokyo-metropolitan-recommended-078","name":"東京都自転車推奨ルート 千8","reference_type":"recommended_route","status":"planned","source":{"name":"東京都建設局","url":"https://catalog.data.metro.tokyo.lg.jp/dataset/t000014d0000000026","retrieved_at":"2026-08-24T15:28:14.399Z","license":"CC BY 4.0","source_date":"2015-04","reference_date":"2015-04"},"notes":"Official route geometry and source-date status. The source does not identify physical separation or comfort class.","official_fields":{"区間番号":"千8","道路種別":"国道","整備状況":"未整備","建設事務所":"第一建設事務所","エリア":"皇居周辺"}}},{"type":"Feature","geometry":{"type":"LineString","coordinates":[[139.76571872222223,35.68475738888889],[139.76784858333335,35.6842925],[139.7698768888889,35.68386227777778],[139.77087291666666,35.6836325]]},"properties":{"id":"tokyo-metropolitan-recommended-079","name":"東京都自転車推奨ルート 千20","reference_type":"recommended_route","status":"planned","source":{"name":"東京都建設局","url":"https://catalog.data.metro.tokyo.lg.jp/dataset/t000014d0000000026","retrieved_at":"2026-08-24T15:28:14.399Z","license":"CC BY 4.0","source_date":"2015-04","reference_date":"2015-04"},"notes":"Official route geometry and source-date status. The source does not identify physical separation or comfort class.","official_fields":{"区間番号":"千20","道路種別":"国道","整備状況":"未整備","建設事務所":"第一建設事務所","エリア":"皇居周辺"}}},{"type":"Feature","geometry":{"type":"LineString","coordinates":[[139.77087291666666,35.6836325],[139.77139819444446,35.68347363888889],[139.77253558333334,35.68301886111111],[139.77372025,35.682537805555555]]},"properties":{"id":"tokyo-metropolitan-recommended-080","name":"東京都自転車推奨ルート 中26","reference_type":"recommended_route","status":"planned","source":{"name":"東京都建設局","url":"https://catalog.data.metro.tokyo.lg.jp/dataset/t000014d0000000026","retrieved_at":"2026-08-24T15:28:14.399Z","license":"CC BY 4.0","source_date":"2015-04","reference_date":"2015-04"},"notes":"Official route geometry and source-date status. The source does not identify physical separation or comfort class.","official_fields":{"区間番号":"中26","道路種別":"国道","整備状況":"未整備","建設事務所":"第一建設事務所","エリア":"皇居周辺"}}},{"type":"Feature","geometry":{"type":"LineString","coordinates":[[139.75583430555557,35.67673313888889],[139.7535907222222,35.67769094444444]]},"properties":{"id":"tokyo-metropolitan-recommended-081","name":"東京都自転車推奨ルート 千19","reference_type":"recommended_route","status":"planned","source":{"name":"東京都建設局","url":"https://catalog.data.metro.tokyo.lg.jp/dataset/t000014d0000000026","retrieved_at":"2026-08-24T15:28:14.399Z","license":"CC BY 4.0","source_date":"2015-04","reference_date":"2015-04"},"notes":"Official route geometry and source-date status. The source does not identify physical separation or comfort class.","official_fields":{"区間番号":"千19","道路種別":"国道","整備状況":"未整備","建設事務所":"第一建設事務所","エリア":"皇居周辺"}}},{"type":"Feature","geometry":{"type":"LineString","coordinates":[[139.74935894444445,35.670411888888886],[139.7493425,35.67032775],[139.74919252777778,35.67006108333333],[139.74909252777778,35.669869444444444],[139.74894255555554,35.66962780555556],[139.74874258333332,35.66931116666667],[139.7485676111111,35.66902786111111],[139.7484551388889,35.66884455555556],[139.74754280555555,35.666828083333336],[139.74746780555554,35.66666144444444],[139.74738033333333,35.666486444444445],[139.74691791666666,35.66541988888889],[139.74681794444444,35.66518658333333],[139.74679294444445,35.665136583333336],[139.7466679722222,35.66487827777778],[139.7465679722222,35.66466163888889],[139.746493,35.664503305555556],[139.746418,35.664386666666665],[139.74630552777776,35.66426166666667],[139.74589308333333,35.66383669444444],[139.74529316666667,35.66321175],[139.74495569444446,35.66284513888889],[139.7447432222222,35.66261183333334],[139.74458075,35.662445166666664],[139.74448075,35.6623285],[139.74414330555555,35.66194522222222],[139.74403080555555,35.66181188888889],[139.7436808611111,35.66134527777778],[139.74324655555554,35.66076758333333],[139.74308613888888,35.660428083333336],[139.7430115,35.66023116666667],[139.7429508611111,35.65991888888889]]},"properties":{"id":"tokyo-metropolitan-recommended-082","name":"東京都自転車推奨ルート 港14","reference_type":"recommended_route","status":"planned","source":{"name":"東京都建設局","url":"https://catalog.data.metro.tokyo.lg.jp/dataset/t000014d0000000026","retrieved_at":"2026-08-24T15:28:14.399Z","license":"CC BY 4.0","source_date":"2015-04","reference_date":"2015-04"},"notes":"Official route geometry and source-date status. The source does not identify physical separation or comfort class.","official_fields":{"区間番号":"港14","道路種別":"国道","整備状況":"未整備","建設事務所":"第一建設事務所","エリア":"皇居周辺"}}},{"type":"Feature","geometry":{"type":"LineString","coordinates":[[139.75472347222222,35.656829],[139.75499641666667,35.658811916666664],[139.75517202777777,35.66020391666667],[139.75527552777777,35.660444],[139.75632444444443,35.661658027777776],[139.75787272222223,35.66352125],[139.75972044444444,35.66578061111111],[139.76031675,35.66652],[139.76041675,35.666578333333334],[139.76054172222223,35.66662],[139.76065422222223,35.666628333333335]]},"properties":{"id":"tokyo-metropolitan-recommended-083","name":"東京都自転車推奨ルート 港15","reference_type":"recommended_route","status":"planned","source":{"name":"東京都建設局","url":"https://catalog.data.metro.tokyo.lg.jp/dataset/t000014d0000000026","retrieved_at":"2026-08-24T15:28:14.399Z","license":"CC BY 4.0","source_date":"2015-04","reference_date":"2015-04"},"notes":"Official route geometry and source-date status. The source does not identify physical separation or comfort class.","official_fields":{"区間番号":"港15","道路種別":"国道","整備状況":"未整備","建設事務所":"第一建設事務所","エリア":"皇居周辺"}}},{"type":"Feature","geometry":{"type":"LineString","coordinates":[[139.8374362222222,35.64758172222222],[139.8370617777778,35.64757627777778],[139.83530763888888,35.64742202777778],[139.83375844444444,35.64727611111111],[139.83004075,35.646914333333335],[139.8256435,35.64648994444445],[139.825506,35.64647747222222],[139.82149313888888,35.64608511111111],[139.81791408333333,35.645753222222226],[139.81748980555557,35.64567425],[139.8171027777778,35.64558916666667],[139.81684227777777,35.645528416666664],[139.81637555555557,35.64539825],[139.81515069444444,35.64506075],[139.81390080555556,35.64463994444444],[139.81283216666668,35.644289972222225],[139.81262591666666,35.64423997222222],[139.81214472222223,35.64407747222222],[139.8105386388889,35.643548333333335],[139.80946375,35.643206694444444],[139.805605,35.64195102777778],[139.80390116666666,35.64137],[139.80245627777776,35.64083713888889],[139.80117655555554,35.640275055555556],[139.79997038888888,35.6396755],[139.79859513888889,35.63891075],[139.79719625,35.63819869444445]]},"properties":{"id":"tokyo-metropolitan-recommended-084","name":"東京都自転車推奨ルート 東40","reference_type":"recommended_route","status":"planned","source":{"name":"東京都建設局","url":"https://catalog.data.metro.tokyo.lg.jp/dataset/t000014d0000000026","retrieved_at":"2026-08-24T15:28:14.399Z","license":"CC BY 4.0","source_date":"2015-04","reference_date":"2015-04"},"notes":"Official route geometry and source-date status. The source does not identify physical separation or comfort class.","official_fields":{"区間番号":"東40","道路種別":"国道","整備状況":"未整備","建設事務所":"第五建設事務所","エリア":"臨海部周辺"}}},{"type":"Feature","geometry":{"type":"LineString","coordinates":[[139.73614722222223,35.59114430555555],[139.73608475,35.59102766666667],[139.73604725,35.590936],[139.73594733333334,35.589594472222224],[139.73592233333332,35.589327833333336],[139.7359098611111,35.588602916666666],[139.7358973888889,35.58829461111111],[139.73585988888888,35.58802797222222]]},"properties":{"id":"tokyo-metropolitan-recommended-085","name":"東京都自転車推奨ルート 品2","reference_type":"recommended_route","status":"planned","source":{"name":"東京都建設局","url":"https://catalog.data.metro.tokyo.lg.jp/dataset/t000014d0000000026","retrieved_at":"2026-08-24T15:28:14.399Z","license":"CC BY 4.0","source_date":"2015-04","reference_date":"2015-04"},"notes":"Official route geometry and source-date status. The source does not identify physical separation or comfort class.","official_fields":{"区間番号":"品2","道路種別":"国道","整備状況":"未整備","建設事務所":"第二建設事務所","エリア":"大井ふ頭中央海浜公園周辺"}}},{"type":"Feature","geometry":{"type":"LineString","coordinates":[[139.73585988888888,35.58802797222222],[139.73585366666666,35.58724472222222],[139.73590755555554,35.58664105555555],[139.73606669444445,35.58574127777778],[139.73630805555555,35.58439475]]},"properties":{"id":"tokyo-metropolitan-recommended-086","name":"東京都自転車推奨ルート 大5","reference_type":"recommended_route","status":"planned","source":{"name":"東京都建設局","url":"https://catalog.data.metro.tokyo.lg.jp/dataset/t000014d0000000026","retrieved_at":"2026-08-24T15:28:14.399Z","license":"CC BY 4.0","source_date":"2015-04","reference_date":"2015-04"},"notes":"Official route geometry and source-date status. The source does not identify physical separation or comfort class.","official_fields":{"区間番号":"大5","道路種別":"国道","整備状況":"未整備","建設事務所":"第二建設事務所","エリア":"大井ふ頭中央海浜公園周辺"}}},{"type":"Feature","geometry":{"type":"LineString","coordinates":[[139.71254713888888,35.665155],[139.71257702777777,35.665181805555555],[139.71489033333333,35.66777813888889],[139.71593908333332,35.66906897222222],[139.71597655555556,35.66911477777778],[139.71661858333334,35.66984902777778],[139.71673361111112,35.66994072222222],[139.71685441666668,35.670020666666666],[139.71701394444443,35.67012302777778]]},"properties":{"id":"tokyo-metropolitan-recommended-087","name":"東京都自転車推奨ルート 港16-1","reference_type":"recommended_route","status":"planned","source":{"name":"東京都建設局","url":"https://catalog.data.metro.tokyo.lg.jp/dataset/t000014d0000000026","retrieved_at":"2026-08-24T15:28:14.399Z","license":"CC BY 4.0","source_date":"2015-04","reference_date":"2015-04"},"notes":"Official route geometry and source-date status. The source does not identify physical separation or comfort class.","official_fields":{"区間番号":"港16-1","道路種別":"国道","整備状況":"未整備","建設事務所":"第一建設事務所","エリア":"国立競技場周辺"}}},{"type":"Feature","geometry":{"type":"LineString","coordinates":[[139.7891752222222,35.70157091666667],[139.78943319444446,35.70192052777778],[139.78961105555555,35.702108],[139.7901251111111,35.70255],[139.79020011111112,35.7026],[139.79033758333333,35.70271666666667],[139.79080002777778,35.703074972222225],[139.791,35.703249944444444],[139.79131247222222,35.70350825],[139.79176241666667,35.703883222222224],[139.7919498888889,35.70403322222222],[139.7921748611111,35.70422486111111],[139.79262480555556,35.70459983333333],[139.79281230555554,35.70475813888889],[139.7933622222222,35.70520811111111],[139.79371216666667,35.70551641666667],[139.79383716666666,35.70563308333333],[139.79451208333333,35.70642466666666],[139.794962,35.70702461111111],[139.7951869722222,35.70734958333333],[139.79551191666667,35.70784119444444],[139.79556191666666,35.707916194444444],[139.7956868888889,35.70809116666667],[139.79616183333334,35.708824444444446],[139.7965242777778,35.70913275],[139.79696172222222,35.70957438888889],[139.79708672222222,35.70974102777778],[139.79721169444446,35.70993266666667],[139.7977366111111,35.71072427777778],[139.798499,35.71166586111111],[139.79894894444445,35.71221580555556],[139.79913641666667,35.71241577777778],[139.79938638888888,35.712657416666666],[139.7995238611111,35.71276575],[139.7995738611111,35.71281575],[139.79976133333332,35.71296572222222],[139.79984883333333,35.71304905555556],[139.8006237222222,35.713757333333334],[139.80097369444445,35.714165638888886],[139.80118613888888,35.714415583333334],[139.80151111111113,35.714798888888886],[139.80183605555555,35.71510719444444]]},"properties":{"id":"tokyo-metropolitan-recommended-088","name":"東京都自転車推奨ルート 台9","reference_type":"recommended_route","status":"planned","source":{"name":"東京都建設局","url":"https://catalog.data.metro.tokyo.lg.jp/dataset/t000014d0000000026","retrieved_at":"2026-08-24T15:28:14.399Z","license":"CC BY 4.0","source_date":"2015-04","reference_date":"2015-04"},"notes":"Official route geometry and source-date status. The source does not identify physical separation or comfort class.","official_fields":{"区間番号":"台9","道路種別":"国道","整備状況":"未整備","建設事務所":"第六建設事務所","エリア":"浅草・東京スカイツリー周辺"}}},{"type":"Feature","geometry":{"type":"LineString","coordinates":[[139.7612515,35.68569491666667],[139.76106558333333,35.68538647222222],[139.7607366388889,35.68493616666667],[139.76053033333332,35.68462372222222],[139.76046969444445,35.68450966666666],[139.76000308333334,35.68312136111111],[139.75982713888888,35.68284363888889],[139.75958225,35.68247136111111],[139.75911316666668,35.681755305555555],[139.75767775,35.67951686111111]]},"properties":{"id":"tokyo-metropolitan-recommended-089","name":"東京都自転車推奨ルート 千10-1","reference_type":"recommended_route","status":"built","source":{"name":"東京都建設局","url":"https://catalog.data.metro.tokyo.lg.jp/dataset/t000014d0000000026","retrieved_at":"2026-08-24T15:28:14.399Z","license":"CC BY 4.0","source_date":"2015-04","reference_date":"2015-04"},"notes":"Official route geometry and source-date status. The source does not identify physical separation or comfort class.","official_fields":{"区間番号":"千10-1","道路種別":"都道","整備状況":"整備済","建設事務所":"第一建設事務所","エリア":"皇居周辺"}}},{"type":"Feature","geometry":{"type":"LineString","coordinates":[[139.7781219722222,35.676661555555555],[139.77737661111112,35.67544897222222],[139.7768702777778,35.67461561111111]]},"properties":{"id":"tokyo-metropolitan-recommended-090","name":"東京都自転車推奨ルート 中16-1","reference_type":"recommended_route","status":"built","source":{"name":"東京都建設局","url":"https://catalog.data.metro.tokyo.lg.jp/dataset/t000014d0000000026","retrieved_at":"2026-08-24T15:28:14.399Z","license":"CC BY 4.0","source_date":"2015-04","reference_date":"2015-04"},"notes":"Official route geometry and source-date status. The source does not identify physical separation or comfort class.","official_fields":{"区間番号":"中16-1","道路種別":"都道","整備状況":"整備済","建設事務所":"第一建設事務所","エリア":"皇居周辺"}}},{"type":"Feature","geometry":{"type":"LineString","coordinates":[[139.78017225,35.679941666666664],[139.77949566666666,35.678855166666665],[139.77903966666668,35.67813575],[139.77850225,35.677252527777775],[139.77815230555555,35.67671088888889],[139.7781219722222,35.676661555555555]]},"properties":{"id":"tokyo-metropolitan-recommended-091","name":"東京都自転車推奨ルート 中29","reference_type":"recommended_route","status":"built","source":{"name":"東京都建設局","url":"https://catalog.data.metro.tokyo.lg.jp/dataset/t000014d0000000026","retrieved_at":"2026-08-24T15:28:14.399Z","license":"CC BY 4.0","source_date":"2015-04","reference_date":"2015-04"},"notes":"Official route geometry and source-date status. The source does not identify physical separation or comfort class.","official_fields":{"区間番号":"中29","道路種別":"都道","整備状況":"整備済","建設事務所":"第一建設事務所","エリア":"皇居周辺"}}},{"type":"Feature","geometry":{"type":"LineString","coordinates":[[139.7757340277778,35.68162066666667],[139.77510025,35.68059402777778],[139.7746603611111,35.67988719444445],[139.77463877777777,35.6798525],[139.7746371388889,35.67984986111111],[139.77382391666666,35.678535333333336]]},"properties":{"id":"tokyo-metropolitan-recommended-092","name":"東京都自転車推奨ルート 中28","reference_type":"recommended_route","status":"built","source":{"name":"東京都建設局","url":"https://catalog.data.metro.tokyo.lg.jp/dataset/t000014d0000000026","retrieved_at":"2026-08-24T15:28:14.399Z","license":"CC BY 4.0","source_date":"2015-04","reference_date":"2015-04"},"notes":"Official route geometry and source-date status. The source does not identify physical separation or comfort class.","official_fields":{"区間番号":"中28","道路種別":"都道","整備状況":"整備済","建設事務所":"第一建設事務所","エリア":"皇居周辺"}}},{"type":"Feature","geometry":{"type":"LineString","coordinates":[[139.77382391666666,35.678535333333336],[139.7730491111111,35.677274555555556],[139.77248872222222,35.67638597222222],[139.77150425,35.674776916666666],[139.7709037777778,35.67386625],[139.7708535,35.67379483333333],[139.77016366666666,35.67298672222222],[139.76736516666668,35.66993380555556],[139.76700919444446,35.66953630555555],[139.76684036111112,35.6693665],[139.76614333333333,35.66878280555556],[139.76498772222223,35.66783547222222],[139.76490380555555,35.667819944444446],[139.7644913611111,35.66746997222222],[139.7641788888889,35.667228333333334],[139.76404141666666,35.667136666666664],[139.763329,35.66675336111111],[139.76312902777778,35.66666172222222],[139.76294152777777,35.666595055555554],[139.76275833333332,35.66656288888889]]},"properties":{"id":"tokyo-metropolitan-recommended-093","name":"東京都自転車推奨ルート 中15-1","reference_type":"recommended_route","status":"built","source":{"name":"東京都建設局","url":"https://catalog.data.metro.tokyo.lg.jp/dataset/t000014d0000000026","retrieved_at":"2026-08-24T15:28:14.399Z","license":"CC BY 4.0","source_date":"2015-04","reference_date":"2015-04"},"notes":"Official route geometry and source-date status. The source does not identify physical separation or comfort class.","official_fields":{"区間番号":"中15-1","道路種別":"都道","整備状況":"整備済","建設事務所":"第一建設事務所","エリア":"皇居周辺"}}},{"type":"Feature","geometry":{"type":"LineString","coordinates":[[139.76275833333332,35.66656288888889],[139.76270405555556,35.666553388888886],[139.76256655555557,35.66653672222222],[139.76221658333333,35.66652002777778],[139.76152916666666,35.66649502777778],[139.76129166666666,35.666511694444445],[139.76109169444445,35.666536694444446],[139.76091669444443,35.66658666666667],[139.76065422222223,35.666628333333335],[139.76056672222222,35.66666166666667]]},"properties":{"id":"tokyo-metropolitan-recommended-094","name":"東京都自転車推奨ルート 港40","reference_type":"recommended_route","status":"built","source":{"name":"東京都建設局","url":"https://catalog.data.metro.tokyo.lg.jp/dataset/t000014d0000000026","retrieved_at":"2026-08-24T15:28:14.399Z","license":"CC BY 4.0","source_date":"2015-04","reference_date":"2015-04"},"notes":"Official route geometry and source-date status. The source does not identify physical separation or comfort class.","official_fields":{"区間番号":"港40","道路種別":"都道","整備状況":"整備済","建設事務所":"第一建設事務所","エリア":"皇居周辺"}}},{"type":"Feature","geometry":{"type":"LineString","coordinates":[[139.76056672222222,35.66666166666667],[139.7603917222222,35.666736666666665],[139.76006675,35.66686997222222],[139.75982927777778,35.66695327777778],[139.75936680555554,35.66711158333333],[139.75890433333333,35.66726988888889],[139.7585418611111,35.66738655555555],[139.75759091666666,35.66768041666667],[139.75509219444444,35.668490416666664],[139.75168575,35.669615944444445],[139.74935894444445,35.670411888888886]]},"properties":{"id":"tokyo-metropolitan-recommended-095","name":"東京都自転車推奨ルート 港39","reference_type":"recommended_route","status":"built","source":{"name":"東京都建設局","url":"https://catalog.data.metro.tokyo.lg.jp/dataset/t000014d0000000026","retrieved_at":"2026-08-24T15:28:14.399Z","license":"CC BY 4.0","source_date":"2015-04","reference_date":"2015-04"},"notes":"Official route geometry and source-date status. The source does not identify physical separation or comfort class.","official_fields":{"区間番号":"港39","道路種別":"都道","整備状況":"整備済","建設事務所":"第一建設事務所","エリア":"皇居周辺"}}},{"type":"Feature","geometry":{"type":"LineString","coordinates":[[139.74580355555557,35.67033022222222],[139.74590083333334,35.67014363888889],[139.74607430555557,35.66996275],[139.74663627777778,35.669527611111114],[139.74689644444445,35.669338305555556],[139.7471323611111,35.66911502777778],[139.747606,35.66853402777778],[139.74790102777777,35.66813472222222],[139.74803597222223,35.66792541666667]]},"properties":{"id":"tokyo-metropolitan-recommended-096","name":"東京都自転車推奨ルート 港38","reference_type":"recommended_route","status":"built","source":{"name":"東京都建設局","url":"https://catalog.data.metro.tokyo.lg.jp/dataset/t000014d0000000026","retrieved_at":"2026-08-24T15:28:14.399Z","license":"CC BY 4.0","source_date":"2015-04","reference_date":"2015-04"},"notes":"Official route geometry and source-date status. The source does not identify physical separation or comfort class.","official_fields":{"区間番号":"港38","道路種別":"都道","整備状況":"整備済","建設事務所":"第一建設事務所","エリア":"皇居周辺"}}},{"type":"Feature","geometry":{"type":"LineString","coordinates":[[139.74580355555557,35.67033022222222],[139.74637544444445,35.67027638888889],[139.74678308333333,35.670240472222225],[139.74725169444446,35.67023855555556],[139.74770916666668,35.6702615],[139.74827191666665,35.670388611111115],[139.7486267222222,35.670499722222225],[139.7488346388889,35.67053608333333],[139.74909252777778,35.67051813888889],[139.74935894444445,35.670411888888886]]},"properties":{"id":"tokyo-metropolitan-recommended-097","name":"東京都自転車推奨ルート 港37-1","reference_type":"recommended_route","status":"built","source":{"name":"東京都建設局","url":"https://catalog.data.metro.tokyo.lg.jp/dataset/t000014d0000000026","retrieved_at":"2026-08-24T15:28:14.399Z","license":"CC BY 4.0","source_date":"2015-04","reference_date":"2015-04"},"notes":"Official route geometry and source-date status. The source does not identify physical separation or comfort class.","official_fields":{"区間番号":"港37-1","道路種別":"都道","整備状況":"整備済","建設事務所":"第一建設事務所","エリア":"皇居周辺"}}},{"type":"Feature","geometry":{"type":"LineString","coordinates":[[139.75396211111112,35.67371722222222],[139.75477122222222,35.674938833333336],[139.75586488888888,35.67663644444445]]},"properties":{"id":"tokyo-metropolitan-recommended-098","name":"東京都自転車推奨ルート 千2-1","reference_type":"recommended_route","status":"built","source":{"name":"東京都建設局","url":"https://catalog.data.metro.tokyo.lg.jp/dataset/t000014d0000000026","retrieved_at":"2026-08-24T15:28:14.399Z","license":"CC BY 4.0","source_date":"2015-04","reference_date":"2015-04"},"notes":"Official route geometry and source-date status. The source does not identify physical separation or comfort class.","official_fields":{"区間番号":"千2-1","道路種別":"都道","整備状況":"整備済","建設事務所":"第一建設事務所","エリア":"皇居周辺"}}},{"type":"Feature","geometry":{"type":"LineString","coordinates":[[139.75008011111112,35.66604488888889],[139.75040508333333,35.666053222222224],[139.75053008333333,35.66604488888889],[139.75065508333333,35.66601988888889],[139.75085505555555,35.66596991666667],[139.75134252777778,35.66580325],[139.75178,35.66566161111111],[139.75212997222224,35.66554497222222],[139.75247994444445,35.66542833333333],[139.75287991666667,35.665295],[139.75332988888889,35.66513669444444],[139.75346738888888,35.66508669444445],[139.7537798611111,35.66497838888889],[139.75404233333333,35.664870083333334],[139.75436733333333,35.66472841666667],[139.75472980555554,35.66459511111111],[139.7557098888889,35.66426013888889],[139.75736566666666,35.66372622222222],[139.75755127777776,35.663674916666665],[139.7576691111111,35.6636495],[139.75786397222222,35.663629416666666]]},"properties":{"id":"tokyo-metropolitan-recommended-099","name":"東京都自転車推奨ルート 港41","reference_type":"recommended_route","status":"built","source":{"name":"東京都建設局","url":"https://catalog.data.metro.tokyo.lg.jp/dataset/t000014d0000000026","retrieved_at":"2026-08-24T15:28:14.399Z","license":"CC BY 4.0","source_date":"2015-04","reference_date":"2015-04"},"notes":"Official route geometry and source-date status. The source does not identify physical separation or comfort class.","official_fields":{"区間番号":"港41","道路種別":"都道","整備状況":"整備済","建設事務所":"第一建設事務所","エリア":"皇居周辺"}}},{"type":"Feature","geometry":{"type":"LineString","coordinates":[[139.77943808333333,35.66053341666667],[139.78045908333334,35.66124175],[139.78244633333333,35.66267497222222],[139.78343997222223,35.663387416666666],[139.78444983333333,35.66410175]]},"properties":{"id":"tokyo-metropolitan-recommended-100","name":"東京都自転車推奨ルート 中7","reference_type":"recommended_route","status":"built","source":{"name":"東京都建設局","url":"https://catalog.data.metro.tokyo.lg.jp/dataset/t000014d0000000026","retrieved_at":"2026-08-24T15:28:14.399Z","license":"CC BY 4.0","source_date":"2015-04","reference_date":"2015-04"},"notes":"Official route geometry and source-date status. The source does not identify physical separation or comfort class.","official_fields":{"区間番号":"中7","道路種別":"都道","整備状況":"整備済","建設事務所":"第一建設事務所","エリア":"臨海部周辺"}}},{"type":"Feature","geometry":{"type":"LineString","coordinates":[[139.78444983333333,35.66410175],[139.78487425,35.66440536111111]]},"properties":{"id":"tokyo-metropolitan-recommended-101","name":"東京都自転車推奨ルート 中8","reference_type":"recommended_route","status":"built","source":{"name":"東京都建設局","url":"https://catalog.data.metro.tokyo.lg.jp/dataset/t000014d0000000026","retrieved_at":"2026-08-24T15:28:14.399Z","license":"CC BY 4.0","source_date":"2015-04","reference_date":"2015-04"},"notes":"Official route geometry and source-date status. The source does not identify physical separation or comfort class.","official_fields":{"区間番号":"中8","道路種別":"都道","整備状況":"整備済","建設事務所":"第一建設事務所","エリア":"臨海部周辺"}}},{"type":"Feature","geometry":{"type":"LineString","coordinates":[[139.77992766666668,35.63935272222222],[139.78023941666666,35.638112472222225]]},"properties":{"id":"tokyo-metropolitan-recommended-102","name":"東京都自転車推奨ルート 東22-2","reference_type":"recommended_route","status":"built","source":{"name":"東京都建設局","url":"https://catalog.data.metro.tokyo.lg.jp/dataset/t000014d0000000026","retrieved_at":"2026-08-24T15:28:14.399Z","license":"CC BY 4.0","source_date":"2015-04","reference_date":"2015-04"},"notes":"Official route geometry and source-date status. The source does not identify physical separation or comfort class.","official_fields":{"区間番号":"東22-2","道路種別":"都道","整備状況":"整備済","建設事務所":"第五建設事務所","エリア":"臨海部周辺"}}},{"type":"Feature","geometry":{"type":"LineString","coordinates":[[139.8013828611111,35.64966002777778],[139.80140161111112,35.64960586111111],[139.80160791666665,35.64810602777778],[139.80170794444444,35.647347777777775],[139.80193925,35.645631305555554],[139.80223308333333,35.64363986111111],[139.80229558333335,35.64323158333333],[139.8024393611111,35.64212336111111],[139.80256441666666,35.64125261111111]]},"properties":{"id":"tokyo-metropolitan-recommended-103","name":"東京都自転車推奨ルート 東2","reference_type":"recommended_route","status":"built","source":{"name":"東京都建設局","url":"https://catalog.data.metro.tokyo.lg.jp/dataset/t000014d0000000026","retrieved_at":"2026-08-24T15:28:14.399Z","license":"CC BY 4.0","source_date":"2015-04","reference_date":"2015-04"},"notes":"Official route geometry and source-date status. The source does not identify physical separation or comfort class.","official_fields":{"区間番号":"東2","道路種別":"都道","整備状況":"整備済","建設事務所":"第五建設事務所","エリア":"臨海部周辺"}}},{"type":"Feature","geometry":{"type":"LineString","coordinates":[[139.79250675,35.643832777777774],[139.79505880555556,35.64064838888889]]},"properties":{"id":"tokyo-metropolitan-recommended-104","name":"東京都自転車推奨ルート 東5-3","reference_type":"recommended_route","status":"built","source":{"name":"東京都建設局","url":"https://catalog.data.metro.tokyo.lg.jp/dataset/t000014d0000000026","retrieved_at":"2026-08-24T15:28:14.399Z","license":"CC BY 4.0","source_date":"2015-04","reference_date":"2015-04"},"notes":"Official route geometry and source-date status. The source does not identify physical separation or comfort class.","official_fields":{"区間番号":"東5-3","道路種別":"都道","整備状況":"整備済","建設事務所":"第五建設事務所","エリア":"臨海部周辺"}}},{"type":"Feature","geometry":{"type":"LineString","coordinates":[[139.79505880555556,35.64064838888889],[139.79554008333332,35.64005436111111],[139.79650319444445,35.63885669444444],[139.79672125,35.63859447222222]]},"properties":{"id":"tokyo-metropolitan-recommended-105","name":"東京都自転車推奨ルート 東5-1","reference_type":"recommended_route","status":"built","source":{"name":"東京都建設局","url":"https://catalog.data.metro.tokyo.lg.jp/dataset/t000014d0000000026","retrieved_at":"2026-08-24T15:28:14.399Z","license":"CC BY 4.0","source_date":"2015-04","reference_date":"2015-04"},"notes":"Official route geometry and source-date status. The source does not identify physical separation or comfort class.","official_fields":{"区間番号":"東5-1","道路種別":"都道","整備状況":"整備済","建設事務所":"第五建設事務所","エリア":"臨海部周辺"}}},{"type":"Feature","geometry":{"type":"LineString","coordinates":[[139.7474286111111,35.70325752777778],[139.74903408333333,35.70321911111111],[139.7505346111111,35.70312008333333],[139.75102208333334,35.703082611111114],[139.7519470277778,35.70298263888889],[139.75353777777778,35.70285283333333],[139.75376975,35.70281697222222],[139.75434425,35.70266877777778],[139.75543355555556,35.70236788888889]]},"properties":{"id":"tokyo-metropolitan-recommended-106","name":"東京都自転車推奨ルート 文5","reference_type":"recommended_route","status":"built","source":{"name":"東京都建設局","url":"https://catalog.data.metro.tokyo.lg.jp/dataset/t000014d0000000026","retrieved_at":"2026-08-24T15:28:14.399Z","license":"CC BY 4.0","source_date":"2015-04","reference_date":"2015-04"},"notes":"Official route geometry and source-date status. The source does not identify physical separation or comfort class.","official_fields":{"区間番号":"文5","道路種別":"都道","整備状況":"整備済","建設事務所":"第六建設事務所","エリア":"浅草・東京スカイツリー周辺"}}},{"type":"Feature","geometry":{"type":"LineString","coordinates":[[139.77817566666667,35.712165444444445],[139.7784881388889,35.71208211111111],[139.7789256111111,35.71199880555555],[139.77921308333333,35.711940472222224],[139.77966305555555,35.71185716666667],[139.78006302777777,35.711782166666666],[139.78012552777778,35.71176552777778],[139.7806755,35.711665527777775],[139.78152541666665,35.71152388888889],[139.7820628888889,35.71142391666667],[139.78305030555555,35.71124894444444],[139.78357527777777,35.71114897222222],[139.78393775,35.711090666666664],[139.78460019444444,35.710974],[139.78498766666667,35.71089902777778],[139.78511263888888,35.71088236111111],[139.78591258333333,35.710732388888886],[139.78632505555555,35.71065741666666],[139.78688752777776,35.710574083333334]]},"properties":{"id":"tokyo-metropolitan-recommended-107","name":"東京都自転車推奨ルート 台22","reference_type":"recommended_route","status":"built","source":{"name":"東京都建設局","url":"https://catalog.data.metro.tokyo.lg.jp/dataset/t000014d0000000026","retrieved_at":"2026-08-24T15:28:14.399Z","license":"CC BY 4.0","source_date":"2015-04","reference_date":"2015-04"},"notes":"Official route geometry and source-date status. The source does not identify physical separation or comfort class.","official_fields":{"区間番号":"台22","道路種別":"都道","整備状況":"整備済","建設事務所":"第六建設事務所","エリア":"浅草・東京スカイツリー周辺"}}},{"type":"Feature","geometry":{"type":"LineString","coordinates":[[139.79143091666666,35.70967011111111],[139.79149966666665,35.70965761111111],[139.79224961111112,35.709482638888886],[139.7924996111111,35.709415972222224],[139.79284958333332,35.70933266666667],[139.79309955555556,35.70927433333333],[139.79352452777778,35.70919936111111],[139.7937245,35.709166027777776],[139.79433697222223,35.70907438888889],[139.7952243888889,35.708941083333336],[139.79616183333334,35.708824444444446]]},"properties":{"id":"tokyo-metropolitan-recommended-108","name":"東京都自転車推奨ルート 台23","reference_type":"recommended_route","status":"built","source":{"name":"東京都建設局","url":"https://catalog.data.metro.tokyo.lg.jp/dataset/t000014d0000000026","retrieved_at":"2026-08-24T15:28:14.399Z","license":"CC BY 4.0","source_date":"2015-04","reference_date":"2015-04"},"notes":"Official route geometry and source-date status. The source does not identify physical separation or comfort class.","official_fields":{"区間番号":"台23","道路種別":"都道","整備状況":"整備済","建設事務所":"第六建設事務所","エリア":"浅草・東京スカイツリー周辺"}}},{"type":"Feature","geometry":{"type":"LineString","coordinates":[[139.79264302777779,35.716052777777776],[139.79260125,35.715214027777776],[139.79258505555555,35.71502063888889],[139.79255741666665,35.71438441666667],[139.79244941666667,35.713778],[139.79223072222223,35.71258230555556],[139.79204830555557,35.71164486111111],[139.79200580555556,35.71142825],[139.79196166666668,35.71125802777778],[139.79169380555555,35.71046333333334],[139.79143091666666,35.70967011111111],[139.79113727777778,35.708353583333334]]},"properties":{"id":"tokyo-metropolitan-recommended-109","name":"東京都自転車推奨ルート 台21-2","reference_type":"recommended_route","status":"built","source":{"name":"東京都建設局","url":"https://catalog.data.metro.tokyo.lg.jp/dataset/t000014d0000000026","retrieved_at":"2026-08-24T15:28:14.399Z","license":"CC BY 4.0","source_date":"2015-04","reference_date":"2015-04"},"notes":"Official route geometry and source-date status. The source does not identify physical separation or comfort class.","official_fields":{"区間番号":"台21-2","道路種別":"都道","整備状況":"整備済","建設事務所":"第六建設事務所","エリア":"浅草・東京スカイツリー周辺"}}},{"type":"Feature","geometry":{"type":"LineString","coordinates":[[139.79113727777778,35.708353583333334],[139.79098108333332,35.707428666666665],[139.79076238888888,35.70609130555555],[139.79041875,35.70460813888889],[139.79026252777777,35.703958194444446],[139.7899813611111,35.70281663888889],[139.7899876388889,35.702508333333334]]},"properties":{"id":"tokyo-metropolitan-recommended-110","name":"東京都自転車推奨ルート 台21-3","reference_type":"recommended_route","status":"built","source":{"name":"東京都建設局","url":"https://catalog.data.metro.tokyo.lg.jp/dataset/t000014d0000000026","retrieved_at":"2026-08-24T15:28:14.399Z","license":"CC BY 4.0","source_date":"2015-04","reference_date":"2015-04"},"notes":"Official route geometry and source-date status. The source does not identify physical separation or comfort class.","official_fields":{"区間番号":"台21-3","道路種別":"都道","整備状況":"整備済","建設事務所":"第六建設事務所","エリア":"浅草・東京スカイツリー周辺"}}},{"type":"Feature","geometry":{"type":"LineString","coordinates":[[139.8136541111111,35.709049722222225],[139.8118605,35.708962194444446],[139.81106683333334,35.70892052777778],[139.81026691666668,35.708883],[139.80855455555556,35.708824666666665],[139.80682344444443,35.708720472222225],[139.80560480555556,35.70866211111111],[139.80436116666667,35.708587111111115],[139.803205,35.70852461111111],[139.80226133333332,35.708499583333335],[139.80219258333332,35.70849125],[139.8005615,35.70816625],[139.79883480555554,35.70779725],[139.79851169444444,35.70771627777778],[139.79851058333333,35.70771711111111],[139.79836169444445,35.70783291666667],[139.79827419444445,35.70785791666667]]},"properties":{"id":"tokyo-metropolitan-recommended-111","name":"東京都自転車推奨ルート 墨7","reference_type":"recommended_route","status":"built","source":{"name":"東京都建設局","url":"https://catalog.data.metro.tokyo.lg.jp/dataset/t000014d0000000026","retrieved_at":"2026-08-24T15:28:14.399Z","license":"CC BY 4.0","source_date":"2015-04","reference_date":"2015-04"},"notes":"Official route geometry and source-date status. The source does not identify physical separation or comfort class.","official_fields":{"区間番号":"墨7","道路種別":"都道","整備状況":"整備済","建設事務所":"第五建設事務所","エリア":"浅草・東京スカイツリー周辺"}}},{"type":"Feature","geometry":{"type":"LineString","coordinates":[[139.87233980555555,35.652216],[139.87234561111111,35.65226933333334],[139.87241430555557,35.65333588888889],[139.87250175,35.654389916666666],[139.87260166666667,35.65583977777778],[139.87283275,35.65920608333333],[139.87291394444443,35.66023930555556],[139.87292016666666,35.660393444444445],[139.87303883333334,35.66212661111111],[139.87310130555556,35.66300152777778]]},"properties":{"id":"tokyo-metropolitan-recommended-112","name":"東京都自転車推奨ルート 江62","reference_type":"recommended_route","status":"built","source":{"name":"東京都建設局","url":"https://catalog.data.metro.tokyo.lg.jp/dataset/t000014d0000000026","retrieved_at":"2026-08-24T15:28:14.399Z","license":"CC BY 4.0","source_date":"2015-04","reference_date":"2015-04"},"notes":"Official route geometry and source-date status. The source does not identify physical separation or comfort class.","official_fields":{"区間番号":"江62","道路種別":"都道","整備状況":"整備済","建設事務所":"第五建設事務所","エリア":"葛西臨海公園周辺"}}},{"type":"Feature","geometry":{"type":"LineString","coordinates":[[139.54872425,35.68184847222222],[139.5487023611111,35.68179383333333],[139.54829044444443,35.68085552777778],[139.54809625,35.680406472222224],[139.54720891666668,35.67834416666667],[139.54650905555556,35.67671516666667],[139.54580291666667,35.67508616666667],[139.54474686111112,35.67264475],[139.54454711111111,35.67215638888889],[139.54451316666666,35.672069638888885],[139.54447586111112,35.671954944444444],[139.54445319444446,35.67184483333333],[139.54442927777777,35.67167025],[139.54445866666666,35.671132666666665],[139.54460327777778,35.669736722222225],[139.54461966666668,35.669442333333336],[139.54445336111112,35.668066083333336]]},"properties":{"id":"tokyo-metropolitan-recommended-113","name":"東京都自転車推奨ルート 調4","reference_type":"recommended_route","status":"built","source":{"name":"東京都建設局","url":"https://catalog.data.metro.tokyo.lg.jp/dataset/t000014d0000000026","retrieved_at":"2026-08-24T15:28:14.399Z","license":"CC BY 4.0","source_date":"2015-04","reference_date":"2015-04"},"notes":"Official route geometry and source-date status. The source does not identify physical separation or comfort class.","official_fields":{"区間番号":"調4","道路種別":"都道","整備状況":"整備済","建設事務所":"北多摩南部建設事務所","エリア":"武蔵野の森周辺"}}},{"type":"Feature","geometry":{"type":"LineString","coordinates":[[139.54445336111112,35.668066083333336],[139.54435755555556,35.66737586111111],[139.54431405555556,35.66722763888889],[139.54394722222222,35.66654538888889],[139.54345977777777,35.665778805555554],[139.5432581111111,35.66546805555556],[139.54315825,35.66529827777778]]},"properties":{"id":"tokyo-metropolitan-recommended-114","name":"東京都自転車推奨ルート 三5","reference_type":"recommended_route","status":"built","source":{"name":"東京都建設局","url":"https://catalog.data.metro.tokyo.lg.jp/dataset/t000014d0000000026","retrieved_at":"2026-08-24T15:28:14.399Z","license":"CC BY 4.0","source_date":"2015-04","reference_date":"2015-04"},"notes":"Official route geometry and source-date status. The source does not identify physical separation or comfort class.","official_fields":{"区間番号":"三5","道路種別":"都道","整備状況":"整備済","建設事務所":"北多摩南部建設事務所","エリア":"武蔵野の森周辺"}}},{"type":"Feature","geometry":{"type":"LineString","coordinates":[[139.54872425,35.68184847222222],[139.54867738888888,35.681852166666665],[139.54822841666666,35.681869694444444],[139.54809225,35.681868],[139.54794158333334,35.68186763888889],[139.54774327777778,35.681856055555556],[139.54614008333334,35.68173963888889],[139.54499644444445,35.68166877777778],[139.54319033333334,35.68153127777778],[139.541378,35.68139791666667],[139.5399656111111,35.68129375],[139.5393521388889,35.681242],[139.53872822222223,35.68122705555555],[139.53764080555555,35.681260361111114],[139.5367471388889,35.68131866666667],[139.53548472222224,35.68138533333333],[139.5352275,35.681392583333334]]},"properties":{"id":"tokyo-metropolitan-recommended-115","name":"東京都自転車推奨ルート 三6","reference_type":"recommended_route","status":"built","source":{"name":"東京都建設局","url":"https://catalog.data.metro.tokyo.lg.jp/dataset/t000014d0000000026","retrieved_at":"2026-08-24T15:28:14.399Z","license":"CC BY 4.0","source_date":"2015-04","reference_date":"2015-04"},"notes":"Official route geometry and source-date status. The source does not identify physical separation or comfort class.","official_fields":{"区間番号":"三6","道路種別":"都道","整備状況":"整備済","建設事務所":"北多摩南部建設事務所","エリア":"武蔵野の森周辺"}}},{"type":"Feature","geometry":{"type":"LineString","coordinates":[[139.53122366666668,35.65821688888889],[139.53176108333332,35.65905013888889],[139.53234847222222,35.65991672222222],[139.53231097222223,35.66000005555556],[139.5322859722222,35.66034169444445],[139.5322859722222,35.660475],[139.53227347222222,35.660649972222224],[139.53228594444445,35.661033277777776],[139.53229844444445,35.66118325],[139.53233591666665,35.661324916666665],[139.53242341666666,35.66159988888889],[139.53264836111111,35.662249805555554],[139.53278583333332,35.662591444444445],[139.53283580555555,35.662791444444444],[139.53327322222222,35.66400797222222],[139.53339819444443,35.66434127777778],[139.53343569444445,35.66443294444444],[139.53347319444444,35.664507916666665],[139.53354816666666,35.66464125],[139.53376063888888,35.66497455555555],[139.53403558333332,35.66533286111111],[139.53436055555557,35.66571613888889],[139.53462302777777,35.66607444444445],[139.534798,35.66637441666666],[139.53492297222223,35.66665772222222],[139.53501044444445,35.66686602777778],[139.53507294444444,35.66701602777778],[139.53513541666666,35.667166],[139.53522291666667,35.66729933333333],[139.53534788888888,35.66749930555556],[139.53544788888888,35.667624277777776],[139.5355103611111,35.66769927777778],[139.53567283333334,35.66788261111111],[139.53581033333333,35.668007583333335],[139.53644775,35.668549222222225],[139.53653525,35.66861588888889]]},"properties":{"id":"tokyo-metropolitan-recommended-116","name":"東京都自転車推奨ルート 調1","reference_type":"recommended_route","status":"planned","source":{"name":"東京都建設局","url":"https://catalog.data.metro.tokyo.lg.jp/dataset/t000014d0000000026","retrieved_at":"2026-08-24T15:28:14.399Z","license":"CC BY 4.0","source_date":"2015-04","reference_date":"2015-04"},"notes":"Official route geometry and source-date status. The source does not identify physical separation or comfort class.","official_fields":{"区間番号":"調1","道路種別":"都道","整備状況":"未整備","建設事務所":"北多摩南部建設事務所","エリア":"武蔵野の森周辺"}}},{"type":"Feature","geometry":{"type":"LineString","coordinates":[[139.53653525,35.66861588888889],[139.53681019444446,35.668857527777774],[139.5372976388889,35.669382472222225]]},"properties":{"id":"tokyo-metropolitan-recommended-117","name":"東京都自転車推奨ルート 三2","reference_type":"recommended_route","status":"planned","source":{"name":"東京都建設局","url":"https://catalog.data.metro.tokyo.lg.jp/dataset/t000014d0000000026","retrieved_at":"2026-08-24T15:28:14.399Z","license":"CC BY 4.0","source_date":"2015-04","reference_date":"2015-04"},"notes":"Official route geometry and source-date status. The source does not identify physical separation or comfort class.","official_fields":{"区間番号":"三2","道路種別":"都道","整備状況":"未整備","建設事務所":"北多摩南部建設事務所","エリア":"武蔵野の森周辺"}}},{"type":"Feature","geometry":{"type":"LineString","coordinates":[[139.76309063888888,35.68533469444444],[139.76134077777778,35.68567630555555]]},"properties":{"id":"tokyo-metropolitan-recommended-118","name":"東京都自転車推奨ルート 千17","reference_type":"recommended_route","status":"planned","source":{"name":"東京都建設局","url":"https://catalog.data.metro.tokyo.lg.jp/dataset/t000014d0000000026","retrieved_at":"2026-08-24T15:28:14.399Z","license":"CC BY 4.0","source_date":"2015-04","reference_date":"2015-04"},"notes":"Official route geometry and source-date status. The source does not identify physical separation or comfort class.","official_fields":{"区間番号":"千17","道路種別":"都道","整備状況":"未整備","建設事務所":"第一建設事務所","エリア":"皇居周辺"}}},{"type":"Feature","geometry":{"type":"LineString","coordinates":[[139.75774644444445,35.67947505555556],[139.75934041666667,35.67890380555556],[139.75962080555556,35.678826],[139.76098611111112,35.67852905555556],[139.76099427777777,35.67852725]]},"properties":{"id":"tokyo-metropolitan-recommended-119","name":"東京都自転車推奨ルート 千18","reference_type":"recommended_route","status":"planned","source":{"name":"東京都建設局","url":"https://catalog.data.metro.tokyo.lg.jp/dataset/t000014d0000000026","retrieved_at":"2026-08-24T15:28:14.399Z","license":"CC BY 4.0","source_date":"2015-04","reference_date":"2015-04"},"notes":"Official route geometry and source-date status. The source does not identify physical separation or comfort class.","official_fields":{"区間番号":"千18","道路種別":"都道","整備状況":"未整備","建設事務所":"第一建設事務所","エリア":"皇居周辺"}}},{"type":"Feature","geometry":{"type":"LineString","coordinates":[[139.76099427777777,35.67852725],[139.7634041388889,35.677993416666666],[139.76596558333333,35.67746075],[139.76622825,35.67739394444445],[139.76636575,35.67738561111111],[139.76681572222222,35.67728563888889],[139.76693730555556,35.67725938888889]]},"properties":{"id":"tokyo-metropolitan-recommended-120","name":"東京都自転車推奨ルート 千7","reference_type":"recommended_route","status":"planned","source":{"name":"東京都建設局","url":"https://catalog.data.metro.tokyo.lg.jp/dataset/t000014d0000000026","retrieved_at":"2026-08-24T15:28:14.399Z","license":"CC BY 4.0","source_date":"2015-04","reference_date":"2015-04"},"notes":"Official route geometry and source-date status. The source does not identify physical separation or comfort class.","official_fields":{"区間番号":"千7","道路種別":"都道","整備状況":"未整備","建設事務所":"第一建設事務所","エリア":"皇居周辺"}}},{"type":"Feature","geometry":{"type":"LineString","coordinates":[[139.76567797222222,35.68471816666667],[139.76512808333334,35.68300166666667]]},"properties":{"id":"tokyo-metropolitan-recommended-121","name":"東京都自転車推奨ルート 千3","reference_type":"recommended_route","status":"planned","source":{"name":"東京都建設局","url":"https://catalog.data.metro.tokyo.lg.jp/dataset/t000014d0000000026","retrieved_at":"2026-08-24T15:28:14.399Z","license":"CC BY 4.0","source_date":"2015-04","reference_date":"2015-04"},"notes":"Official route geometry and source-date status. The source does not identify physical separation or comfort class.","official_fields":{"区間番号":"千3","道路種別":"都道","整備状況":"未整備","建設事務所":"第一建設事務所","エリア":"皇居周辺"}}},{"type":"Feature","geometry":{"type":"LineString","coordinates":[[139.7642407777778,35.68038525],[139.76389086111112,35.679293694444446],[139.76349097222223,35.67805216666667],[139.7634409722222,35.67792716666667],[139.76309105555555,35.67686894444444],[139.7627411111111,35.67585238888889],[139.76247869444444,35.67501080555556]]},"properties":{"id":"tokyo-metropolitan-recommended-122","name":"東京都自転車推奨ルート 千4-1","reference_type":"recommended_route","status":"planned","source":{"name":"東京都建設局","url":"https://catalog.data.metro.tokyo.lg.jp/dataset/t000014d0000000026","retrieved_at":"2026-08-24T15:28:14.399Z","license":"CC BY 4.0","source_date":"2015-04","reference_date":"2015-04"},"notes":"Official route geometry and source-date status. The source does not identify physical separation or comfort class.","official_fields":{"区間番号":"千4-1","道路種別":"都道","整備状況":"未整備","建設事務所":"第一建設事務所","エリア":"皇居周辺"}}},{"type":"Feature","geometry":{"type":"LineString","coordinates":[[139.77372025,35.682537805555555],[139.77562766666668,35.68176147222222],[139.77822011111112,35.68072883333333],[139.78006605555555,35.67998908333333],[139.78017225,35.679941666666664]]},"properties":{"id":"tokyo-metropolitan-recommended-123","name":"東京都自転車推奨ルート 中27","reference_type":"recommended_route","status":"planned","source":{"name":"東京都建設局","url":"https://catalog.data.metro.tokyo.lg.jp/dataset/t000014d0000000026","retrieved_at":"2026-08-24T15:28:14.399Z","license":"CC BY 4.0","source_date":"2015-04","reference_date":"2015-04"},"notes":"Official route geometry and source-date status. The source does not identify physical separation or comfort class.","official_fields":{"区間番号":"中27","道路種別":"都道","整備状況":"未整備","建設事務所":"第一建設事務所","エリア":"皇居周辺"}}},{"type":"Feature","geometry":{"type":"LineString","coordinates":[[139.75038047222222,35.65780411111111],[139.750268,35.657220833333334]]},"properties":{"id":"tokyo-metropolitan-recommended-124","name":"東京都自転車推奨ルート 港11","reference_type":"recommended_route","status":"planned","source":{"name":"東京都建設局","url":"https://catalog.data.metro.tokyo.lg.jp/dataset/t000014d0000000026","retrieved_at":"2026-08-24T15:28:14.399Z","license":"CC BY 4.0","source_date":"2015-04","reference_date":"2015-04"},"notes":"Official route geometry and source-date status. The source does not identify physical separation or comfort class.","official_fields":{"区間番号":"港11","道路種別":"都道","整備状況":"未整備","建設事務所":"第一建設事務所","エリア":"皇居周辺"}}},{"type":"Feature","geometry":{"type":"LineString","coordinates":[[139.74936788888888,35.661637],[139.74939288888888,35.66179533333333],[139.7494178611111,35.66198697222222],[139.7494303611111,35.662145277777775],[139.74944283333335,35.662378583333336],[139.74950527777779,35.66377011111111],[139.74951777777778,35.663978416666666],[139.74955525,35.664203416666666],[139.7496177222222,35.664695027777775],[139.74969269444443,35.66514497222222],[139.74971769444446,35.66528663888889],[139.74975516666666,35.66541161111111],[139.75009127777778,35.666199472222225],[139.75024058333332,35.66658875],[139.75038005555555,35.66702811111111],[139.75048002777777,35.667253083333335],[139.750655,35.667628055555554],[139.75084247222222,35.66806969444445],[139.7512298888889,35.66890294444445],[139.75132988888888,35.66912788888889],[139.75141736111112,35.66931955555555],[139.75154233333333,35.66958619444444],[139.751576,35.6696535],[139.75161733333334,35.66973619444445]]},"properties":{"id":"tokyo-metropolitan-recommended-125","name":"東京都自転車推奨ルート 港6","reference_type":"recommended_route","status":"planned","source":{"name":"東京都建設局","url":"https://catalog.data.metro.tokyo.lg.jp/dataset/t000014d0000000026","retrieved_at":"2026-08-24T15:28:14.399Z","license":"CC BY 4.0","source_date":"2015-04","reference_date":"2015-04"},"notes":"Official route geometry and source-date status. The source does not identify physical separation or comfort class.","official_fields":{"区間番号":"港6","道路種別":"都道","整備状況":"未整備","建設事務所":"第一建設事務所","エリア":"皇居周辺"}}},{"type":"Feature","geometry":{"type":"LineString","coordinates":[[139.75287261111112,35.672025444444444],[139.75396211111112,35.67371722222222]]},"properties":{"id":"tokyo-metropolitan-recommended-126","name":"東京都自転車推奨ルート 千2-2","reference_type":"recommended_route","status":"planned","source":{"name":"東京都建設局","url":"https://catalog.data.metro.tokyo.lg.jp/dataset/t000014d0000000026","retrieved_at":"2026-08-24T15:28:14.399Z","license":"CC BY 4.0","source_date":"2015-04","reference_date":"2015-04"},"notes":"Official route geometry and source-date status. The source does not identify physical separation or comfort class.","official_fields":{"区間番号":"千2-2","道路種別":"都道","整備状況":"未整備","建設事務所":"第一建設事務所","エリア":"皇居周辺"}}},{"type":"Feature","geometry":{"type":"LineString","coordinates":[[139.7580676111111,35.66363477777778],[139.75861491666666,35.66369802777778],[139.75903425,35.66370394444444],[139.75947788888888,35.66368725],[139.75994930555555,35.663597027777776],[139.76035141666668,35.66350961111111],[139.76042825,35.66350141666667],[139.7604736388889,35.663496611111114],[139.76077427777778,35.66346461111111],[139.7612663611111,35.6635045],[139.76186580555554,35.66363777777778],[139.76230933333332,35.66374836111111],[139.76252725,35.66375141666666]]},"properties":{"id":"tokyo-metropolitan-recommended-127","name":"東京都自転車推奨ルート 港47","reference_type":"recommended_route","status":"planned","source":{"name":"東京都建設局","url":"https://catalog.data.metro.tokyo.lg.jp/dataset/t000014d0000000026","retrieved_at":"2026-08-24T15:28:14.399Z","license":"CC BY 4.0","source_date":"2015-04","reference_date":"2015-04"},"notes":"Official route geometry and source-date status. The source does not identify physical separation or comfort class.","official_fields":{"区間番号":"港47","道路種別":"都道","整備状況":"未整備","建設事務所":"第一建設事務所","エリア":"皇居周辺"}}},{"type":"Feature","geometry":{"type":"LineString","coordinates":[[139.76252725,35.66375141666666],[139.7630666388889,35.66376202777778],[139.7632395,35.66375658333333],[139.76328391666667,35.66374722222222],[139.76352705555556,35.66373302777778],[139.76375611111112,35.663611333333336],[139.76402052777777,35.66341711111111],[139.7642901388889,35.66324397222222],[139.7644892222222,35.66317675],[139.7649820277778,35.663066638888886],[139.76540275,35.662978583333334],[139.76563455555555,35.662946],[139.76588391666667,35.66294116666667],[139.76620947222222,35.66297433333333],[139.7664538888889,35.66303716666667]]},"properties":{"id":"tokyo-metropolitan-recommended-128","name":"東京都自転車推奨ルート 中3","reference_type":"recommended_route","status":"planned","source":{"name":"東京都建設局","url":"https://catalog.data.metro.tokyo.lg.jp/dataset/t000014d0000000026","retrieved_at":"2026-08-24T15:28:14.399Z","license":"CC BY 4.0","source_date":"2015-04","reference_date":"2015-04"},"notes":"Official route geometry and source-date status. The source does not identify physical separation or comfort class.","official_fields":{"区間番号":"中3","道路種別":"都道","整備状況":"未整備","建設事務所":"第一建設事務所","エリア":"皇居周辺"}}},{"type":"Feature","geometry":{"type":"LineString","coordinates":[[139.76780375,35.664153722222224],[139.76684136111112,35.663228805555555],[139.7666663888889,35.663120472222225],[139.7665538888889,35.66307047222222],[139.7664538888889,35.66303716666667]]},"properties":{"id":"tokyo-metropolitan-recommended-129","name":"東京都自転車推奨ルート 中4","reference_type":"recommended_route","status":"planned","source":{"name":"東京都建設局","url":"https://catalog.data.metro.tokyo.lg.jp/dataset/t000014d0000000026","retrieved_at":"2026-08-24T15:28:14.399Z","license":"CC BY 4.0","source_date":"2015-04","reference_date":"2015-04"},"notes":"Official route geometry and source-date status. The source does not identify physical separation or comfort class.","official_fields":{"区間番号":"中4","道路種別":"都道","整備状況":"未整備","建設事務所":"第一建設事務所","エリア":"皇居周辺"}}},{"type":"Feature","geometry":{"type":"LineString","coordinates":[[139.7664538888889,35.66303716666667],[139.76943502777777,35.66050830555555]]},"properties":{"id":"tokyo-metropolitan-recommended-130","name":"東京都自転車推奨ルート 中19","reference_type":"recommended_route","status":"planned","source":{"name":"東京都建設局","url":"https://catalog.data.metro.tokyo.lg.jp/dataset/t000014d0000000026","retrieved_at":"2026-08-24T15:28:14.399Z","license":"CC BY 4.0","source_date":"2015-04","reference_date":"2015-04"},"notes":"Official route geometry and source-date status. The source does not identify physical separation or comfort class.","official_fields":{"区間番号":"中19","道路種別":"都道","整備状況":"未整備","建設事務所":"第一建設事務所","エリア":"皇居周辺"}}},{"type":"Feature","geometry":{"type":"LineString","coordinates":[[139.76943502777777,35.66050830555555],[139.76973091666667,35.66028633333333],[139.76991563888888,35.66009486111111],[139.77174116666666,35.65833775],[139.77192866666667,35.65833775],[139.7727661388889,35.657529527777776],[139.7736661111111,35.65663797222222],[139.77370358333334,35.65659630555555]]},"properties":{"id":"tokyo-metropolitan-recommended-131","name":"東京都自転車推奨ルート 中20","reference_type":"recommended_route","status":"planned","source":{"name":"東京都建設局","url":"https://catalog.data.metro.tokyo.lg.jp/dataset/t000014d0000000026","retrieved_at":"2026-08-24T15:28:14.399Z","license":"CC BY 4.0","source_date":"2015-04","reference_date":"2015-04"},"notes":"Official route geometry and source-date status. The source does not identify physical separation or comfort class.","official_fields":{"区間番号":"中20","道路種別":"都道","整備状況":"未整備","建設事務所":"第一建設事務所","エリア":"臨海部周辺"}}},{"type":"Feature","geometry":{"type":"LineString","coordinates":[[139.77769375,35.65932316666667],[139.77943808333333,35.66053341666667]]},"properties":{"id":"tokyo-metropolitan-recommended-132","name":"東京都自転車推奨ルート 中6","reference_type":"recommended_route","status":"planned","source":{"name":"東京都建設局","url":"https://catalog.data.metro.tokyo.lg.jp/dataset/t000014d0000000026","retrieved_at":"2026-08-24T15:28:14.399Z","license":"CC BY 4.0","source_date":"2015-04","reference_date":"2015-04"},"notes":"Official route geometry and source-date status. The source does not identify physical separation or comfort class.","official_fields":{"区間番号":"中6","道路種別":"都道","整備状況":"未整備","建設事務所":"第一建設事務所","エリア":"臨海部周辺"}}},{"type":"Feature","geometry":{"type":"LineString","coordinates":[[139.77370358333334,35.65659630555555],[139.77374108333333,35.65655463888889],[139.77467855555557,35.65562975],[139.77506605555556,35.655246472222224],[139.77537852777778,35.6549465],[139.77684097222223,35.6537925]]},"properties":{"id":"tokyo-metropolitan-recommended-133","name":"東京都自転車推奨ルート 中21","reference_type":"recommended_route","status":"planned","source":{"name":"東京都建設局","url":"https://catalog.data.metro.tokyo.lg.jp/dataset/t000014d0000000026","retrieved_at":"2026-08-24T15:28:14.399Z","license":"CC BY 4.0","source_date":"2015-04","reference_date":"2015-04"},"notes":"Official route geometry and source-date status. The source does not identify physical separation or comfort class.","official_fields":{"区間番号":"中21","道路種別":"都道","整備状況":"未整備","建設事務所":"第一建設事務所","エリア":"臨海部周辺"}}},{"type":"Feature","geometry":{"type":"LineString","coordinates":[[139.77684097222223,35.6537925],[139.77786591666666,35.65278011111111],[139.77795744444444,35.652668194444445]]},"properties":{"id":"tokyo-metropolitan-recommended-134","name":"東京都自転車推奨ルート 中22","reference_type":"recommended_route","status":"planned","source":{"name":"東京都建設局","url":"https://catalog.data.metro.tokyo.lg.jp/dataset/t000014d0000000026","retrieved_at":"2026-08-24T15:28:14.399Z","license":"CC BY 4.0","source_date":"2015-04","reference_date":"2015-04"},"notes":"Official route geometry and source-date status. The source does not identify physical separation or comfort class.","official_fields":{"区間番号":"中22","道路種別":"都道","整備状況":"未整備","建設事務所":"第一建設事務所","エリア":"臨海部周辺"}}},{"type":"Feature","geometry":{"type":"LineString","coordinates":[[139.77795744444444,35.652668194444445],[139.77804716666665,35.652759277777776],[139.77918452777777,35.653525888888886],[139.77983447222223,35.65396336111111],[139.7805031388889,35.654405],[139.78170925,35.655221583333336],[139.78177627777777,35.655269527777776]]},"properties":{"id":"tokyo-metropolitan-recommended-135","name":"東京都自転車推奨ルート 中17-1","reference_type":"recommended_route","status":"planned","source":{"name":"東京都建設局","url":"https://catalog.data.metro.tokyo.lg.jp/dataset/t000014d0000000026","retrieved_at":"2026-08-24T15:28:14.399Z","license":"CC BY 4.0","source_date":"2015-04","reference_date":"2015-04"},"notes":"Official route geometry and source-date status. The source does not identify physical separation or comfort class.","official_fields":{"区間番号":"中17-1","道路種別":"都道","整備状況":"未整備","建設事務所":"第一建設事務所","エリア":"臨海部周辺"}}},{"type":"Feature","geometry":{"type":"LineString","coordinates":[[139.78177627777777,35.655269527777776],[139.78187172222223,35.655329916666666],[139.78309033333332,35.65615069444444],[139.78466516666666,35.657288083333334],[139.78475263888888,35.65732975],[139.78486513888888,35.657396416666664],[139.78636494444444,35.658413],[139.78660244444444,35.658546333333334],[139.78678991666666,35.658621305555556],[139.7870398888889,35.65867130555556],[139.78821480555555,35.658771333333334],[139.78935219444443,35.658863],[139.78996463888888,35.65892133333333]]},"properties":{"id":"tokyo-metropolitan-recommended-136","name":"東京都自転車推奨ルート 中25","reference_type":"recommended_route","status":"planned","source":{"name":"東京都建設局","url":"https://catalog.data.metro.tokyo.lg.jp/dataset/t000014d0000000026","retrieved_at":"2026-08-24T15:28:14.399Z","license":"CC BY 4.0","source_date":"2015-04","reference_date":"2015-04"},"notes":"Official route geometry and source-date status. The source does not identify physical separation or comfort class.","official_fields":{"区間番号":"中25","道路種別":"都道","整備状況":"未整備","建設事務所":"第一建設事務所","エリア":"臨海部周辺"}}},{"type":"Feature","geometry":{"type":"LineString","coordinates":[[139.78996463888888,35.65892133333333],[139.79057708333335,35.65897966666667],[139.79096455555555,35.65900469444444],[139.7916895,35.65907136111111],[139.79190197222223,35.65907969444444],[139.79207694444443,35.65907969444444],[139.79211444444445,35.65907969444444],[139.79297691666667,35.65816730555556],[139.7940331388889,35.65710077777778],[139.79516433333333,35.65598008333333],[139.7965142777778,35.65463441666667],[139.79656797222222,35.654580083333336]]},"properties":{"id":"tokyo-metropolitan-recommended-137","name":"東京都自転車推奨ルート 東39","reference_type":"recommended_route","status":"planned","source":{"name":"東京都建設局","url":"https://catalog.data.metro.tokyo.lg.jp/dataset/t000014d0000000026","retrieved_at":"2026-08-24T15:28:14.399Z","license":"CC BY 4.0","source_date":"2015-04","reference_date":"2015-04"},"notes":"Official route geometry and source-date status. The source does not identify physical separation or comfort class.","official_fields":{"区間番号":"東39","道路種別":"都道","整備状況":"未整備","建設事務所":"第五建設事務所","エリア":"臨海部周辺"}}},{"type":"Feature","geometry":{"type":"LineString","coordinates":[[139.79656797222222,35.654580083333336],[139.79648305555557,35.65451358333333],[139.79547691666667,35.653751166666666],[139.79445827777778,35.65300122222222]]},"properties":{"id":"tokyo-metropolitan-recommended-138","name":"東京都自転車推奨ルート 東10","reference_type":"recommended_route","status":"planned","source":{"name":"東京都建設局","url":"https://catalog.data.metro.tokyo.lg.jp/dataset/t000014d0000000026","retrieved_at":"2026-08-24T15:28:14.399Z","license":"CC BY 4.0","source_date":"2015-04","reference_date":"2015-04"},"notes":"Official route geometry and source-date status. The source does not identify physical separation or comfort class.","official_fields":{"区間番号":"東10","道路種別":"都道","整備状況":"未整備","建設事務所":"第五建設事務所","エリア":"臨海部周辺"}}},{"type":"Feature","geometry":{"type":"LineString","coordinates":[[139.79445827777778,35.65300122222222],[139.79390413888888,35.65257511111111],[139.79366619444446,35.65238088888889],[139.79344313888888,35.65219475],[139.79298166666666,35.65165697222222],[139.79174361111112,35.65003836111111],[139.79129705555556,35.64954211111111],[139.79084716666668,35.64917283333333],[139.78924644444444,35.64808913888889],[139.78914022222222,35.64803083333333],[139.78910661111112,35.64800319444444]]},"properties":{"id":"tokyo-metropolitan-recommended-139","name":"東京都自転車推奨ルート 東11","reference_type":"recommended_route","status":"planned","source":{"name":"東京都建設局","url":"https://catalog.data.metro.tokyo.lg.jp/dataset/t000014d0000000026","retrieved_at":"2026-08-24T15:28:14.399Z","license":"CC BY 4.0","source_date":"2015-04","reference_date":"2015-04"},"notes":"Official route geometry and source-date status. The source does not identify physical separation or comfort class.","official_fields":{"区間番号":"東11","道路種別":"都道","整備状況":"未整備","建設事務所":"第五建設事務所","エリア":"臨海部周辺"}}},{"type":"Feature","geometry":{"type":"LineString","coordinates":[[139.78910661111112,35.64800319444444],[139.78907147222222,35.64805997222222],[139.78845030555556,35.64870052777778],[139.78770533333332,35.64944583333333],[139.78737633333333,35.649765027777775]]},"properties":{"id":"tokyo-metropolitan-recommended-140","name":"東京都自転車推奨ルート 東16","reference_type":"recommended_route","status":"planned","source":{"name":"東京都建設局","url":"https://catalog.data.metro.tokyo.lg.jp/dataset/t000014d0000000026","retrieved_at":"2026-08-24T15:28:14.399Z","license":"CC BY 4.0","source_date":"2015-04","reference_date":"2015-04"},"notes":"Official route geometry and source-date status. The source does not identify physical separation or comfort class.","official_fields":{"区間番号":"東16","道路種別":"都道","整備状況":"未整備","建設事務所":"第五建設事務所","エリア":"臨海部周辺"}}},{"type":"Feature","geometry":{"type":"LineString","coordinates":[[139.78737633333333,35.649765027777775],[139.78688491666668,35.650248166666664],[139.78618847222222,35.65094147222222],[139.78519883333334,35.6518895]]},"properties":{"id":"tokyo-metropolitan-recommended-141","name":"東京都自転車推奨ルート 東15","reference_type":"recommended_route","status":"planned","source":{"name":"東京都建設局","url":"https://catalog.data.metro.tokyo.lg.jp/dataset/t000014d0000000026","retrieved_at":"2026-08-24T15:28:14.399Z","license":"CC BY 4.0","source_date":"2015-04","reference_date":"2015-04"},"notes":"Official route geometry and source-date status. The source does not identify physical separation or comfort class.","official_fields":{"区間番号":"東15","道路種別":"都道","整備状況":"未整備","建設事務所":"第五建設事務所","エリア":"臨海部周辺"}}},{"type":"Feature","geometry":{"type":"LineString","coordinates":[[139.78519883333334,35.6518895],[139.78459597222223,35.652498333333334],[139.78390233333334,35.653191444444445]]},"properties":{"id":"tokyo-metropolitan-recommended-142","name":"東京都自転車推奨ルート 中18","reference_type":"recommended_route","status":"planned","source":{"name":"東京都建設局","url":"https://catalog.data.metro.tokyo.lg.jp/dataset/t000014d0000000026","retrieved_at":"2026-08-24T15:28:14.399Z","license":"CC BY 4.0","source_date":"2015-04","reference_date":"2015-04"},"notes":"Official route geometry and source-date status. The source does not identify physical separation or comfort class.","official_fields":{"区間番号":"中18","道路種別":"都道","整備状況":"未整備","建設事務所":"第一建設事務所","エリア":"臨海部周辺"}}},{"type":"Feature","geometry":{"type":"LineString","coordinates":[[139.78390233333334,35.653191444444445],[139.78279025,35.65425033333333],[139.78264955555557,35.65439191666667],[139.7823375,35.65477227777778],[139.78187175,35.65520075],[139.78177627777777,35.655269527777776]]},"properties":{"id":"tokyo-metropolitan-recommended-143","name":"東京都自転車推奨ルート 中17-2","reference_type":"recommended_route","status":"planned","source":{"name":"東京都建設局","url":"https://catalog.data.metro.tokyo.lg.jp/dataset/t000014d0000000026","retrieved_at":"2026-08-24T15:28:14.399Z","license":"CC BY 4.0","source_date":"2015-04","reference_date":"2015-04"},"notes":"Official route geometry and source-date status. The source does not identify physical separation or comfort class.","official_fields":{"区間番号":"中17-2","道路種別":"都道","整備状況":"未整備","建設事務所":"第一建設事務所","エリア":"臨海部周辺"}}},{"type":"Feature","geometry":{"type":"LineString","coordinates":[[139.78910661111112,35.64800319444444],[139.78900272222222,35.6479225],[139.78781283333333,35.64711797222222],[139.78628422222224,35.64607961111111],[139.78523033333335,35.64536508333333],[139.78477561111112,35.645021138888886]]},"properties":{"id":"tokyo-metropolitan-recommended-144","name":"東京都自転車推奨ルート 東12","reference_type":"recommended_route","status":"planned","source":{"name":"東京都建設局","url":"https://catalog.data.metro.tokyo.lg.jp/dataset/t000014d0000000026","retrieved_at":"2026-08-24T15:28:14.399Z","license":"CC BY 4.0","source_date":"2015-04","reference_date":"2015-04"},"notes":"Official route geometry and source-date status. The source does not identify physical separation or comfort class.","official_fields":{"区間番号":"東12","道路種別":"都道","整備状況":"未整備","建設事務所":"第五建設事務所","エリア":"臨海部周辺"}}},{"type":"Feature","geometry":{"type":"LineString","coordinates":[[139.78477561111112,35.645021138888886],[139.78330758333334,35.644013111111114],[139.78093747222223,35.64236916666667],[139.78055091666667,35.642048861111114],[139.780227,35.64170058333333],[139.77996869444445,35.641379083333334],[139.77975975,35.64091033333333],[139.77973127777778,35.640535388888885],[139.77976363888888,35.64014841666667],[139.77992766666668,35.63935272222222]]},"properties":{"id":"tokyo-metropolitan-recommended-145","name":"東京都自転車推奨ルート 東22-1","reference_type":"recommended_route","status":"planned","source":{"name":"東京都建設局","url":"https://catalog.data.metro.tokyo.lg.jp/dataset/t000014d0000000026","retrieved_at":"2026-08-24T15:28:14.399Z","license":"CC BY 4.0","source_date":"2015-04","reference_date":"2015-04"},"notes":"Official route geometry and source-date status. The source does not identify physical separation or comfort class.","official_fields":{"区間番号":"東22-1","道路種別":"都道","整備状況":"未整備","建設事務所":"第五建設事務所","エリア":"臨海部周辺"}}},{"type":"Feature","geometry":{"type":"LineString","coordinates":[[139.78023941666666,35.638112472222225],[139.78037947222222,35.63774911111111],[139.78054441666666,35.63736955555556],[139.7807381388889,35.6370975],[139.78131141666665,35.63637725],[139.78199136111112,35.63554772222222],[139.78254775,35.63516213888889],[139.7833188611111,35.63486980555555],[139.78420372222223,35.63471966666667],[139.78424897222223,35.63471066666666]]},"properties":{"id":"tokyo-metropolitan-recommended-146","name":"東京都自転車推奨ルート 東22-3","reference_type":"recommended_route","status":"built","source":{"name":"東京都建設局","url":"https://catalog.data.metro.tokyo.lg.jp/dataset/t000014d0000000026","retrieved_at":"2026-08-24T15:28:14.399Z","license":"CC BY 4.0","source_date":"2015-04","reference_date":"2015-04"},"notes":"Official route geometry and source-date status. The source does not identify physical separation or comfort class.","official_fields":{"区間番号":"東22-3","道路種別":"都道","整備状況":"整備済","建設事務所":"第五建設事務所","エリア":"臨海部周辺"}}},{"type":"Feature","geometry":{"type":"LineString","coordinates":[[139.79656797222222,35.654580083333336],[139.7966267777778,35.65451775],[139.79713927777777,35.653972],[139.797658,35.65345955555556],[139.79824547222222,35.65287213888889],[139.79883297222221,35.65228886111111],[139.79934544444444,35.65176811111111],[139.80002041666665,35.65109736111111],[139.80039069444445,35.65073505555556]]},"properties":{"id":"tokyo-metropolitan-recommended-147","name":"東京都自転車推奨ルート 東1-1","reference_type":"recommended_route","status":"planned","source":{"name":"東京都建設局","url":"https://catalog.data.metro.tokyo.lg.jp/dataset/t000014d0000000026","retrieved_at":"2026-08-24T15:28:14.399Z","license":"CC BY 4.0","source_date":"2015-04","reference_date":"2015-04"},"notes":"Official route geometry and source-date status. The source does not identify physical separation or comfort class.","official_fields":{"区間番号":"東1-1","道路種別":"都道","整備状況":"未整備","建設事務所":"第五建設事務所","エリア":"臨海部周辺"}}},{"type":"Feature","geometry":{"type":"LineString","coordinates":[[139.80039069444445,35.65073505555556],[139.80111975,35.64998311111111],[139.80125391666667,35.64984305555556],[139.80133905555556,35.649720305555554],[139.8013828611111,35.64966002777778]]},"properties":{"id":"tokyo-metropolitan-recommended-148","name":"東京都自転車推奨ルート 東1-2","reference_type":"recommended_route","status":"planned","source":{"name":"東京都建設局","url":"https://catalog.data.metro.tokyo.lg.jp/dataset/t000014d0000000026","retrieved_at":"2026-08-24T15:28:14.399Z","license":"CC BY 4.0","source_date":"2015-04","reference_date":"2015-04"},"notes":"Official route geometry and source-date status. The source does not identify physical separation or comfort class.","official_fields":{"区間番号":"東1-2","道路種別":"都道","整備状況":"未整備","建設事務所":"第五建設事務所","エリア":"臨海部周辺"}}},{"type":"Feature","geometry":{"type":"LineString","coordinates":[[139.78910661111112,35.64800319444444],[139.7899485,35.647005444444446],[139.7910188611111,35.64567291666667],[139.79131380555555,35.645314694444444]]},"properties":{"id":"tokyo-metropolitan-recommended-149","name":"東京都自転車推奨ルート 東3","reference_type":"recommended_route","status":"planned","source":{"name":"東京都建設局","url":"https://catalog.data.metro.tokyo.lg.jp/dataset/t000014d0000000026","retrieved_at":"2026-08-24T15:28:14.399Z","license":"CC BY 4.0","source_date":"2015-04","reference_date":"2015-04"},"notes":"Official route geometry and source-date status. The source does not identify physical separation or comfort class.","official_fields":{"区間番号":"東3","道路種別":"都道","整備状況":"未整備","建設事務所":"第五建設事務所","エリア":"臨海部周辺"}}},{"type":"Feature","geometry":{"type":"LineString","coordinates":[[139.79131380555555,35.645314694444444],[139.79196055555556,35.644526222222225],[139.79229336111112,35.64410452777778]]},"properties":{"id":"tokyo-metropolitan-recommended-150","name":"東京都自転車推奨ルート 東4","reference_type":"recommended_route","status":"planned","source":{"name":"東京都建設局","url":"https://catalog.data.metro.tokyo.lg.jp/dataset/t000014d0000000026","retrieved_at":"2026-08-24T15:28:14.399Z","license":"CC BY 4.0","source_date":"2015-04","reference_date":"2015-04"},"notes":"Official route geometry and source-date status. The source does not identify physical separation or comfort class.","official_fields":{"区間番号":"東4","道路種別":"都道","整備状況":"未整備","建設事務所":"第五建設事務所","エリア":"臨海部周辺"}}},{"type":"Feature","geometry":{"type":"LineString","coordinates":[[139.79229336111112,35.64410452777778],[139.79250675,35.643832777777774]]},"properties":{"id":"tokyo-metropolitan-recommended-151","name":"東京都自転車推奨ルート 東17","reference_type":"recommended_route","status":"planned","source":{"name":"東京都建設局","url":"https://catalog.data.metro.tokyo.lg.jp/dataset/t000014d0000000026","retrieved_at":"2026-08-24T15:28:14.399Z","license":"CC BY 4.0","source_date":"2015-04","reference_date":"2015-04"},"notes":"Official route geometry and source-date status. The source does not identify physical separation or comfort class.","official_fields":{"区間番号":"東17","道路種別":"都道","整備状況":"未整備","建設事務所":"第五建設事務所","エリア":"臨海部周辺"}}},{"type":"Feature","geometry":{"type":"LineString","coordinates":[[139.78481569444443,35.644956083333334],[139.78564866666667,35.64395777777778],[139.78654408333333,35.64286436111111]]},"properties":{"id":"tokyo-metropolitan-recommended-152","name":"東京都自転車推奨ルート 東6","reference_type":"recommended_route","status":"planned","source":{"name":"東京都建設局","url":"https://catalog.data.metro.tokyo.lg.jp/dataset/t000014d0000000026","retrieved_at":"2026-08-24T15:28:14.399Z","license":"CC BY 4.0","source_date":"2015-04","reference_date":"2015-04"},"notes":"Official route geometry and source-date status. The source does not identify physical separation or comfort class.","official_fields":{"区間番号":"東6","道路種別":"都道","整備状況":"未整備","建設事務所":"第五建設事務所","エリア":"臨海部周辺"}}},{"type":"Feature","geometry":{"type":"LineString","coordinates":[[139.78654408333333,35.64286436111111],[139.7875285,35.64165688888889],[139.78758925,35.64158069444444]]},"properties":{"id":"tokyo-metropolitan-recommended-153","name":"東京都自転車推奨ルート 東7","reference_type":"recommended_route","status":"planned","source":{"name":"東京都建設局","url":"https://catalog.data.metro.tokyo.lg.jp/dataset/t000014d0000000026","retrieved_at":"2026-08-24T15:28:14.399Z","license":"CC BY 4.0","source_date":"2015-04","reference_date":"2015-04"},"notes":"Official route geometry and source-date status. The source does not identify physical separation or comfort class.","official_fields":{"区間番号":"東7","道路種別":"都道","整備状況":"未整備","建設事務所":"第五建設事務所","エリア":"臨海部周辺"}}},{"type":"Feature","geometry":{"type":"LineString","coordinates":[[139.78758925,35.64158069444444],[139.78789669444444,35.64120338888889]]},"properties":{"id":"tokyo-metropolitan-recommended-154","name":"東京都自転車推奨ルート 東21","reference_type":"recommended_route","status":"planned","source":{"name":"東京都建設局","url":"https://catalog.data.metro.tokyo.lg.jp/dataset/t000014d0000000026","retrieved_at":"2026-08-24T15:28:14.399Z","license":"CC BY 4.0","source_date":"2015-04","reference_date":"2015-04"},"notes":"Official route geometry and source-date status. The source does not identify physical separation or comfort class.","official_fields":{"区間番号":"東21","道路種別":"都道","整備状況":"未整備","建設事務所":"第五建設事務所","エリア":"臨海部周辺"}}},{"type":"Feature","geometry":{"type":"LineString","coordinates":[[139.78789669444444,35.64120338888889],[139.78905233333333,35.63981619444444],[139.79044680555555,35.638086083333334],[139.7921655,35.635982166666665],[139.79274675,35.635265583333336]]},"properties":{"id":"tokyo-metropolitan-recommended-155","name":"東京都自転車推奨ルート 東8","reference_type":"recommended_route","status":"planned","source":{"name":"東京都建設局","url":"https://catalog.data.metro.tokyo.lg.jp/dataset/t000014d0000000026","retrieved_at":"2026-08-24T15:28:14.399Z","license":"CC BY 4.0","source_date":"2015-04","reference_date":"2015-04"},"notes":"Official route geometry and source-date status. The source does not identify physical separation or comfort class.","official_fields":{"区間番号":"東8","道路種別":"都道","整備状況":"未整備","建設事務所":"第五建設事務所","エリア":"臨海部周辺"}}},{"type":"Feature","geometry":{"type":"LineString","coordinates":[[139.79672125,35.63859447222222],[139.79675375,35.63853113888889],[139.79694,35.63829033333333],[139.79703375,35.6381695],[139.79713375,35.63806952777778],[139.79732125,35.63780288888889],[139.797365,35.63774041666667]]},"properties":{"id":"tokyo-metropolitan-recommended-156","name":"東京都自転車推奨ルート 東5-2","reference_type":"recommended_route","status":"planned","source":{"name":"東京都建設局","url":"https://catalog.data.metro.tokyo.lg.jp/dataset/t000014d0000000026","retrieved_at":"2026-08-24T15:28:14.399Z","license":"CC BY 4.0","source_date":"2015-04","reference_date":"2015-04"},"notes":"Official route geometry and source-date status. The source does not identify physical separation or comfort class.","official_fields":{"区間番号":"東5-2","道路種別":"都道","整備状況":"未整備","建設事務所":"第五建設事務所","エリア":"臨海部周辺"}}},{"type":"Feature","geometry":{"type":"LineString","coordinates":[[139.79274675,35.635265583333336],[139.79295047222223,35.63501086111111],[139.79366547222222,35.634149055555554],[139.79512169444445,35.632324277777776]]},"properties":{"id":"tokyo-metropolitan-recommended-157","name":"東京都自転車推奨ルート 東9","reference_type":"recommended_route","status":"planned","source":{"name":"東京都建設局","url":"https://catalog.data.metro.tokyo.lg.jp/dataset/t000014d0000000026","retrieved_at":"2026-08-24T15:28:14.399Z","license":"CC BY 4.0","source_date":"2015-04","reference_date":"2015-04"},"notes":"Official route geometry and source-date status. The source does not identify physical separation or comfort class.","official_fields":{"区間番号":"東9","道路種別":"都道","整備状況":"未整備","建設事務所":"第五建設事務所","エリア":"臨海部周辺"}}},{"type":"Feature","geometry":{"type":"LineString","coordinates":[[139.780911,35.618363027777775],[139.77826755555554,35.61691313888889],[139.77781594444446,35.61668461111111],[139.77765175,35.61663563888889],[139.77745202777777,35.61663191666667],[139.77724783333332,35.61665355555556],[139.77698369444445,35.61673313888889],[139.77682711111112,35.616833194444446],[139.7767271388889,35.616956305555554],[139.77606144444445,35.617763],[139.77491147222221,35.61917533333333],[139.77373025,35.62060433333333],[139.773699,35.620654305555554],[139.77159905555555,35.623349805555556]]},"properties":{"id":"tokyo-metropolitan-recommended-158","name":"東京都自転車推奨ルート 東13","reference_type":"recommended_route","status":"planned","source":{"name":"東京都建設局","url":"https://catalog.data.metro.tokyo.lg.jp/dataset/t000014d0000000026","retrieved_at":"2026-08-24T15:28:14.399Z","license":"CC BY 4.0","source_date":"2015-04","reference_date":"2015-04"},"notes":"Official route geometry and source-date status. The source does not identify physical separation or comfort class.","official_fields":{"区間番号":"東13","道路種別":"都道","整備状況":"未整備","建設事務所":"第五建設事務所","エリア":"臨海部周辺"}}},{"type":"Feature","geometry":{"type":"LineString","coordinates":[[139.77159905555555,35.623349805555556],[139.77108030555556,35.62398725],[139.7703338888889,35.62491141666667],[139.77029408333334,35.624971305555555],[139.77027616666666,35.62508486111111],[139.77028680555554,35.6251635]]},"properties":{"id":"tokyo-metropolitan-recommended-159","name":"東京都自転車推奨ルート 港13","reference_type":"recommended_route","status":"planned","source":{"name":"東京都建設局","url":"https://catalog.data.metro.tokyo.lg.jp/dataset/t000014d0000000026","retrieved_at":"2026-08-24T15:28:14.399Z","license":"CC BY 4.0","source_date":"2015-04","reference_date":"2015-04"},"notes":"Official route geometry and source-date status. The source does not identify physical separation or comfort class.","official_fields":{"区間番号":"港13","道路種別":"都道","整備状況":"未整備","建設事務所":"第一建設事務所","エリア":"臨海部周辺"}}},{"type":"Feature","geometry":{"type":"LineString","coordinates":[[139.77028680555554,35.6251635],[139.77033988888888,35.625249555555556],[139.7704209722222,35.62532152777778],[139.77049788888888,35.62537180555555],[139.77209888888888,35.62625366666666],[139.77270505555555,35.626591166666664],[139.77529227777777,35.62798688888889],[139.77536727777778,35.62802438888889],[139.77736080555556,35.62910763888889],[139.77934183333332,35.630178388888886]]},"properties":{"id":"tokyo-metropolitan-recommended-160","name":"東京都自転車推奨ルート 港48","reference_type":"recommended_route","status":"planned","source":{"name":"東京都建設局","url":"https://catalog.data.metro.tokyo.lg.jp/dataset/t000014d0000000026","retrieved_at":"2026-08-24T15:28:14.399Z","license":"CC BY 4.0","source_date":"2015-04","reference_date":"2015-04"},"notes":"Official route geometry and source-date status. The source does not identify physical separation or comfort class.","official_fields":{"区間番号":"港48","道路種別":"都道","整備状況":"未整備","建設事務所":"第一建設事務所","エリア":"臨海部周辺"}}},{"type":"Feature","geometry":{"type":"LineString","coordinates":[[139.75497097222222,35.58437036111111],[139.75451383333333,35.58430716666667],[139.75392022222223,35.584147],[139.75304838888889,35.583893027777776],[139.75286258333333,35.583817027777776]]},"properties":{"id":"tokyo-metropolitan-recommended-161","name":"東京都自転車推奨ルート 大18","reference_type":"recommended_route","status":"planned","source":{"name":"東京都建設局","url":"https://catalog.data.metro.tokyo.lg.jp/dataset/t000014d0000000026","retrieved_at":"2026-08-24T15:28:14.399Z","license":"CC BY 4.0","source_date":"2015-04","reference_date":"2015-04"},"notes":"Official route geometry and source-date status. The source does not identify physical separation or comfort class.","official_fields":{"区間番号":"大18","道路種別":"都道","整備状況":"未整備","建設事務所":"第二建設事務所","エリア":"大井ふ頭中央海浜公園周辺"}}},{"type":"Feature","geometry":{"type":"LineString","coordinates":[[139.75286258333333,35.583817027777776],[139.75207163888888,35.58356744444445],[139.74889658333333,35.58248297222222],[139.748814,35.58245347222222]]},"properties":{"id":"tokyo-metropolitan-recommended-162","name":"東京都自転車推奨ルート 大2-1-D","reference_type":"recommended_route","status":"planned","source":{"name":"東京都建設局","url":"https://catalog.data.metro.tokyo.lg.jp/dataset/t000014d0000000026","retrieved_at":"2026-08-24T15:28:14.399Z","license":"CC BY 4.0","source_date":"2015-04","reference_date":"2015-04"},"notes":"Official route geometry and source-date status. The source does not identify physical separation or comfort class.","official_fields":{"区間番号":"大2-1-D","道路種別":"都道","整備状況":"未整備","建設事務所":"第二建設事務所","エリア":"大井ふ頭中央海浜公園周辺"}}},{"type":"Feature","geometry":{"type":"LineString","coordinates":[[139.748814,35.58245347222222],[139.74872158333332,35.582420472222225],[139.7463864722222,35.58161188888889]]},"properties":{"id":"tokyo-metropolitan-recommended-163","name":"東京都自転車推奨ルート 大2-1-C","reference_type":"recommended_route","status":"planned","source":{"name":"東京都建設局","url":"https://catalog.data.metro.tokyo.lg.jp/dataset/t000014d0000000026","retrieved_at":"2026-08-24T15:28:14.399Z","license":"CC BY 4.0","source_date":"2015-04","reference_date":"2015-04"},"notes":"Official route geometry and source-date status. The source does not identify physical separation or comfort class.","official_fields":{"区間番号":"大2-1-C","道路種別":"都道","整備状況":"未整備","建設事務所":"第二建設事務所","エリア":"大井ふ頭中央海浜公園周辺"}}},{"type":"Feature","geometry":{"type":"LineString","coordinates":[[139.7463864722222,35.58161188888889],[139.74549691666667,35.58130386111111],[139.74529066666668,35.58123302777778],[139.74518444444445,35.58119969444444],[139.74499694444444,35.58112052777778],[139.74402030555555,35.58077436111111]]},"properties":{"id":"tokyo-metropolitan-recommended-164","name":"東京都自転車推奨ルート 大2-1-B","reference_type":"recommended_route","status":"planned","source":{"name":"東京都建設局","url":"https://catalog.data.metro.tokyo.lg.jp/dataset/t000014d0000000026","retrieved_at":"2026-08-24T15:28:14.399Z","license":"CC BY 4.0","source_date":"2015-04","reference_date":"2015-04"},"notes":"Official route geometry and source-date status. The source does not identify physical separation or comfort class.","official_fields":{"区間番号":"大2-1-B","道路種別":"都道","整備状況":"未整備","建設事務所":"第二建設事務所","エリア":"大井ふ頭中央海浜公園周辺"}}},{"type":"Feature","geometry":{"type":"LineString","coordinates":[[139.74400955555555,35.58077055555555],[139.74177852777777,35.58002477777778]]},"properties":{"id":"tokyo-metropolitan-recommended-165","name":"東京都自転車推奨ルート 大2-1-A","reference_type":"recommended_route","status":"planned","source":{"name":"東京都建設局","url":"https://catalog.data.metro.tokyo.lg.jp/dataset/t000014d0000000026","retrieved_at":"2026-08-24T15:28:14.399Z","license":"CC BY 4.0","source_date":"2015-04","reference_date":"2015-04"},"notes":"Official route geometry and source-date status. The source does not identify physical separation or comfort class.","official_fields":{"区間番号":"大2-1-A","道路種別":"都道","整備状況":"未整備","建設事務所":"第二建設事務所","エリア":"大井ふ頭中央海浜公園周辺"}}},{"type":"Feature","geometry":{"type":"LineString","coordinates":[[139.6918161388889,35.667835333333336],[139.6929805277778,35.66811163888889],[139.69321602777777,35.668153555555556],[139.69410966666666,35.668227],[139.69458972222222,35.66822675],[139.6997925277778,35.6683865],[139.7001718888889,35.66840763888889],[139.70038483333335,35.668449555555554],[139.70071536111112,35.66854375],[139.70149027777776,35.66886455555556],[139.70208394444444,35.66915205555556],[139.70277763888888,35.66946452777778]]},"properties":{"id":"tokyo-metropolitan-recommended-166","name":"東京都自転車推奨ルート 渋9","reference_type":"recommended_route","status":"planned","source":{"name":"東京都建設局","url":"https://catalog.data.metro.tokyo.lg.jp/dataset/t000014d0000000026","retrieved_at":"2026-08-24T15:28:14.399Z","license":"CC BY 4.0","source_date":"2015-04","reference_date":"2015-04"},"notes":"Official route geometry and source-date status. The source does not identify physical separation or comfort class.","official_fields":{"区間番号":"渋9","道路種別":"都道","整備状況":"未整備","建設事務所":"第二建設事務所","エリア":"国立競技場周辺"}}},{"type":"Feature","geometry":{"type":"LineString","coordinates":[[139.70277763888888,35.66946452777778],[139.7029368888889,35.6694785],[139.7030711388889,35.669476305555555],[139.70322541666667,35.669448527777774],[139.70332544444443,35.669409027777775],[139.7035226388889,35.66933936111111],[139.70540247222223,35.668498],[139.71057716666667,35.66609]]},"properties":{"id":"tokyo-metropolitan-recommended-167","name":"東京都自転車推奨ルート 渋8","reference_type":"recommended_route","status":"planned","source":{"name":"東京都建設局","url":"https://catalog.data.metro.tokyo.lg.jp/dataset/t000014d0000000026","retrieved_at":"2026-08-24T15:28:14.399Z","license":"CC BY 4.0","source_date":"2015-04","reference_date":"2015-04"},"notes":"Official route geometry and source-date status. The source does not identify physical separation or comfort class.","official_fields":{"区間番号":"渋8","道路種別":"都道","整備状況":"未整備","建設事務所":"第二建設事務所","エリア":"国立競技場周辺"}}},{"type":"Feature","geometry":{"type":"LineString","coordinates":[[139.71057716666667,35.66609],[139.71245202777777,35.66521097222222],[139.71254713888888,35.665155]]},"properties":{"id":"tokyo-metropolitan-recommended-168","name":"東京都自転車推奨ルート 港4","reference_type":"recommended_route","status":"planned","source":{"name":"東京都建設局","url":"https://catalog.data.metro.tokyo.lg.jp/dataset/t000014d0000000026","retrieved_at":"2026-08-24T15:28:14.399Z","license":"CC BY 4.0","source_date":"2015-04","reference_date":"2015-04"},"notes":"Official route geometry and source-date status. The source does not identify physical separation or comfort class.","official_fields":{"区間番号":"港4","道路種別":"都道","整備状況":"未整備","建設事務所":"第一建設事務所","エリア":"国立競技場周辺"}}},{"type":"Feature","geometry":{"type":"LineString","coordinates":[[139.71585780555554,35.66916061111111],[139.71539533333333,35.66945225],[139.71470788888888,35.66989383333333],[139.7143453888889,35.6701355],[139.71425791666667,35.670193805555556],[139.71405791666666,35.670310444444446],[139.71379541666667,35.670485444444445]]},"properties":{"id":"tokyo-metropolitan-recommended-169","name":"東京都自転車推奨ルート 港3","reference_type":"recommended_route","status":"planned","source":{"name":"東京都建設局","url":"https://catalog.data.metro.tokyo.lg.jp/dataset/t000014d0000000026","retrieved_at":"2026-08-24T15:28:14.399Z","license":"CC BY 4.0","source_date":"2015-04","reference_date":"2015-04"},"notes":"Official route geometry and source-date status. The source does not identify physical separation or comfort class.","official_fields":{"区間番号":"港3","道路種別":"都道","整備状況":"未整備","建設事務所":"第一建設事務所","エリア":"国立競技場周辺"}}},{"type":"Feature","geometry":{"type":"LineString","coordinates":[[139.71379541666667,35.670485444444445],[139.71368294444446,35.670577083333335],[139.7130329722222,35.671293666666664],[139.71288297222222,35.671501972222224],[139.71274547222222,35.67173527777778],[139.71268294444445,35.671910277777776],[139.71262044444444,35.67213525],[139.71257044444445,35.672385222222225],[139.71255794444446,35.672610194444445],[139.71252041666668,35.67298513888889],[139.71253291666667,35.67316847222222],[139.71255788888888,35.67360175],[139.71257038888888,35.67376838888889],[139.71258288888887,35.67390172222222],[139.7125953611111,35.67411836111111],[139.7126078611111,35.67441],[139.71265780555555,35.67511825],[139.7126827777778,35.67560986111111],[139.7126702777778,35.675818194444446],[139.71260772222223,35.67693472222222],[139.71264522222222,35.677309694444446],[139.71269519444445,35.677568],[139.71284516666665,35.677917972222225]]},"properties":{"id":"tokyo-metropolitan-recommended-170","name":"東京都自転車推奨ルート 渋1","reference_type":"recommended_route","status":"planned","source":{"name":"東京都建設局","url":"https://catalog.data.metro.tokyo.lg.jp/dataset/t000014d0000000026","retrieved_at":"2026-08-24T15:28:14.399Z","license":"CC BY 4.0","source_date":"2015-04","reference_date":"2015-04"},"notes":"Official route geometry and source-date status. The source does not identify physical separation or comfort class.","official_fields":{"区間番号":"渋1","道路種別":"都道","整備状況":"未整備","建設事務所":"第二建設事務所","エリア":"国立競技場周辺"}}},{"type":"Feature","geometry":{"type":"LineString","coordinates":[[139.71284516666665,35.677917972222225],[139.71349505555557,35.67927616666667],[139.71355752777777,35.67944280555555],[139.71362002777778,35.67968444444445]]},"properties":{"id":"tokyo-metropolitan-recommended-171","name":"東京都自転車推奨ルート 渋15-1","reference_type":"recommended_route","status":"planned","source":{"name":"東京都建設局","url":"https://catalog.data.metro.tokyo.lg.jp/dataset/t000014d0000000026","retrieved_at":"2026-08-24T15:28:14.399Z","license":"CC BY 4.0","source_date":"2015-04","reference_date":"2015-04"},"notes":"Official route geometry and source-date status. The source does not identify physical separation or comfort class.","official_fields":{"区間番号":"渋15-1","道路種別":"都道","整備状況":"未整備","建設事務所":"第二建設事務所","エリア":"国立競技場周辺"}}},{"type":"Feature","geometry":{"type":"LineString","coordinates":[[139.71362002777778,35.67968444444445],[139.71387,35.67972611111111],[139.71413247222222,35.67977611111111],[139.71431994444444,35.67984277777778],[139.71441994444444,35.67990944444445],[139.71446994444443,35.67995944444444],[139.71425744444446,35.68001775]]},"properties":{"id":"tokyo-metropolitan-recommended-172","name":"東京都自転車推奨ルート 渋15-2","reference_type":"recommended_route","status":"planned","source":{"name":"東京都建設局","url":"https://catalog.data.metro.tokyo.lg.jp/dataset/t000014d0000000026","retrieved_at":"2026-08-24T15:28:14.399Z","license":"CC BY 4.0","source_date":"2015-04","reference_date":"2015-04"},"notes":"Official route geometry and source-date status. The source does not identify physical separation or comfort class.","official_fields":{"区間番号":"渋15-2","道路種別":"都道","整備状況":"未整備","建設事務所":"第二建設事務所","エリア":"国立競技場周辺"}}},{"type":"Feature","geometry":{"type":"LineString","coordinates":[[139.71425744444446,35.68001775],[139.71210469444443,35.68058688888889],[139.71154513888888,35.68072597222222]]},"properties":{"id":"tokyo-metropolitan-recommended-173","name":"東京都自転車推奨ルート 渋16","reference_type":"recommended_route","status":"planned","source":{"name":"東京都建設局","url":"https://catalog.data.metro.tokyo.lg.jp/dataset/t000014d0000000026","retrieved_at":"2026-08-24T15:28:14.399Z","license":"CC BY 4.0","source_date":"2015-04","reference_date":"2015-04"},"notes":"Official route geometry and source-date status. The source does not identify physical separation or comfort class.","official_fields":{"区間番号":"渋16","道路種別":"都道","整備状況":"未整備","建設事務所":"第二建設事務所","エリア":"国立競技場周辺"}}},{"type":"Feature","geometry":{"type":"LineString","coordinates":[[139.71154513888888,35.68072597222222],[139.7112077777778,35.68080419444444],[139.71049408333334,35.68098233333333],[139.70998808333334,35.68111277777778],[139.70966338888888,35.681184555555554],[139.70940172222222,35.68121211111111],[139.70908283333333,35.681217555555556],[139.70869638888888,35.68120511111111],[139.70670802777778,35.68112583333333],[139.70642275,35.68109319444444],[139.7061905,35.68105011111111],[139.70600808333333,35.6809925],[139.705877,35.680932416666664],[139.70523316666666,35.68058422222222],[139.70502069444444,35.68049255555555],[139.70484572222222,35.68041755555556],[139.70470669444444,35.680375416666664],[139.70457075,35.68033422222222]]},"properties":{"id":"tokyo-metropolitan-recommended-174","name":"東京都自転車推奨ルート 渋2","reference_type":"recommended_route","status":"planned","source":{"name":"東京都建設局","url":"https://catalog.data.metro.tokyo.lg.jp/dataset/t000014d0000000026","retrieved_at":"2026-08-24T15:28:14.399Z","license":"CC BY 4.0","source_date":"2015-04","reference_date":"2015-04"},"notes":"Official route geometry and source-date status. The source does not identify physical separation or comfort class.","official_fields":{"区間番号":"渋2","道路種別":"都道","整備状況":"未整備","建設事務所":"第二建設事務所","エリア":"国立競技場周辺"}}},{"type":"Feature","geometry":{"type":"LineString","coordinates":[[139.70640825,35.676551333333336],[139.70622075,35.67725125],[139.70612075,35.677559555555554],[139.70602075,35.67775119444445],[139.70588325,35.677926166666666],[139.70563325,35.67825113888889],[139.70524575,35.678759416666665],[139.70517077777777,35.678851055555555],[139.70500827777778,35.67905936111111],[139.70477077777778,35.679392666666665],[139.70469577777777,35.679534305555556],[139.70462075,35.679709277777775],[139.70458325,35.67992591666667],[139.70457075,35.680142583333335],[139.70457075,35.68033422222222]]},"properties":{"id":"tokyo-metropolitan-recommended-175","name":"東京都自転車推奨ルート 渋3","reference_type":"recommended_route","status":"planned","source":{"name":"東京都建設局","url":"https://catalog.data.metro.tokyo.lg.jp/dataset/t000014d0000000026","retrieved_at":"2026-08-24T15:28:14.399Z","license":"CC BY 4.0","source_date":"2015-04","reference_date":"2015-04"},"notes":"Official route geometry and source-date status. The source does not identify physical separation or comfort class.","official_fields":{"区間番号":"渋3","道路種別":"都道","整備状況":"未整備","建設事務所":"第二建設事務所","エリア":"国立競技場周辺"}}},{"type":"Feature","geometry":{"type":"LineString","coordinates":[[139.70640825,35.676551333333336],[139.70649577777777,35.67616802777778],[139.7066707777778,35.67559308333333],[139.70677080555555,35.67520980555555],[139.70684580555556,35.6750265],[139.70692080555557,35.67485986111111],[139.70708330555556,35.67460988888889]]},"properties":{"id":"tokyo-metropolitan-recommended-176","name":"東京都自転車推奨ルート 渋4-1上り","reference_type":"recommended_route","status":"planned","source":{"name":"東京都建設局","url":"https://catalog.data.metro.tokyo.lg.jp/dataset/t000014d0000000026","retrieved_at":"2026-08-24T15:28:14.399Z","license":"CC BY 4.0","source_date":"2015-04","reference_date":"2015-04"},"notes":"Official route geometry and source-date status. The source does not identify physical separation or comfort class.","official_fields":{"区間番号":"渋4-1上り","道路種別":"都道","整備状況":"未整備","建設事務所":"第二建設事務所","エリア":"国立競技場周辺"}}},{"type":"Feature","geometry":{"type":"LineString","coordinates":[[139.7481283888889,35.70687380555555],[139.7485533611111,35.706898833333334],[139.74956577777778,35.706973833333336],[139.75005358333334,35.706975166666666],[139.7504175,35.706950472222225],[139.75055016666667,35.70694225],[139.75099630555556,35.70692830555556],[139.7518406111111,35.70693636111111],[139.75199363888888,35.70691383333333],[139.75210016666668,35.70687377777778],[139.75221469444443,35.70680875],[139.75400913888888,35.705656805555556],[139.75441544444445,35.70551988888889],[139.75452230555555,35.70547605555556]]},"properties":{"id":"tokyo-metropolitan-recommended-177","name":"東京都自転車推奨ルート 文3","reference_type":"recommended_route","status":"planned","source":{"name":"東京都建設局","url":"https://catalog.data.metro.tokyo.lg.jp/dataset/t000014d0000000026","retrieved_at":"2026-08-24T15:28:14.399Z","license":"CC BY 4.0","source_date":"2015-04","reference_date":"2015-04"},"notes":"Official route geometry and source-date status. The source does not identify physical separation or comfort class.","official_fields":{"区間番号":"文3","道路種別":"都道","整備状況":"未整備","建設事務所":"第六建設事務所","エリア":"浅草・東京スカイツリー周辺"}}},{"type":"Feature","geometry":{"type":"LineString","coordinates":[[139.75452230555555,35.70547605555556],[139.75453419444443,35.705444916666664],[139.7552905,35.70304102777778],[139.75544675,35.70241608333333],[139.75543355555556,35.70236788888889]]},"properties":{"id":"tokyo-metropolitan-recommended-178","name":"東京都自転車推奨ルート 文2-1","reference_type":"recommended_route","status":"planned","source":{"name":"東京都建設局","url":"https://catalog.data.metro.tokyo.lg.jp/dataset/t000014d0000000026","retrieved_at":"2026-08-24T15:28:14.399Z","license":"CC BY 4.0","source_date":"2015-04","reference_date":"2015-04"},"notes":"Official route geometry and source-date status. The source does not identify physical separation or comfort class.","official_fields":{"区間番号":"文2-1","道路種別":"都道","整備状況":"未整備","建設事務所":"第六建設事務所","エリア":"浅草・東京スカイツリー周辺"}}},{"type":"Feature","geometry":{"type":"LineString","coordinates":[[139.78688752777776,35.710574083333334],[139.7875999722222,35.71044077777778],[139.78779994444446,35.71039913888889],[139.78826241666667,35.71031580555555],[139.7890373611111,35.7101575],[139.78976230555554,35.71001586111111],[139.79048725,35.70986588888889],[139.79136219444445,35.70968261111111],[139.79143091666666,35.70967011111111]]},"properties":{"id":"tokyo-metropolitan-recommended-179","name":"東京都自転車推奨ルート 台6","reference_type":"recommended_route","status":"built","source":{"name":"東京都建設局","url":"https://catalog.data.metro.tokyo.lg.jp/dataset/t000014d0000000026","retrieved_at":"2026-08-24T15:28:14.399Z","license":"CC BY 4.0","source_date":"2015-04","reference_date":"2015-04"},"notes":"Official route geometry and source-date status. The source does not identify physical separation or comfort class.","official_fields":{"区間番号":"台6","道路種別":"都道","整備状況":"整備済","建設事務所":"第六建設事務所","エリア":"浅草・東京スカイツリー周辺"}}},{"type":"Feature","geometry":{"type":"LineString","coordinates":[[139.79616183333334,35.708824444444446],[139.79632430555554,35.70879111111111],[139.79641180555555,35.70876611111111],[139.79653680555555,35.70871613888889],[139.79663680555555,35.70866613888889],[139.79674927777776,35.70860780555556],[139.79744925,35.70824952777778]]},"properties":{"id":"tokyo-metropolitan-recommended-180","name":"東京都自転車推奨ルート 台7","reference_type":"recommended_route","status":"planned","source":{"name":"東京都建設局","url":"https://catalog.data.metro.tokyo.lg.jp/dataset/t000014d0000000026","retrieved_at":"2026-08-24T15:28:14.399Z","license":"CC BY 4.0","source_date":"2015-04","reference_date":"2015-04"},"notes":"Official route geometry and source-date status. The source does not identify physical separation or comfort class.","official_fields":{"区間番号":"台7","道路種別":"都道","整備状況":"未整備","建設事務所":"第六建設事務所","エリア":"浅草・東京スカイツリー周辺"}}},{"type":"Feature","geometry":{"type":"LineString","coordinates":[[139.79744925,35.70824952777778],[139.79809919444443,35.707932916666664],[139.79827419444445,35.70785791666667]]},"properties":{"id":"tokyo-metropolitan-recommended-181","name":"東京都自転車推奨ルート 墨2","reference_type":"recommended_route","status":"planned","source":{"name":"東京都建設局","url":"https://catalog.data.metro.tokyo.lg.jp/dataset/t000014d0000000026","retrieved_at":"2026-08-24T15:28:14.399Z","license":"CC BY 4.0","source_date":"2015-04","reference_date":"2015-04"},"notes":"Official route geometry and source-date status. The source does not identify physical separation or comfort class.","official_fields":{"区間番号":"墨2","道路種別":"都道","整備状況":"未整備","建設事務所":"第五建設事務所","エリア":"浅草・東京スカイツリー周辺"}}},{"type":"Feature","geometry":{"type":"LineString","coordinates":[[139.86730891666667,35.643353527777776],[139.8696898888889,35.645545],[139.8697336388889,35.64558666666667],[139.8710291111111,35.64676516666667],[139.87113483333334,35.646892694444446],[139.87131666666667,35.64711330555556],[139.8714896388889,35.6473615],[139.871757,35.647807694444445],[139.87186275,35.648045555555555],[139.8719305,35.648266166666666],[139.87200205555555,35.64849888888889],[139.87208730555557,35.64881261111111],[139.87210430555555,35.64900222222222],[139.8721255,35.649181472222224],[139.87220819444445,35.65030702777778],[139.8723393611111,35.652161],[139.87233980555555,35.652216]]},"properties":{"id":"tokyo-metropolitan-recommended-182","name":"東京都自転車推奨ルート 江1","reference_type":"recommended_route","status":"planned","source":{"name":"東京都建設局","url":"https://catalog.data.metro.tokyo.lg.jp/dataset/t000014d0000000026","retrieved_at":"2026-08-24T15:28:14.399Z","license":"CC BY 4.0","source_date":"2015-04","reference_date":"2015-04"},"notes":"Official route geometry and source-date status. The source does not identify physical separation or comfort class.","official_fields":{"区間番号":"江1","道路種別":"都道","整備状況":"未整備","建設事務所":"第五建設事務所","エリア":"葛西臨海公園周辺"}}},{"type":"Feature","geometry":{"type":"LineString","coordinates":[[139.86730891666667,35.643353527777776],[139.866759,35.64284105555556],[139.866684,35.642770222222225],[139.86634463888888,35.6424985]]},"properties":{"id":"tokyo-metropolitan-recommended-183","name":"東京都自転車推奨ルート 江66","reference_type":"recommended_route","status":"planned","source":{"name":"東京都建設局","url":"https://catalog.data.metro.tokyo.lg.jp/dataset/t000014d0000000026","retrieved_at":"2026-08-24T15:28:14.399Z","license":"CC BY 4.0","source_date":"2015-04","reference_date":"2015-04"},"notes":"Official route geometry and source-date status. The source does not identify physical separation or comfort class.","official_fields":{"区間番号":"江66","道路種別":"都道","整備状況":"未整備","建設事務所":"第五建設事務所","エリア":"葛西臨海公園周辺"}}},{"type":"Feature","geometry":{"type":"LineString","coordinates":[[139.85864627777778,35.662422166666666],[139.85813072222223,35.6624765],[139.85777594444446,35.662543694444444],[139.85748805555556,35.66264019444444],[139.8571538611111,35.66278286111111],[139.8568901388889,35.66292625]]},"properties":{"id":"tokyo-metropolitan-recommended-184","name":"東京都自転車推奨ルート 江67","reference_type":"recommended_route","status":"planned","source":{"name":"東京都建設局","url":"https://catalog.data.metro.tokyo.lg.jp/dataset/t000014d0000000026","retrieved_at":"2026-08-24T15:28:14.399Z","license":"CC BY 4.0","source_date":"2015-04","reference_date":"2015-04"},"notes":"Official route geometry and source-date status. The source does not identify physical separation or comfort class.","official_fields":{"区間番号":"江67","道路種別":"都道","整備状況":"未整備","建設事務所":"第五建設事務所","エリア":"葛西臨海公園周辺"}}},{"type":"Feature","geometry":{"type":"LineString","coordinates":[[139.5352275,35.681392583333334],[139.5338473611111,35.681489472222225],[139.5329793611111,35.681534944444444],[139.53194391666668,35.68158802777778],[139.53149244444444,35.681618388888886],[139.53059975,35.68166594444445],[139.5304008611111,35.68170030555556],[139.53021022222222,35.681747111111115],[139.53000919444443,35.68182891666667],[139.52880894444445,35.6824535]]},"properties":{"id":"tokyo-metropolitan-recommended-185","name":"東京都自転車推奨ルート 三1","reference_type":"recommended_route","status":"built","source":{"name":"東京都建設局","url":"https://catalog.data.metro.tokyo.lg.jp/dataset/t000014d0000000026","retrieved_at":"2026-08-24T15:28:14.399Z","license":"CC BY 4.0","source_date":"2015-04","reference_date":"2015-04"},"notes":"Official route geometry and source-date status. The source does not identify physical separation or comfort class.","official_fields":{"区間番号":"三1","道路種別":"都道","整備状況":"整備済","建設事務所":"北多摩南部建設事務所","エリア":"武蔵野の森周辺"}}},{"type":"Feature","geometry":{"type":"LineString","coordinates":[[139.77536727777778,35.62795772222222],[139.776036,35.6271245]]},"properties":{"id":"tokyo-metropolitan-recommended-186","name":"東京都自転車推奨ルート 港61","reference_type":"recommended_route","status":"built","source":{"name":"東京都建設局","url":"https://catalog.data.metro.tokyo.lg.jp/dataset/t000014d0000000026","retrieved_at":"2026-08-24T15:28:14.399Z","license":"CC BY 4.0","source_date":"2015-04","reference_date":"2015-04"},"notes":"Official route geometry and source-date status. The source does not identify physical separation or comfort class.","official_fields":{"区間番号":"港61","道路種別":"臨港道路等","整備状況":"整備済","建設事務所":"第一建設事務所","エリア":"臨海部周辺"}}},{"type":"Feature","geometry":{"type":"LineString","coordinates":[[139.77650475,35.626545388888886],[139.77734847222223,35.625416361111114]]},"properties":{"id":"tokyo-metropolitan-recommended-187","name":"東京都自転車推奨ルート 東26","reference_type":"recommended_route","status":"built","source":{"name":"東京都建設局","url":"https://catalog.data.metro.tokyo.lg.jp/dataset/t000014d0000000026","retrieved_at":"2026-08-24T15:28:14.399Z","license":"CC BY 4.0","source_date":"2015-04","reference_date":"2015-04"},"notes":"Official route geometry and source-date status. The source does not identify physical separation or comfort class.","official_fields":{"区間番号":"東26","道路種別":"臨港道路等","整備状況":"整備済","建設事務所":"第五建設事務所","エリア":"臨海部周辺"}}},{"type":"Feature","geometry":{"type":"LineString","coordinates":[[139.797365,35.63774041666667],[139.79760866666666,35.637363666666666],[139.79778897222224,35.63706972222222],[139.7981496111111,35.63633883333333],[139.79848408333334,35.63546425],[139.79886502777777,35.63435327777778],[139.7988890277778,35.63429]]},"properties":{"id":"tokyo-metropolitan-recommended-188","name":"東京都自転車推奨ルート 東18","reference_type":"recommended_route","status":"planned","source":{"name":"東京都建設局","url":"https://catalog.data.metro.tokyo.lg.jp/dataset/t000014d0000000026","retrieved_at":"2026-08-24T15:28:14.399Z","license":"CC BY 4.0","source_date":"2015-04","reference_date":"2015-04"},"notes":"Official route geometry and source-date status. The source does not identify physical separation or comfort class.","official_fields":{"区間番号":"東18","道路種別":"臨港道路等","整備状況":"未整備","建設事務所":"第五建設事務所","エリア":"臨海部周辺"}}},{"type":"Feature","geometry":{"type":"LineString","coordinates":[[139.7988890277778,35.63429],[139.79885252777777,35.63426580555556],[139.79525291666667,35.63231177777778],[139.79516741666666,35.632263888888886]]},"properties":{"id":"tokyo-metropolitan-recommended-189","name":"東京都自転車推奨ルート 東34","reference_type":"recommended_route","status":"planned","source":{"name":"東京都建設局","url":"https://catalog.data.metro.tokyo.lg.jp/dataset/t000014d0000000026","retrieved_at":"2026-08-24T15:28:14.399Z","license":"CC BY 4.0","source_date":"2015-04","reference_date":"2015-04"},"notes":"Official route geometry and source-date status. The source does not identify physical separation or comfort class.","official_fields":{"区間番号":"東34","道路種別":"臨港道路等","整備状況":"未整備","建設事務所":"第五建設事務所","エリア":"臨海部周辺"}}},{"type":"Feature","geometry":{"type":"LineString","coordinates":[[139.79199077777778,35.630536916666664],[139.7889098611111,35.62885786111111],[139.7888526388889,35.628826805555555]]},"properties":{"id":"tokyo-metropolitan-recommended-190","name":"東京都自転車推奨ルート 東32","reference_type":"recommended_route","status":"planned","source":{"name":"東京都建設局","url":"https://catalog.data.metro.tokyo.lg.jp/dataset/t000014d0000000026","retrieved_at":"2026-08-24T15:28:14.399Z","license":"CC BY 4.0","source_date":"2015-04","reference_date":"2015-04"},"notes":"Official route geometry and source-date status. The source does not identify physical separation or comfort class.","official_fields":{"区間番号":"東32","道路種別":"臨港道路等","整備状況":"未整備","建設事務所":"第五建設事務所","エリア":"臨海部周辺"}}},{"type":"Feature","geometry":{"type":"LineString","coordinates":[[139.79516741666666,35.632263888888886],[139.79509669444445,35.63221594444445],[139.7921367222222,35.63061580555556],[139.79199077777778,35.630536916666664]]},"properties":{"id":"tokyo-metropolitan-recommended-191","name":"東京都自転車推奨ルート 東33","reference_type":"recommended_route","status":"planned","source":{"name":"東京都建設局","url":"https://catalog.data.metro.tokyo.lg.jp/dataset/t000014d0000000026","retrieved_at":"2026-08-24T15:28:14.399Z","license":"CC BY 4.0","source_date":"2015-04","reference_date":"2015-04"},"notes":"Official route geometry and source-date status. The source does not identify physical separation or comfort class.","official_fields":{"区間番号":"東33","道路種別":"臨港道路等","整備状況":"未整備","建設事務所":"第五建設事務所","エリア":"臨海部周辺"}}},{"type":"Feature","geometry":{"type":"LineString","coordinates":[[139.78882861111111,35.62890786111111],[139.78874861111112,35.62915341666667],[139.78865325,35.62937069444445],[139.78857736111112,35.62950388888889],[139.78845075,35.62969183333333],[139.78835933333335,35.62981075],[139.78820177777777,35.630005777777775],[139.7872098888889,35.63124925],[139.78658491666667,35.63201163888889]]},"properties":{"id":"tokyo-metropolitan-recommended-192","name":"東京都自転車推奨ルート 東24","reference_type":"recommended_route","status":"planned","source":{"name":"東京都建設局","url":"https://catalog.data.metro.tokyo.lg.jp/dataset/t000014d0000000026","retrieved_at":"2026-08-24T15:28:14.399Z","license":"CC BY 4.0","source_date":"2015-04","reference_date":"2015-04"},"notes":"Official route geometry and source-date status. The source does not identify physical separation or comfort class.","official_fields":{"区間番号":"東24","道路種別":"臨港道路等","整備状況":"未整備","建設事務所":"第五建設事務所","エリア":"臨海部周辺"}}},{"type":"Feature","geometry":{"type":"LineString","coordinates":[[139.78424897222223,35.63471066666666],[139.78416625,35.634661333333334],[139.7840006111111,35.63457672222222],[139.7838933611111,35.634498694444446],[139.7837568611111,35.63436811111111],[139.78336438888888,35.63397966666667],[139.78265888888888,35.63338813888889],[139.78212541666667,35.63288797222222],[139.7818751388889,35.632630166666665],[139.7818163888889,35.632563166666664],[139.7816168888889,35.63233122222222],[139.78114308333335,35.63167194444444]]},"properties":{"id":"tokyo-metropolitan-recommended-193","name":"東京都自転車推奨ルート 東23","reference_type":"recommended_route","status":"planned","source":{"name":"東京都建設局","url":"https://catalog.data.metro.tokyo.lg.jp/dataset/t000014d0000000026","retrieved_at":"2026-08-24T15:28:14.399Z","license":"CC BY 4.0","source_date":"2015-04","reference_date":"2015-04"},"notes":"Official route geometry and source-date status. The source does not identify physical separation or comfort class.","official_fields":{"区間番号":"東23","道路種別":"臨港道路等","整備状況":"未整備","建設事務所":"第五建設事務所","エリア":"臨海部周辺"}}},{"type":"Feature","geometry":{"type":"LineString","coordinates":[[139.78114308333335,35.63167194444444],[139.78105197222223,35.63155233333333],[139.78094883333333,35.631425944444445],[139.78078252777777,35.631238583333335],[139.78067294444443,35.6311075]]},"properties":{"id":"tokyo-metropolitan-recommended-194","name":"東京都自転車推奨ルート 港55","reference_type":"recommended_route","status":"planned","source":{"name":"東京都建設局","url":"https://catalog.data.metro.tokyo.lg.jp/dataset/t000014d0000000026","retrieved_at":"2026-08-24T15:28:14.399Z","license":"CC BY 4.0","source_date":"2015-04","reference_date":"2015-04"},"notes":"Official route geometry and source-date status. The source does not identify physical separation or comfort class.","official_fields":{"区間番号":"港55","道路種別":"臨港道路等","整備状況":"未整備","建設事務所":"第一建設事務所","エリア":"臨海部周辺"}}},{"type":"Feature","geometry":{"type":"LineString","coordinates":[[139.78067294444443,35.6311075],[139.78047919444444,35.63092833333334],[139.78022627777779,35.63073211111111],[139.77940433333333,35.63021588888889],[139.77937091666666,35.63019386111111]]},"properties":{"id":"tokyo-metropolitan-recommended-195","name":"東京都自転車推奨ルート 港54","reference_type":"recommended_route","status":"planned","source":{"name":"東京都建設局","url":"https://catalog.data.metro.tokyo.lg.jp/dataset/t000014d0000000026","retrieved_at":"2026-08-24T15:28:14.399Z","license":"CC BY 4.0","source_date":"2015-04","reference_date":"2015-04"},"notes":"Official route geometry and source-date status. The source does not identify physical separation or comfort class.","official_fields":{"区間番号":"港54","道路種別":"臨港道路等","整備状況":"未整備","建設事務所":"第一建設事務所","エリア":"臨海部周辺"}}},{"type":"Feature","geometry":{"type":"LineString","coordinates":[[139.7888526388889,35.628826805555555],[139.7887848611111,35.62879536111111],[139.78796469444444,35.628331861111114],[139.78702122222222,35.627842944444446],[139.7843291111111,35.62636222222222],[139.78430138888888,35.62634661111111]]},"properties":{"id":"tokyo-metropolitan-recommended-196","name":"東京都自転車推奨ルート 東31","reference_type":"recommended_route","status":"planned","source":{"name":"東京都建設局","url":"https://catalog.data.metro.tokyo.lg.jp/dataset/t000014d0000000026","retrieved_at":"2026-08-24T15:28:14.399Z","license":"CC BY 4.0","source_date":"2015-04","reference_date":"2015-04"},"notes":"Official route geometry and source-date status. The source does not identify physical separation or comfort class.","official_fields":{"区間番号":"東31","道路種別":"臨港道路等","整備状況":"未整備","建設事務所":"第五建設事務所","エリア":"臨海部周辺"}}},{"type":"Feature","geometry":{"type":"LineString","coordinates":[[139.78430138888888,35.62634661111111],[139.7842728611111,35.62632888888889],[139.7797056111111,35.623877916666665],[139.77852347222222,35.62321247222222],[139.7784245,35.623158777777775]]},"properties":{"id":"tokyo-metropolitan-recommended-197","name":"東京都自転車推奨ルート 東30","reference_type":"recommended_route","status":"planned","source":{"name":"東京都建設局","url":"https://catalog.data.metro.tokyo.lg.jp/dataset/t000014d0000000026","retrieved_at":"2026-08-24T15:28:14.399Z","license":"CC BY 4.0","source_date":"2015-04","reference_date":"2015-04"},"notes":"Official route geometry and source-date status. The source does not identify physical separation or comfort class.","official_fields":{"区間番号":"東30","道路種別":"臨港道路等","整備状況":"未整備","建設事務所":"第五建設事務所","エリア":"臨海部周辺"}}},{"type":"Feature","geometry":{"type":"LineString","coordinates":[[139.7784245,35.623158777777775],[139.7784485,35.62310413888889],[139.7786325,35.62274425],[139.77920375,35.621459],[139.7797172777778,35.62043361111111],[139.78002977777777,35.619833694444445],[139.78070475,35.61886713888889],[139.78102969444444,35.61843691666667]]},"properties":{"id":"tokyo-metropolitan-recommended-198","name":"東京都自転車推奨ルート 東28","reference_type":"recommended_route","status":"planned","source":{"name":"東京都建設局","url":"https://catalog.data.metro.tokyo.lg.jp/dataset/t000014d0000000026","retrieved_at":"2026-08-24T15:28:14.399Z","license":"CC BY 4.0","source_date":"2015-04","reference_date":"2015-04"},"notes":"Official route geometry and source-date status. The source does not identify physical separation or comfort class.","official_fields":{"区間番号":"東28","道路種別":"臨港道路等","整備状況":"未整備","建設事務所":"第五建設事務所","エリア":"臨海部周辺"}}},{"type":"Feature","geometry":{"type":"LineString","coordinates":[[139.7784245,35.623158777777775],[139.77378025,35.620654305555554]]},"properties":{"id":"tokyo-metropolitan-recommended-199","name":"東京都自転車推奨ルート 東29","reference_type":"recommended_route","status":"planned","source":{"name":"東京都建設局","url":"https://catalog.data.metro.tokyo.lg.jp/dataset/t000014d0000000026","retrieved_at":"2026-08-24T15:28:14.399Z","license":"CC BY 4.0","source_date":"2015-04","reference_date":"2015-04"},"notes":"Official route geometry and source-date status. The source does not identify physical separation or comfort class.","official_fields":{"区間番号":"東29","道路種別":"臨港道路等","整備状況":"未整備","建設事務所":"第五建設事務所","エリア":"臨海部周辺"}}},{"type":"Feature","geometry":{"type":"LineString","coordinates":[[139.77021783333333,35.62521627777778],[139.77003033333332,35.625307916666664],[139.7699178611111,35.625382916666666],[139.7698178611111,35.625474555555556],[139.7695803611111,35.62572452777778],[139.7694928611111,35.625857833333335],[139.7694678611111,35.6259495],[139.7694553611111,35.62603283333333],[139.7694678611111,35.626107833333336],[139.7695178611111,35.6261745],[139.76961783333334,35.626257805555554],[139.77123016666667,35.627116083333334],[139.77135513888888,35.62718275],[139.7715426388889,35.62729105555555],[139.7717426111111,35.62739938888889],[139.77195508333332,35.62750772222222]]},"properties":{"id":"tokyo-metropolitan-recommended-200","name":"東京都自転車推奨ルート 港49","reference_type":"recommended_route","status":"planned","source":{"name":"東京都建設局","url":"https://catalog.data.metro.tokyo.lg.jp/dataset/t000014d0000000026","retrieved_at":"2026-08-24T15:28:14.399Z","license":"CC BY 4.0","source_date":"2015-04","reference_date":"2015-04"},"notes":"Official route geometry and source-date status. The source does not identify physical separation or comfort class.","official_fields":{"区間番号":"港49","道路種別":"臨港道路等","整備状況":"未整備","建設事務所":"第一建設事務所","エリア":"臨海部周辺"}}},{"type":"Feature","geometry":{"type":"LineString","coordinates":[[139.77195508333332,35.62750772222222],[139.77456730555556,35.628940944444444]]},"properties":{"id":"tokyo-metropolitan-recommended-201","name":"東京都自転車推奨ルート 港50","reference_type":"recommended_route","status":"planned","source":{"name":"東京都建設局","url":"https://catalog.data.metro.tokyo.lg.jp/dataset/t000014d0000000026","retrieved_at":"2026-08-24T15:28:14.399Z","license":"CC BY 4.0","source_date":"2015-04","reference_date":"2015-04"},"notes":"Official route geometry and source-date status. The source does not identify physical separation or comfort class.","official_fields":{"区間番号":"港50","道路種別":"臨港道路等","整備状況":"未整備","建設事務所":"第一建設事務所","エリア":"臨海部周辺"}}},{"type":"Feature","geometry":{"type":"LineString","coordinates":[[139.77456730555556,35.628940944444444],[139.77659208333333,35.630024194444445],[139.77872936111112,35.63118244444444]]},"properties":{"id":"tokyo-metropolitan-recommended-202","name":"東京都自転車推奨ルート 港51","reference_type":"recommended_route","status":"planned","source":{"name":"東京都建設局","url":"https://catalog.data.metro.tokyo.lg.jp/dataset/t000014d0000000026","retrieved_at":"2026-08-24T15:28:14.399Z","license":"CC BY 4.0","source_date":"2015-04","reference_date":"2015-04"},"notes":"Official route geometry and source-date status. The source does not identify physical separation or comfort class.","official_fields":{"区間番号":"港51","道路種別":"臨港道路等","整備状況":"未整備","建設事務所":"第一建設事務所","エリア":"臨海部周辺"}}},{"type":"Feature","geometry":{"type":"LineString","coordinates":[[139.77872936111112,35.63118244444444],[139.77881686111112,35.63104913888889],[139.77896683333333,35.63074916666667],[139.7791043611111,35.630515861111114],[139.77916686111112,35.63041586111111],[139.77931683333333,35.630249222222226],[139.77937091666666,35.63019386111111]]},"properties":{"id":"tokyo-metropolitan-recommended-203","name":"東京都自転車推奨ルート 港53","reference_type":"recommended_route","status":"planned","source":{"name":"東京都建設局","url":"https://catalog.data.metro.tokyo.lg.jp/dataset/t000014d0000000026","retrieved_at":"2026-08-24T15:28:14.399Z","license":"CC BY 4.0","source_date":"2015-04","reference_date":"2015-04"},"notes":"Official route geometry and source-date status. The source does not identify physical separation or comfort class.","official_fields":{"区間番号":"港53","道路種別":"臨港道路等","整備状況":"未整備","建設事務所":"第一建設事務所","エリア":"臨海部周辺"}}},{"type":"Feature","geometry":{"type":"LineString","coordinates":[[139.77872936111112,35.63118244444444],[139.7785793611111,35.63139075],[139.7782418611111,35.63179069444445],[139.7776168888889,35.63254061111111],[139.77722938888888,35.63301555555555],[139.77635441666666,35.634065416666665],[139.77611691666667,35.63436538888889],[139.77587816666667,35.634700333333335],[139.77581286111112,35.63487172222222],[139.77580441666666,35.635131972222226],[139.77584191666668,35.63527363888889],[139.7759168888889,35.63539027777778],[139.77612936111112,35.635581916666666]]},"properties":{"id":"tokyo-metropolitan-recommended-204","name":"東京都自転車推奨ルート 港52","reference_type":"recommended_route","status":"planned","source":{"name":"東京都建設局","url":"https://catalog.data.metro.tokyo.lg.jp/dataset/t000014d0000000026","retrieved_at":"2026-08-24T15:28:14.399Z","license":"CC BY 4.0","source_date":"2015-04","reference_date":"2015-04"},"notes":"Official route geometry and source-date status. The source does not identify physical separation or comfort class.","official_fields":{"区間番号":"港52","道路種別":"臨港道路等","整備状況":"未整備","建設事務所":"第一建設事務所","エリア":"臨海部周辺"}}},{"type":"Feature","geometry":{"type":"LineString","coordinates":[[139.77731705555556,35.629165972222225],[139.77659208333333,35.630024194444445]]},"properties":{"id":"tokyo-metropolitan-recommended-205","name":"東京都自転車推奨ルート 港62","reference_type":"recommended_route","status":"planned","source":{"name":"東京都建設局","url":"https://catalog.data.metro.tokyo.lg.jp/dataset/t000014d0000000026","retrieved_at":"2026-08-24T15:28:14.399Z","license":"CC BY 4.0","source_date":"2015-04","reference_date":"2015-04"},"notes":"Official route geometry and source-date status. The source does not identify physical separation or comfort class.","official_fields":{"区間番号":"港62","道路種別":"臨港道路等","整備状況":"未整備","建設事務所":"第一建設事務所","エリア":"臨海部周辺"}}},{"type":"Feature","geometry":{"type":"LineString","coordinates":[[139.77135513888888,35.62718275],[139.7720551388889,35.62631616666667]]},"properties":{"id":"tokyo-metropolitan-recommended-206","name":"東京都自転車推奨ルート 港56","reference_type":"recommended_route","status":"planned","source":{"name":"東京都建設局","url":"https://catalog.data.metro.tokyo.lg.jp/dataset/t000014d0000000026","retrieved_at":"2026-08-24T15:28:14.399Z","license":"CC BY 4.0","source_date":"2015-04","reference_date":"2015-04"},"notes":"Official route geometry and source-date status. The source does not identify physical separation or comfort class.","official_fields":{"区間番号":"港56","道路種別":"臨港道路等","整備状況":"未整備","建設事務所":"第一建設事務所","エリア":"臨海部周辺"}}},{"type":"Feature","geometry":{"type":"LineString","coordinates":[[139.77195508333332,35.62750772222222],[139.77266755555556,35.626641166666666]]},"properties":{"id":"tokyo-metropolitan-recommended-207","name":"東京都自転車推奨ルート 港58","reference_type":"recommended_route","status":"planned","source":{"name":"東京都建設局","url":"https://catalog.data.metro.tokyo.lg.jp/dataset/t000014d0000000026","retrieved_at":"2026-08-24T15:28:14.399Z","license":"CC BY 4.0","source_date":"2015-04","reference_date":"2015-04"},"notes":"Official route geometry and source-date status. The source does not identify physical separation or comfort class.","official_fields":{"区間番号":"港58","道路種別":"臨港道路等","整備状況":"未整備","建設事務所":"第一建設事務所","エリア":"臨海部周辺"}}},{"type":"Feature","geometry":{"type":"LineString","coordinates":[[139.77215511111112,35.626191194444445],[139.7728676111111,35.62534130555556]]},"properties":{"id":"tokyo-metropolitan-recommended-208","name":"東京都自転車推奨ルート 港57","reference_type":"recommended_route","status":"planned","source":{"name":"東京都建設局","url":"https://catalog.data.metro.tokyo.lg.jp/dataset/t000014d0000000026","retrieved_at":"2026-08-24T15:28:14.399Z","license":"CC BY 4.0","source_date":"2015-04","reference_date":"2015-04"},"notes":"Official route geometry and source-date status. The source does not identify physical separation or comfort class.","official_fields":{"区間番号":"港57","道路種別":"臨港道路等","整備状況":"未整備","建設事務所":"第一建設事務所","エリア":"臨海部周辺"}}},{"type":"Feature","geometry":{"type":"LineString","coordinates":[[139.77275505555556,35.626532833333336],[139.77340505555554,35.62570794444444]]},"properties":{"id":"tokyo-metropolitan-recommended-209","name":"東京都自転車推奨ルート 港59","reference_type":"recommended_route","status":"planned","source":{"name":"東京都建設局","url":"https://catalog.data.metro.tokyo.lg.jp/dataset/t000014d0000000026","retrieved_at":"2026-08-24T15:28:14.399Z","license":"CC BY 4.0","source_date":"2015-04","reference_date":"2015-04"},"notes":"Official route geometry and source-date status. The source does not identify physical separation or comfort class.","official_fields":{"区間番号":"港59","道路種別":"臨港道路等","整備状況":"未整備","建設事務所":"第一建設事務所","エリア":"臨海部周辺"}}},{"type":"Feature","geometry":{"type":"LineString","coordinates":[[139.77456730555556,35.628940944444444],[139.77527977777777,35.62805772222222]]},"properties":{"id":"tokyo-metropolitan-recommended-210","name":"東京都自転車推奨ルート 港60","reference_type":"recommended_route","status":"planned","source":{"name":"東京都建設局","url":"https://catalog.data.metro.tokyo.lg.jp/dataset/t000014d0000000026","retrieved_at":"2026-08-24T15:28:14.399Z","license":"CC BY 4.0","source_date":"2015-04","reference_date":"2015-04"},"notes":"Official route geometry and source-date status. The source does not identify physical separation or comfort class.","official_fields":{"区間番号":"港60","道路種別":"臨港道路等","整備状況":"未整備","建設事務所":"第一建設事務所","エリア":"臨海部周辺"}}},{"type":"Feature","geometry":{"type":"LineString","coordinates":[[139.77734847222223,35.625416361111114],[139.77759166666667,35.624943333333334],[139.7784245,35.623158777777775]]},"properties":{"id":"tokyo-metropolitan-recommended-211","name":"東京都自転車推奨ルート 東27","reference_type":"recommended_route","status":"planned","source":{"name":"東京都建設局","url":"https://catalog.data.metro.tokyo.lg.jp/dataset/t000014d0000000026","retrieved_at":"2026-08-24T15:28:14.399Z","license":"CC BY 4.0","source_date":"2015-04","reference_date":"2015-04"},"notes":"Official route geometry and source-date status. The source does not identify physical separation or comfort class.","official_fields":{"区間番号":"東27","道路種別":"臨港道路等","整備状況":"未整備","建設事務所":"第五建設事務所","エリア":"臨海部周辺"}}},{"type":"Feature","geometry":{"type":"LineString","coordinates":[[139.8255185,35.64685658333333],[139.82522466666666,35.64891469444444],[139.82451333333333,35.653858416666665],[139.82443433333333,35.654411055555556]]},"properties":{"id":"tokyo-metropolitan-recommended-212","name":"東京都自転車推奨ルート 東35","reference_type":"recommended_route","status":"planned","source":{"name":"東京都建設局","url":"https://catalog.data.metro.tokyo.lg.jp/dataset/t000014d0000000026","retrieved_at":"2026-08-24T15:28:14.399Z","license":"CC BY 4.0","source_date":"2015-04","reference_date":"2015-04"},"notes":"Official route geometry and source-date status. The source does not identify physical separation or comfort class.","official_fields":{"区間番号":"東35","道路種別":"臨港道路等","整備状況":"未整備","建設事務所":"第五建設事務所","エリア":"臨海部周辺"}}},{"type":"Feature","geometry":{"type":"LineString","coordinates":[[139.83751122222222,35.64721925],[139.83736755555555,35.645673583333334],[139.83736130555556,35.645611083333336],[139.83704902777777,35.641774],[139.83686163888888,35.639690888888886],[139.8368553888889,35.63963672222222],[139.83655558333334,35.63600377777778],[139.83645563888888,35.63487055555556],[139.83637566666667,35.633546055555556],[139.8361711388889,35.631412222222224],[139.83603711111112,35.63045019444444],[139.83582469444445,35.629117],[139.83580594444445,35.629033666666665],[139.83561230555554,35.62735883333333],[139.83534994444443,35.62497991666667],[139.83533744444443,35.62490911111111],[139.83513127777778,35.62301763888889],[139.83512505555555,35.622963472222224],[139.83489372222223,35.620458722222224],[139.83485680555555,35.620032055555555],[139.83481372222224,35.61954016666667],[139.8346897222222,35.61885630555555],[139.83453083333333,35.618409166666666],[139.83443925,35.61819083333334],[139.83424641666667,35.617860388888886],[139.83400075,35.61752808333333],[139.83374597222223,35.61718786111111],[139.83357225,35.616967333333335],[139.83255883333334,35.61581211111111]]},"properties":{"id":"tokyo-metropolitan-recommended-213","name":"東京都自転車推奨ルート 東36","reference_type":"recommended_route","status":"planned","source":{"name":"東京都建設局","url":"https://catalog.data.metro.tokyo.lg.jp/dataset/t000014d0000000026","retrieved_at":"2026-08-24T15:28:14.399Z","license":"CC BY 4.0","source_date":"2015-04","reference_date":"2015-04"},"notes":"Official route geometry and source-date status. The source does not identify physical separation or comfort class.","official_fields":{"区間番号":"東36","道路種別":"臨港道路等","整備状況":"未整備","建設事務所":"第五建設事務所","エリア":"臨海部周辺"}}},{"type":"Feature","geometry":{"type":"LineString","coordinates":[[139.78424897222223,35.63471066666666],[139.78450897222223,35.63460097222222],[139.78608666666668,35.63261958333333],[139.78608666666668,35.63261958333333]]},"properties":{"id":"tokyo-metropolitan-recommended-214","name":"東京都自転車推奨ルート 東23","reference_type":"recommended_route","status":"planned","source":{"name":"東京都建設局","url":"https://catalog.data.metro.tokyo.lg.jp/dataset/t000014d0000000026","retrieved_at":"2026-08-24T15:28:14.399Z","license":"CC BY 4.0","source_date":"2015-04","reference_date":"2015-04"},"notes":"Official route geometry and source-date status. The source does not identify physical separation or comfort class.","official_fields":{"区間番号":"東23","道路種別":"臨港道路等","整備状況":"未整備","建設事務所":"第五建設事務所","エリア":"臨海部周辺"}}},{"type":"Feature","geometry":{"type":"LineString","coordinates":[[139.75287261111112,35.672025444444444],[139.75205505555556,35.67062261111111],[139.75202919444445,35.67057663888889],[139.75180477777778,35.67015280555555]]},"properties":{"id":"tokyo-metropolitan-recommended-215","name":"東京都自転車推奨ルート 千2-2","reference_type":"recommended_route","status":"planned","source":{"name":"東京都建設局","url":"https://catalog.data.metro.tokyo.lg.jp/dataset/t000014d0000000026","retrieved_at":"2026-08-24T15:28:14.399Z","license":"CC BY 4.0","source_date":"2015-04","reference_date":"2015-04"},"notes":"Official route geometry and source-date status. The source does not identify physical separation or comfort class.","official_fields":{"区間番号":"千2-2","道路種別":"都道","整備状況":"未整備","建設事務所":"第一建設事務所","エリア":"皇居周辺"}}},{"type":"Feature","geometry":{"type":"LineString","coordinates":[[139.73630805555555,35.58439475],[139.73656008333333,35.582982694444446]]},"properties":{"id":"tokyo-metropolitan-recommended-216","name":"東京都自転車推奨ルート 大5","reference_type":"recommended_route","status":"planned","source":{"name":"東京都建設局","url":"https://catalog.data.metro.tokyo.lg.jp/dataset/t000014d0000000026","retrieved_at":"2026-08-24T15:28:14.399Z","license":"CC BY 4.0","source_date":"2015-04","reference_date":"2015-04"},"notes":"Official route geometry and source-date status. The source does not identify physical separation or comfort class.","official_fields":{"区間番号":"大5","道路種別":"国道","整備状況":"未整備","建設事務所":"第二建設事務所","エリア":"大井ふ頭中央海浜公園周辺"}}},{"type":"Feature","geometry":{"type":"LineString","coordinates":[[139.7490176388889,35.667478055555556],[139.75024808333333,35.66707211111111]]},"properties":{"id":"tokyo-metropolitan-recommended-217","name":"東京都自転車推奨ルート 港18","reference_type":"recommended_route","status":"planned","source":{"name":"東京都建設局","url":"https://catalog.data.metro.tokyo.lg.jp/dataset/t000014d0000000026","retrieved_at":"2026-08-24T15:28:14.399Z","license":"CC BY 4.0","source_date":"2015-04","reference_date":"2015-04"},"notes":"Official route geometry and source-date status. The source does not identify physical separation or comfort class.","official_fields":{"区間番号":"港18","道路種別":"区市道","整備状況":"未整備","建設事務所":"第一建設事務所","エリア":"皇居周辺"}}},{"type":"Feature","geometry":{"type":"LineString","coordinates":[[139.75024808333333,35.66707211111111],[139.75038005555555,35.66702811111111]]},"properties":{"id":"tokyo-metropolitan-recommended-218","name":"東京都自転車推奨ルート 港18","reference_type":"recommended_route","status":"planned","source":{"name":"東京都建設局","url":"https://catalog.data.metro.tokyo.lg.jp/dataset/t000014d0000000026","retrieved_at":"2026-08-24T15:28:14.399Z","license":"CC BY 4.0","source_date":"2015-04","reference_date":"2015-04"},"notes":"Official route geometry and source-date status. The source does not identify physical separation or comfort class.","official_fields":{"区間番号":"港18","道路種別":"区市道","整備状況":"未整備","建設事務所":"第一建設事務所","エリア":"皇居周辺"}}},{"type":"Feature","geometry":{"type":"LineString","coordinates":[[139.54258497222227,35.663591527741],[139.5426349444445,35.66379983329659],[139.5428196944445,35.66448738885221],[139.54295836111115,35.66488322218558],[139.5431576666667,35.66531638885231],[139.54335816666674,35.665633305518995],[139.54419666666672,35.66695874996358],[139.54433872222228,35.66734794440808],[139.54438777777784,35.66757583329699],[139.5446071944445,35.66945827774163],[139.54460225000005,35.66973677774167],[139.54446025000004,35.671050777741804],[139.5444474166667,35.671845499964135],[139.5444743055556,35.67201919440859],[139.54454252777782,35.6721768055197],[139.54872911111116,35.68184924996519]]},"properties":{"id":"tokyo-metropolitan-priority-001","name":"東京都 平成23年度までの整備済み箇所","reference_type":"priority_section","status":"built","source":{"name":"東京都建設局","url":"https://catalog.data.metro.tokyo.lg.jp/dataset/t000014d0000000026","retrieved_at":"2026-08-24T15:28:14.399Z","license":"CC BY 4.0","source_date":"2012-10","reference_date":"built through FY2011"},"notes":"Archived official planning geometry. It must not override newer as-built or field-verified information.","official_fields":{"凡例名称":"平成23年度までの整備済み箇所","建設事務所":"B10","建設事務2":"北多摩南部建設事務所"}}},{"type":"Feature","geometry":{"type":"LineString","coordinates":[[139.4472668611112,35.68584580552118],[139.4472293333334,35.68652072218791],[139.44722930555565,35.686820694410166],[139.44720430555563,35.68715399996576],[139.44714175000007,35.688478861077],[139.44714175000007,35.68865383329924],[139.44711672222235,35.68918711107708],[139.44707919444454,35.689895361077184],[139.44704166666676,35.69062030552169],[139.4470041111112,35.691353527743985],[139.4469791111112,35.69204513885518],[139.44694158333343,35.69275338885525],[139.44690402777783,35.693569972188676],[139.44680391666674,35.69608636107784],[139.44676638888896,35.69678630552235],[139.4467413611112,35.697494555522425],[139.44671633333343,35.69806947218917],[139.44670383333343,35.698352777744745]]},"properties":{"id":"tokyo-metropolitan-priority-002","name":"東京都 平成23年度までの整備済み箇所","reference_type":"priority_section","status":"built","source":{"name":"東京都建設局","url":"https://catalog.data.metro.tokyo.lg.jp/dataset/t000014d0000000026","retrieved_at":"2026-08-24T15:28:14.399Z","license":"CC BY 4.0","source_date":"2012-10","reference_date":"built through FY2011"},"notes":"Archived official planning geometry. It must not override newer as-built or field-verified information.","official_fields":{"凡例名称":"平成23年度までの整備済み箇所","建設事務所":"B11","建設事務2":"北多摩北部建設事務所"}}},{"type":"Feature","geometry":{"type":"LineString","coordinates":[[139.53898461111118,35.6778815832981],[139.53905961111116,35.677564972186964],[139.53917213888894,35.67695669440911],[139.53922213888893,35.67654841663129],[139.5392471666667,35.6763317499646],[139.5392596944445,35.675515194408966]]},"properties":{"id":"tokyo-metropolitan-priority-003","name":"東京都 平成23年度までの整備済み箇所","reference_type":"priority_section","status":"built","source":{"name":"東京都建設局","url":"https://catalog.data.metro.tokyo.lg.jp/dataset/t000014d0000000026","retrieved_at":"2026-08-24T15:28:14.399Z","license":"CC BY 4.0","source_date":"2012-10","reference_date":"built through FY2011"},"notes":"Archived official planning geometry. It must not override newer as-built or field-verified information.","official_fields":{"凡例名称":"平成23年度までの整備済み箇所","建設事務所":"B10","建設事務2":"北多摩南部建設事務所"}}},{"type":"Feature","geometry":{"type":"LineString","coordinates":[[139.68425980555557,35.68326688885421],[139.6838723333333,35.683041916631986],[139.68329741666665,35.682716944409734],[139.6829724444444,35.682525277743046],[139.6826099722222,35.682325305520806],[139.68241,35.682208638854114],[139.68201005555557,35.68198366663187],[139.68087266666666,35.68131702774291],[139.68062269444445,35.68120038885402],[139.6804102222222,35.681117055520666],[139.67959780555555,35.680825388853975],[139.67689805555557,35.67990877774276],[139.6753982222222,35.679367166631586],[139.67504825,35.67924216663157],[139.67472327777782,35.679125499964904],[139.67423583333334,35.67894216663155],[139.6724735,35.67830888885371],[139.67171108333332,35.678050555520336],[139.67064869444445,35.67765058329806],[139.67043619444445,35.6775589166314],[139.66907386111112,35.67705894440913],[139.66889886111113,35.67699227774243],[139.66846141666667,35.67684230552019],[139.66773647222223,35.67658397218685],[139.66718652777777,35.67638399996459],[139.66661158333332,35.67617566663126],[139.66564919444446,35.67584236107567],[139.66494925,35.67559236107563],[139.66436180555556,35.67537572218673],[139.66314941666667,35.674909083297784],[139.66297444444444,35.67484241663111]]},"properties":{"id":"tokyo-metropolitan-priority-004","name":"東京都 平成23年度までの整備済み箇所","reference_type":"priority_section","status":"built","source":{"name":"東京都建設局","url":"https://catalog.data.metro.tokyo.lg.jp/dataset/t000014d0000000026","retrieved_at":"2026-08-24T15:28:14.399Z","license":"CC BY 4.0","source_date":"2012-10","reference_date":"built through FY2011"},"notes":"Archived official planning geometry. It must not override newer as-built or field-verified information.","official_fields":{"凡例名称":"平成23年度までの整備済み箇所","建設事務所":"B02","建設事務2":"第二建設事務所"}}},{"type":"Feature","geometry":{"type":"LineString","coordinates":[[139.84200680555546,35.735030777748705],[139.84211930555546,35.73492244441535],[139.8428317777777,35.734089222193035],[139.84299427777773,35.733889249970794],[139.8436942499999,35.73312266663737],[139.84376924999995,35.733031027748474],[139.84396924999993,35.73279772219291],[139.8442942499999,35.73243108330397],[139.8445317499999,35.7321727777484],[139.84476922222217,35.73192280552613],[139.84493172222216,35.73171452774833],[139.84541919444436,35.73116458330383],[139.84568169444438,35.730881277748246],[139.84593169444437,35.73058963885933],[139.84629416666658,35.73016469441483],[139.84665666666658,35.729748083303676],[139.8469066666666,35.72946480552588],[139.8471441666666,35.72919813885917],[139.8472691388888,35.72907316663694],[139.8479941388888,35.72825661108129],[139.8480441388888,35.72819827774796],[139.84899408333328,35.727240055525634],[139.84905658333324,35.72718172219228],[139.84936908333324,35.726865111081146],[139.8494690555555,35.7267817777478],[139.84961908333327,35.72661513885891],[139.8503065277777,35.72592355552549],[139.8503690277777,35.72586524996993],[139.85076902777772,35.72547361108101],[139.8508190277777,35.72540694441433],[139.85114402777768,35.725073666636504],[139.85126899999995,35.72496533330316],[139.8518564722221,35.72436541663644],[139.85221897222215,35.72400713885861],[139.85265644444436,35.7235738610808],[139.85291894444435,35.72330722219188],[139.85324391666657,35.72298224996962],[139.8541189166666,35.722099027747305],[139.85489388888882,35.72133247219167],[139.85518136111102,35.721049166636085],[139.85571883333327,35.72050755552491],[139.85608133333326,35.72013261108042],[139.85625630555546,35.71995763885817],[139.85655630555544,35.71968266663592],[139.85691880555547,35.719291055524785],[139.85696758333327,35.71923994441365]]},"properties":{"id":"tokyo-metropolitan-priority-005","name":"東京都 平成23年度までの整備済み箇所","reference_type":"priority_section","status":"built","source":{"name":"東京都建設局","url":"https://catalog.data.metro.tokyo.lg.jp/dataset/t000014d0000000026","retrieved_at":"2026-08-24T15:28:14.399Z","license":"CC BY 4.0","source_date":"2012-10","reference_date":"built through FY2011"},"notes":"Archived official planning geometry. It must not override newer as-built or field-verified information.","official_fields":{"凡例名称":"平成23年度までの整備済み箇所","建設事務所":"B05","建設事務2":"第五建設事務所"}}},{"type":"Feature","geometry":{"type":"LineString","coordinates":[[139.79743399999995,35.70825733330136],[139.7967492777777,35.70860780552364],[139.7966368055555,35.70866613885696],[139.7965368055555,35.708716138856964],[139.79641180555552,35.7087661110792],[139.79632430555552,35.7087911110792],[139.79616183333331,35.70882444441254]]},"properties":{"id":"tokyo-metropolitan-priority-006","name":"東京都 平成23年度までの整備済み箇所","reference_type":"priority_section","status":"built","source":{"name":"東京都建設局","url":"https://catalog.data.metro.tokyo.lg.jp/dataset/t000014d0000000026","retrieved_at":"2026-08-24T15:28:14.399Z","license":"CC BY 4.0","source_date":"2012-10","reference_date":"built through FY2011"},"notes":"Archived official planning geometry. It must not override newer as-built or field-verified information.","official_fields":{"凡例名称":"平成23年度までの整備済み箇所","建設事務所":"B06","建設事務2":"第六建設事務所"}}},{"type":"Feature","geometry":{"type":"LineString","coordinates":[[139.8136540833333,35.709049638857],[139.8135292777777,35.709064527745895],[139.81335366666661,35.70906449996813],[139.81254827777772,35.70899958330145],[139.81106186111103,35.70892444441254],[139.80855586111102,35.70882061107921],[139.80320536111103,35.7085213333014],[139.80226133333323,35.708499222190284],[139.80200455555553,35.70847516663473],[139.7985116944444,35.70771627774575],[139.7983616944444,35.70783291663464],[139.7982741944444,35.70785791663466],[139.79809919444435,35.70793291663466],[139.79744924999994,35.708249527745814],[139.79743399999995,35.70825733330136]]},"properties":{"id":"tokyo-metropolitan-priority-007","name":"東京都 平成23年度までの整備済み箇所","reference_type":"priority_section","status":"built","source":{"name":"東京都建設局","url":"https://catalog.data.metro.tokyo.lg.jp/dataset/t000014d0000000026","retrieved_at":"2026-08-24T15:28:14.399Z","license":"CC BY 4.0","source_date":"2012-10","reference_date":"built through FY2011"},"notes":"Archived official planning geometry. It must not override newer as-built or field-verified information.","official_fields":{"凡例名称":"平成23年度までの整備済み箇所","建設事務所":"B05","建設事務2":"第五建設事務所"}}},{"type":"Feature","geometry":{"type":"LineString","coordinates":[[139.78393774999995,35.71109066663501],[139.78357527777774,35.711148972190564],[139.7830503055555,35.7112489444128],[139.78206288888885,35.711423916635034],[139.78152541666663,35.71152388885728],[139.78067549999994,35.71166552774617],[139.78012552777773,35.711765527746174],[139.78006302777771,35.711782166635075],[139.7796630555555,35.71185716663508],[139.77921308333327,35.711940472190655],[139.77892561111105,35.711998805523976],[139.77848813888886,35.712082111079546],[139.7781756666666,35.71216544441289]]},"properties":{"id":"tokyo-metropolitan-priority-008","name":"東京都 平成23年度までの整備済み箇所","reference_type":"priority_section","status":"built","source":{"name":"東京都建設局","url":"https://catalog.data.metro.tokyo.lg.jp/dataset/t000014d0000000026","retrieved_at":"2026-08-24T15:28:14.399Z","license":"CC BY 4.0","source_date":"2012-10","reference_date":"built through FY2011"},"notes":"Archived official planning geometry. It must not override newer as-built or field-verified information.","official_fields":{"凡例名称":"平成23年度までの整備済み箇所","建設事務所":"B06","建設事務2":"第六建設事務所"}}},{"type":"Feature","geometry":{"type":"LineString","coordinates":[[139.7931012222222,35.67318652774204],[139.7923137777777,35.67351983329762],[139.7920637777777,35.673644805519864],[139.79201377777773,35.67366980551987],[139.7919013055555,35.673736444408775],[139.79172630555553,35.67384477774212],[139.7915763055555,35.673936416631],[139.79136383333326,35.67408641663101],[139.79123883333327,35.67416972218659],[139.79110133333327,35.67426138885327],[139.79098883333327,35.67432802774216],[139.7907638611111,35.67446969440885],[139.7907388611111,35.67449469440886],[139.79063886111106,35.67456966663107],[139.79006388888882,35.67501961107557],[139.78985138888885,35.675186249964476],[139.78958891666662,35.67537791663116],[139.7893139166666,35.67560288885341],[139.7889264444444,35.67593616663122],[139.7888139444444,35.676011166631234]]},"properties":{"id":"tokyo-metropolitan-priority-009","name":"東京都 平成23年度までの整備済み箇所","reference_type":"priority_section","status":"built","source":{"name":"東京都建設局","url":"https://catalog.data.metro.tokyo.lg.jp/dataset/t000014d0000000026","retrieved_at":"2026-08-24T15:28:14.399Z","license":"CC BY 4.0","source_date":"2012-10","reference_date":"built through FY2011"},"notes":"Archived official planning geometry. It must not override newer as-built or field-verified information.","official_fields":{"凡例名称":"平成23年度までの整備済み箇所","建設事務所":"B05","建設事務2":"第五建設事務所"}}},{"type":"Feature","geometry":{"type":"LineString","coordinates":[[139.8739550277777,35.715833388857746],[139.8741924999999,35.71609169441333],[139.87462997222212,35.71653333330226],[139.8750298888888,35.71689997219121],[139.87546733333323,35.717324916635675],[139.877329611111,35.71906644441364],[139.877354611111,35.71909141663586],[139.87747958333324,35.71922474996922],[139.87752958333326,35.71927474996922],[139.87809199999992,35.719783027747056],[139.8781794999999,35.719874694413726],[139.87857944444437,35.72025799996932],[139.87895441666657,35.720607972191594],[139.87904188888876,35.72069127774716],[139.88004177777768,35.721649527747246],[139.8801417499999,35.721724527747256],[139.88076669444433,35.72230780552511],[139.88097913888876,35.72250777774735]]},"properties":{"id":"tokyo-metropolitan-priority-010","name":"東京都 平成23年度までの整備済み箇所","reference_type":"priority_section","status":"built","source":{"name":"東京都建設局","url":"https://catalog.data.metro.tokyo.lg.jp/dataset/t000014d0000000026","retrieved_at":"2026-08-24T15:28:14.399Z","license":"CC BY 4.0","source_date":"2012-10","reference_date":"built through FY2011"},"notes":"Archived official planning geometry. It must not override newer as-built or field-verified information.","official_fields":{"凡例名称":"平成23年度までの整備済み箇所","建設事務所":"B05","建設事務2":"第五建設事務所"}}},{"type":"Feature","geometry":{"type":"LineString","coordinates":[[139.74752486111106,35.78467380553185],[139.74758736111104,35.78482380553188],[139.7476998333333,35.78514041664301],[139.74781230555553,35.785307083309704],[139.7479998055555,35.785515388865285],[139.74828724999995,35.78579872219864]]},"properties":{"id":"tokyo-metropolitan-priority-011","name":"東京都 平成23年度までの整備済み箇所","reference_type":"priority_section","status":"built","source":{"name":"東京都建設局","url":"https://catalog.data.metro.tokyo.lg.jp/dataset/t000014d0000000026","retrieved_at":"2026-08-24T15:28:14.399Z","license":"CC BY 4.0","source_date":"2012-10","reference_date":"built through FY2011"},"notes":"Archived official planning geometry. It must not override newer as-built or field-verified information.","official_fields":{"凡例名称":"平成23年度までの整備済み箇所","建設事務所":"B06","建設事務2":"第六建設事務所"}}},{"type":"Feature","geometry":{"type":"LineString","coordinates":[[139.75591088888882,35.80196377775596],[139.75561886111106,35.8023059166449]]},"properties":{"id":"tokyo-metropolitan-priority-012","name":"東京都 平成23年度までの整備済み箇所","reference_type":"priority_section","status":"built","source":{"name":"東京都建設局","url":"https://catalog.data.metro.tokyo.lg.jp/dataset/t000014d0000000026","retrieved_at":"2026-08-24T15:28:14.399Z","license":"CC BY 4.0","source_date":"2012-10","reference_date":"built through FY2011"},"notes":"Archived official planning geometry. It must not override newer as-built or field-verified information.","official_fields":{"凡例名称":"平成23年度までの整備済み箇所","建設事務所":"B06","建設事務2":"第六建設事務所"}}},{"type":"Feature","geometry":{"type":"LineString","coordinates":[[139.889700611111,35.78356808330952],[139.889813111111,35.78317644442059],[139.88986313888884,35.78304313886501],[139.8898756388888,35.78296813886501],[139.8901506388888,35.78214324997602],[139.89020066666654,35.78195158330933],[139.89022566666657,35.78176827775376],[139.8902381666666,35.78156830553152],[139.89021316666657,35.781334999975954],[139.89017569444434,35.78116002775371],[139.89010072222212,35.78095169442033],[139.89001322222214,35.78076838886477],[139.8897382499999,35.78031841664249],[139.8896257777777,35.78016011108693],[139.88945080555547,35.77996013886467],[139.88928833333324,35.77976847219799],[139.889063361111,35.77956849997575],[139.88885088888878,35.77940183330906],[139.88857591666655,35.77923519442017],[139.88812597222213,35.77898519442014],[139.88723855555548,35.77850191664229],[139.88690108333324,35.77832691664227],[139.8865136388888,35.77812694442004],[139.88631366666658,35.77801027775336],[139.88580122222214,35.77770197219777],[139.8852887777777,35.77741866664219],[139.8842513888888,35.77682705553101],[139.88395141666655,35.776635388864314],[139.8830764999999,35.77601877775314],[139.88263905555547,35.77571880553088],[139.88230161111102,35.7754354999753],[139.8820516388888,35.77522716664193],[139.8817266666666,35.77495219441969],[139.8813392222221,35.77457722219743],[139.88093927777766,35.77417724997517],[139.88025186111105,35.773335666641735],[139.88005188888877,35.77305236108616],[139.87963947222212,35.772410777752754],[139.8791895277777,35.77161916664155],[139.87893958333322,35.77113588886374],[139.878802111111,35.770835916641474],[139.8785521666666,35.770285972196966],[139.87851466666655,35.77020263886362],[139.8785021666666,35.77012766664138],[139.87852716666657,35.77002766664138],[139.87853966666657,35.76994436108582],[139.87852716666657,35.769877694419144],[139.87845219444435,35.769777694419126],[139.87838969444437,35.7697193610858],[139.8782771944444,35.76967769441912],[139.87817722222215,35.76964436108578],[139.87810222222214,35.76960269441911],[139.8780022499999,35.76949438886355],[139.8779772222221,35.76944438886354],[139.8778897499999,35.76922774997462],[139.87786474999987,35.769136083307956],[139.8778147777777,35.76885277775238],[139.87778980555547,35.768602805530115],[139.87777730555547,35.76851113886343],[139.87776480555547,35.76826949997452],[139.87776480555547,35.768152861085625],[139.87777733333326,35.768061194418955],[139.87780233333325,35.767977888863385],[139.87787733333326,35.76780288886336],[139.87791483333325,35.76768624997445],[139.87796483333324,35.76754458330778],[139.87798983333326,35.76735294441886],[139.878039861111,35.76701963886328],[139.878077361111,35.76688633330772],[139.87821486111102,35.76661136108546],[139.87858983333322,35.76601141664093],[139.87881483333325,35.765611472196454],[139.87907736111103,35.76511152775196],[139.87935236111102,35.76448661108522],[139.87941486111103,35.76426997219631],[139.879489861111,35.764003333307386],[139.87950238888877,35.763778361085166],[139.8795273888888,35.763478388862886],[139.87952741666658,35.76297844441838],[139.87955241666657,35.76275347219614],[139.8795774166666,35.76257847219612],[139.87965244444436,35.76229519441831],[139.87985244444434,35.761711916640486],[139.88013994444435,35.76097866664039],[139.88028994444437,35.76062869441814],[139.88041494444434,35.760353722195894],[139.88045247222212,35.76023708330698],[139.8805149722221,35.76001211108475],[139.88056497222215,35.75976213886249],[139.88061497222213,35.75948716664024],[139.88063999999991,35.75918719441798],[139.88066499999988,35.75898722219574],[139.8806774999999,35.75860391664014],[139.88066502777767,35.75816230552898],[139.88067755555548,35.758028999973405],[139.8807150555555,35.757903999973415],[139.88077755555548,35.75767902775114],[139.88094005555547,35.757237416639995],[139.88099005555543,35.75708741663996],[139.88104005555545,35.75698744441775],[139.88122755555545,35.75667913886216],[139.8814650555555,35.75637086108434],[139.8822525277777,35.75527097219534],[139.88292752777767,35.754396083306354],[139.88340252777766,35.753737833306275],[139.88371499999994,35.75325455552845],[139.88373999999988,35.75322122219513],[139.88375249999993,35.75320455552844],[139.88381499999988,35.753129555528446],[139.88388999999992,35.753021249972875],[139.88451497222215,35.752287999972786],[139.8846774722221,35.75209636108388],[139.88550247222213,35.751079805528214],[139.88570247222214,35.75081316663931],[139.88592744444432,35.75057155552815],[139.88640244444434,35.74998827775031],[139.88683991666656,35.749496666639146],[139.88707741666659,35.74926336108358],[139.8873774166666,35.74898841663911],[139.88777738888876,35.748646777750174],[139.888202361111,35.74832183330569],[139.88902730555546,35.747696916638944],[139.88933980555547,35.74748027775004],[139.88978977777765,35.74717197219446],[139.8900772777777,35.74699699997221],[139.89060224999992,35.74669705552774],[139.8907147222221,35.74662205552772],[139.89081472222213,35.74652205552773],[139.89085222222212,35.7464470833055],[139.89087722222214,35.746355416638806],[139.8908772499999,35.7462304166388],[139.8908897499999,35.74597211108322],[139.89090224999993,35.74589713886099],[139.89093974999992,35.745705472194295],[139.89098977777766,35.74539719441649],[139.89102727777768,35.74512222219423],[139.8910522777777,35.744955555527554],[139.89106477777767,35.74488058330531],[139.89106480555546,35.74443894441638],[139.89107730555546,35.744313972194156],[139.89111483333323,35.74409733330523],[139.89116483333325,35.743855694416325],[139.89126483333325,35.74354738886074],[139.8913148333332,35.743364083305146],[139.89141483333324,35.7430891110829],[139.8916773333332,35.74246419441616],[139.89183983333322,35.74209755552724],[139.891877361111,35.741955916638354],[139.891877361111,35.741872583304975],[139.89191488888878,35.74126430552715],[139.89191488888878,35.74122263886048],[139.8919399166666,35.740697694415964],[139.89195241666656,35.74055605552709],[139.89197741666655,35.7401560833048],[139.89200244444436,35.739989444415905],[139.89203994444435,35.73985613886033],[139.89208994444436,35.73965616663809],[139.89212744444433,35.73957283330473],[139.89215244444435,35.73951449997142],[139.89221494444433,35.739439499971404],[139.89228994444437,35.73935619441584],[139.89243991666658,35.73919786108248],[139.89247744444435,35.739131222193585],[139.89250244444432,35.73904788886026],[139.89251494444434,35.73895622219357],[139.89251494444434,35.738789583304666],[139.89251494444434,35.73873958330467],[139.89251494444434,35.73859794441573],[139.89251494444434,35.73845627774907],[139.89251497222213,35.73840630552685],[139.8925274722221,35.73828963886017],[139.89255247222212,35.73819797219348],[139.89260247222214,35.738106333304586],[139.8926399722221,35.73804799997125],[139.89267747222215,35.7379396666379],[139.89267747222215,35.73790633330456],[139.89271497222214,35.737731361082325],[139.89271497222214,35.73761472219341],[139.8927024999999,35.73707311108226],[139.89276502777767,35.73653149997108],[139.8927900277777,35.736456499971084],[139.89280252777766,35.736348194415505],[139.89284002777768,35.73620652774882],[139.89294002777766,35.73586491663767],[139.89312755555548,35.735339972193174],[139.89316505555547,35.73521497219318],[139.89320255555543,35.73503166663758],[139.89324005555548,35.734940027748685],[139.89332755555546,35.734531722193104],[139.8933525833332,35.73444838885975],[139.89341508333325,35.73429841663751],[139.89347758333324,35.73416511108193],[139.89361508333326,35.73354016663742],[139.89364008333325,35.73337352774852],[139.893727611111,35.73303188885959],[139.893802611111,35.732698583304],[139.893840111111,35.7325319444151],[139.89386513888877,35.73229863885951],[139.8938651666666,35.731682027748356],[139.8938651666666,35.73141538885941],[139.89389016666658,35.73118208330385],[139.89389019444434,35.73094044441493],[139.89391519444433,35.73071547219267],[139.89394022222214,35.72988222219258],[139.8939652499999,35.729540611081426],[139.8940152777777,35.72896566663693],[139.8941152777777,35.72833238885908],[139.89426530555548,35.72770747219235],[139.89444033333322,35.72714086108119],[139.89479033333325,35.72618263885886],[139.895090361111,35.725466055525445],[139.89512783333322,35.72534938885875],[139.895227861111,35.72508277774763],[139.895502861111,35.724282861080866],[139.895652861111,35.723782916636374],[139.89576538888878,35.7233829721919],[139.8958653888888,35.72297466663628],[139.8959153888888,35.72283302774737],[139.8960028888888,35.722583055525135],[139.89619038888878,35.7221914166362],[139.8964528888888,35.721691472191715],[139.89669038888877,35.72132486108055],[139.89694038888877,35.72097491663608],[139.89716538888877,35.72067494441381],[139.89766536111102,35.72008336108041],[139.897827861111,35.7199083610804],[139.89805286111098,35.71965838885814],[139.89899033333322,35.71883349996917],[139.89996527777768,35.71805027774686],[139.9008027499999,35.71733369441344],[139.90195269444436,35.7163004999689],[139.90240269444436,35.71589222219107],[139.9030026388888,35.71545061107992],[139.903427611111,35.715142305524324],[139.903940111111,35.71479236107984],[139.90420258333322,35.7146090277465],[139.90466505555545,35.71427574996867],[139.90563999999992,35.713550833301944],[139.9058899999999,35.713342555524136],[139.9059524999999,35.71327588885746],[139.90601499999988,35.71317588885746],[139.9060524999999,35.71310091663522],[139.90608999999992,35.71300091663522],[139.90608999999992,35.712950916635194],[139.90608999999992,35.7128759166352],[139.90630249999992,35.71258430552405],[139.90668999999988,35.71212602774623],[139.90697749999993,35.711792722190644],[139.9071024722221,35.711626083301745],[139.90715247222212,35.71152608330171],[139.90718997222214,35.7114511110795],[139.9072524999999,35.71131777774615],[139.9072649999999,35.711209472190575],[139.9072649999999,35.71112613885724],[139.9072399999999,35.71089283330166],[139.90721502777768,35.71073449996829],[139.90721502777768,35.710634527746066],[139.90721502777768,35.710551194412716],[139.9072400277777,35.710417888857165],[139.9072650277777,35.71026788885713],[139.9072900277777,35.71020124996825],[139.9073525277777,35.71010124996823],[139.9074150277777,35.71003458330154],[139.90747752777767,35.70995961107933],[139.9077400277777,35.70976794441263],[139.9078025277777,35.70971797219041],[139.9078524999999,35.709642972190395],[139.9078899999999,35.70957630552373],[139.90790252777765,35.70950966663483],[139.9079150277777,35.70935966663482],[139.90786502777766,35.709151361079236],[139.90790252777765,35.70906802774589],[139.90795252777767,35.70898472219033],[139.9080275277777,35.70887638885699],[139.90809002777766,35.70882638885698],[139.90820252777766,35.708743083301414],[139.9083399999999,35.708668083301404],[139.9087649999999,35.70848477774584],[139.90892747222213,35.7084014444125],[139.90926497222213,35.70811816663469],[139.90968994444432,35.70776819441242],[139.90985244444434,35.70762655552351],[139.90992744444435,35.70758488885685],[139.91003991666656,35.70749324996795],[139.9101274166665,35.70743491663461],[139.9102774166666,35.70735158330127],[139.91052741666658,35.707218277745696],[139.9108023888888,35.707068305523464],[139.911077361111,35.70691830552344],[139.911314861111,35.70678499996788],[139.911364861111,35.70675999996788],[139.91170233333324,35.70659336107895],[139.91178983333324,35.706560027745624],[139.91196480555544,35.70651005552341],[139.91261474999988,35.70642672219005],[139.91272724999988,35.70640174996783],[139.91281474999988,35.70637674996783],[139.91287724999992,35.706310083301155],[139.9134772222221,35.705643499967756],[139.9136772222221,35.7054685277455],[139.91435219444432,35.70487691663434],[139.91460219444437,35.7046353055232],[139.91496466666652,35.70424366663424],[139.91538966666656,35.703743749967536],[139.91557716666657,35.70354374996753],[139.9157896388888,35.70325213885638],[139.91590213888878,35.70308547218969],[139.91600213888879,35.70289383330078],[139.9162021388888,35.702493888856296],[139.91630213888874,35.70224391663406],[139.91638966666656,35.70205227774514],[139.91642716666655,35.702010611078485],[139.91660213888878,35.701852305522905],[139.91708966666656,35.70076908330056],[139.91732716666658,35.70020247218939],[139.9176396666666,35.69946088885597],[139.91773966666656,35.69916924996705],[139.91780216666655,35.69897761107814],[139.91783969444433,35.69881097218924],[139.91785219444432,35.698685999967005],[139.91783969444435,35.698535999966985],[139.91780219444433,35.69838602774475],[139.9177522222221,35.698252694411394],[139.91768972222212,35.69812772218917],[139.9173647777777,35.69752774996689],[139.91726480555548,35.69736111107795],[139.91666488888882,35.696411222188964],[139.9165898888888,35.69628622218896],[139.91650241666653,35.69616955552228],[139.91632744444436,35.69596958330004],[139.9160274722221,35.695636277744455],[139.9155650277777,35.69510299996662],[139.914990111111,35.6944530555221],[139.91450269444437,35.693769777744244],[139.9143652222221,35.693603138855345],[139.91374030555542,35.692986527744154],[139.91354033333323,35.69276155552192],[139.91241547222214,35.691403333299554],[139.91195302777768,35.69083672218838],[139.91180305555545,35.6906284166328],[139.91171558333323,35.69051174996612],[139.9116905833332,35.69043674996611],[139.91164058333325,35.69030344441055],[139.91162811111099,35.69019511107719],[139.91162811111099,35.68982016663269],[139.91159061111102,35.68973683329937],[139.9115406388888,35.689645166632694],[139.9105032499999,35.68862027774371],[139.91036577777766,35.68852861107701],[139.91022830555548,35.688461944410356],[139.90990333333326,35.68836194441034],[139.909503361111,35.68827027774364],[139.90930338888882,35.688203638854766],[139.90915338888877,35.688095305521415],[139.90905341666658,35.68792863885473],[139.90899091666654,35.68781199996583],[139.90891594444432,35.68750369441024],[139.90887844444433,35.68735369441022],[139.9088159722221,35.68723705552133],[139.9087034722221,35.687062055521295],[139.9085034999999,35.68679544441017],[139.9083035277777,35.68655377774348],[139.907703611111,35.68584552774339],[139.9075286388888,35.68564552774338],[139.90732866666656,35.685445555521135],[139.9070661944443,35.68522058329888],[139.9068412222221,35.685070583298874],[139.90656624999988,35.684903916632194],[139.90612880555548,35.68467894440993],[139.9057038333332,35.684478944409925],[139.90534138888881,35.68433730552102],[139.90511641666654,35.684253972187676],[139.90475394444437,35.68415397218765],[139.90400402777766,35.68397897218764],[139.90329158333324,35.68381233329874],[139.9027416388888,35.68372066663204],[139.90250416666657,35.68368733329872],[139.90192919444434,35.683612305520946],[139.9011417777777,35.68350397218759],[139.90049183333323,35.68343730552093],[139.90001686111103,35.68340397218758],[139.8997168888888,35.68337897218757],[139.89887947222215,35.68334563885423],[139.8985669999999,35.683353972187575],[139.897092111111,35.683445583298685],[139.896954611111,35.68345391663203],[139.8968046388888,35.683495583298686],[139.8966421388888,35.683553888854256],[139.89640466666657,35.68365388885427],[139.89626716666655,35.68373722218762],[139.89602969444434,35.68388719440987],[139.89595469444436,35.68392052774319],[139.89587969444435,35.68394549996541],[139.89576719444435,35.6839871666321],[139.89565469444435,35.683995499965434],[139.8955672222221,35.6839871666321],[139.89549222222215,35.68397049996542],[139.89519224999992,35.6838954999654],[139.89479227777767,35.683828833298755],[139.89447980555548,35.68374549996538],[139.8941423333332,35.68367049996538],[139.89340491666658,35.6835288332987],[139.89297994444433,35.68344552774316],[139.89276747222215,35.68337886107647],[139.8924549999999,35.683220527743124],[139.89180508333325,35.68291222218752],[139.89165508333326,35.68284555552085],[139.8912301388888,35.682678888854156],[139.89083016666657,35.68251224996526],[139.89055519444435,35.68242058329859],[139.8904052222221,35.682378916631905],[139.8902177499999,35.682337249965244],[139.8900177499999,35.68231224996523],[139.8898802499999,35.68229558329857],[139.8898302777777,35.682287249965256],[139.88966777777767,35.68224558329857],[139.88956780555543,35.68222058329857],[139.88953030555547,35.682203916631906],[139.88936780555545,35.68213724996521],[139.88934280555543,35.68212891663189],[139.88893036111102,35.68191227774297],[139.8887428888888,35.68181227774296],[139.8885179166666,35.681687305520725],[139.88810544444434,35.68146230552072],[139.88766799999988,35.68117899996511],[139.88748052777765,35.68107066663177],[139.88728055555546,35.680954027742885],[139.88708058333322,35.680804027742845],[139.88686808333324,35.680620722187285],[139.88670561111098,35.6804540555206],[139.8865556388888,35.68032908329835],[139.8863931388888,35.680245749965025],[139.88614316666659,35.68015408329834],[139.88583069444434,35.68005408329833],[139.88536824999989,35.67992074996498],[139.88526824999988,35.67989574996498],[139.88524327777768,35.67965411107606],[139.8852557777777,35.6795458055205],[139.88530577777766,35.679420805520486],[139.88533077777765,35.67932083329824],[139.88535580555546,35.678970861075996],[139.88538083333324,35.67822927774259],[139.88539333333324,35.678070944409235],[139.88539336111103,35.677396027742475],[139.8854058888888,35.676946083298],[139.88535588888877,35.67670444440908],[139.88528091666655,35.676346138853475],[139.88509347222214,35.67552122218674],[139.8849809999999,35.67510461107557],[139.8849309999999,35.67502127774224],[139.88488102777765,35.67497961107558],[139.8847435277777,35.674929611075555],[139.8846935277777,35.674896277742214],[139.88465605555544,35.67482130552],[139.88455605555546,35.67439633329773],[139.88441861111102,35.673754749964324],[139.884393611111,35.67368808329764],[139.884343611111,35.67364641663098],[139.88425613888882,35.67359641663097],[139.88410616666656,35.67347974996429],[139.88381869444436,35.67322977774206],[139.88356872222212,35.67301313885313],[139.8835062222221,35.67294647218644],[139.88346872222215,35.67287980551979],[139.8834437499999,35.67280483329755],[139.8833812499999,35.67260483329753],[139.88330627777768,35.67233819440861],[139.8832562777777,35.67208822218636],[139.8832562777777,35.67197155551969],[139.88328130555544,35.671846583297445],[139.88339380555544,35.67162161107521],[139.88350630555544,35.67137997218629],[139.88366880555546,35.67103836107514],[139.88371880555547,35.670921694408456],[139.88374380555547,35.670821694408446],[139.88374380555547,35.670746722186216],[139.88373133333326,35.670530055519535],[139.88370633333324,35.670246777741724],[139.883693861111,35.66989680551947],[139.88368136111103,35.66959683329722],[139.88363141666656,35.66883858329712],[139.88364391666659,35.66866361107489],[139.88368141666655,35.66843861107486],[139.88375644444437,35.66800533329703],[139.88383144444433,35.66764705551922],[139.88386894444437,35.66753872218589],[139.88425644444433,35.666813805519126],[139.88433144444434,35.66665549996356],[139.88436894444433,35.666555499963536],[139.88466894444434,35.66602222218571],[139.88471894444436,35.66589724996348]]},"properties":{"id":"tokyo-metropolitan-priority-013","name":"東京都 平成23年度までの整備済み箇所","reference_type":"priority_section","status":"built","source":{"name":"東京都建設局","url":"https://catalog.data.metro.tokyo.lg.jp/dataset/t000014d0000000026","retrieved_at":"2026-08-24T15:28:14.399Z","license":"CC BY 4.0","source_date":"2012-10","reference_date":"built through FY2011"},"notes":"Archived official planning geometry. It must not override newer as-built or field-verified information.","official_fields":{"凡例名称":"平成23年度までの整備済み箇所","建設事務所":"B05","建設事務2":"第五建設事務所"}}},{"type":"Feature","geometry":{"type":"LineString","coordinates":[[139.5126616944445,35.68854424996592],[139.51909788888895,35.68733758329911],[139.52039186111116,35.686955027743515],[139.52087188888893,35.686791277743495],[139.52134277777785,35.6865589999657],[139.52236088888895,35.68594772218785],[139.5233946944445,35.68533952774334]]},"properties":{"id":"tokyo-metropolitan-priority-014","name":"東京都 平成23年度までの整備済み箇所","reference_type":"priority_section","status":"built","source":{"name":"東京都建設局","url":"https://catalog.data.metro.tokyo.lg.jp/dataset/t000014d0000000026","retrieved_at":"2026-08-24T15:28:14.399Z","license":"CC BY 4.0","source_date":"2012-10","reference_date":"built through FY2011"},"notes":"Archived official planning geometry. It must not override newer as-built or field-verified information.","official_fields":{"凡例名称":"平成23年度までの整備済み箇所","建設事務所":"B10","建設事務2":"北多摩南部建設事務所"}}},{"type":"Feature","geometry":{"type":"LineString","coordinates":[[139.54318825000001,35.681523805520726],[139.54698466666673,35.681803972187396],[139.54794263888894,35.68187463885407],[139.5484549444445,35.6818694999652],[139.5487824444445,35.681845305520746],[139.55356416666672,35.681484555520704],[139.55629180555562,35.68123505552068],[139.55789516666673,35.68114352774289],[139.55876402777784,35.68115708329845]]},"properties":{"id":"tokyo-metropolitan-priority-015","name":"東京都 平成23年度までの整備済み箇所","reference_type":"priority_section","status":"built","source":{"name":"東京都建設局","url":"https://catalog.data.metro.tokyo.lg.jp/dataset/t000014d0000000026","retrieved_at":"2026-08-24T15:28:14.399Z","license":"CC BY 4.0","source_date":"2012-10","reference_date":"built through FY2011"},"notes":"Archived official planning geometry. It must not override newer as-built or field-verified information.","official_fields":{"凡例名称":"平成23年度までの整備済み箇所","建設事務所":"B10","建設事務2":"北多摩南部建設事務所"}}},{"type":"Feature","geometry":{"type":"LineString","coordinates":[[139.7898273055555,35.70238066663408],[139.78995558333327,35.70269097218965],[139.79041899999996,35.704608111078755],[139.79076174999994,35.70609144441224],[139.79113719444442,35.708353527745835],[139.79147997222213,35.70985652774598],[139.79196191666662,35.71125233330169],[139.7924533055555,35.713776722190836],[139.79255924999995,35.71440655552425],[139.79272508333327,35.71777055552461],[139.79272263888885,35.71860158330248],[139.79269494444438,35.71870261108027],[139.7912346944444,35.721314694413884],[139.79119744444438,35.72144477774723],[139.7907453055555,35.7288079444147]]},"properties":{"id":"tokyo-metropolitan-priority-016","name":"東京都 平成23年度までの整備済み箇所","reference_type":"priority_section","status":"built","source":{"name":"東京都建設局","url":"https://catalog.data.metro.tokyo.lg.jp/dataset/t000014d0000000026","retrieved_at":"2026-08-24T15:28:14.399Z","license":"CC BY 4.0","source_date":"2012-10","reference_date":"built through FY2011"},"notes":"Archived official planning geometry. It must not override newer as-built or field-verified information.","official_fields":{"凡例名称":"平成23年度までの整備済み箇所","建設事務所":"B06","建設事務2":"第六建設事務所"}}},{"type":"Feature","geometry":{"type":"LineString","coordinates":[[139.79505633333326,35.640645999960775],[139.79677647222218,35.63850286107165]]},"properties":{"id":"tokyo-metropolitan-priority-017","name":"東京都 平成23年度までの整備済み箇所","reference_type":"priority_section","status":"built","source":{"name":"東京都建設局","url":"https://catalog.data.metro.tokyo.lg.jp/dataset/t000014d0000000026","retrieved_at":"2026-08-24T15:28:14.399Z","license":"CC BY 4.0","source_date":"2012-10","reference_date":"built through FY2011"},"notes":"Archived official planning geometry. It must not override newer as-built or field-verified information.","official_fields":{"凡例名称":"平成23年度までの整備済み箇所","建設事務所":"B05","建設事務2":"第五建設事務所"}}},{"type":"Feature","geometry":{"type":"MultiLineString","coordinates":[[[139.44210705555562,35.766971638863275],[139.44172738888895,35.766973138863264]],[[139.44127291666672,35.766995611085505],[139.44119222222227,35.76701152775217],[139.44103461111118,35.76704677775217],[139.44088350000007,35.7671167499744],[139.44087236111116,35.76712302775217]],[[139.43997986111117,35.76775677775224],[139.4399554444445,35.767776916641125],[139.43991738888894,35.76785752775224],[139.43991588888895,35.76791644441894]],[[139.43813050000006,35.76896433330792],[139.4380960833334,35.76888655553015],[139.4380219166667,35.76824955553008],[139.4379560833334,35.76811763886339],[139.43778197222227,35.76800511108559],[139.4377540833334,35.76799608330783]],[[139.43680311111115,35.76774588886335],[139.43628077777782,35.76746183330778],[139.43626502777784,35.76745744441888]],[[139.43625477777783,35.76745461108553],[139.4361710833334,35.76743133330775],[139.43561986111118,35.76743152775221]],[[139.43437538888895,35.76743191664109],[139.43435813888894,35.7674319166411],[139.4343059722223,35.767447416641104]],[[139.43401877777782,35.767532777752216],[139.43394500000005,35.76755472219667],[139.43373672222228,35.76760077775222],[139.43341377777784,35.76762308330779],[139.4332706944445,35.7676104166411]],[[139.43307113888895,35.76754674997445],[139.43289711111115,35.7674299166411],[139.4326265833334,35.7670787499744],[139.43222752777783,35.76670788886325],[139.4320634444445,35.76663463886324],[139.43202897222227,35.76662819441881]],[[139.43165672222227,35.76658949997434],[139.43154252777782,35.76660269441879],[139.4308316944445,35.766863333307704],[139.43069502777783,35.76690733330771]],[[139.42897794444448,35.767315999974414],[139.42894388888894,35.76731511108553],[139.42873041666672,35.767255861085516],[139.42833983333335,35.767048222196614],[139.4280316944445,35.7668818333077],[139.42789672222227,35.766837527752166]],[[139.42567541666673,35.76739733330777],[139.42554988888895,35.76743019441887],[139.4251814166667,35.767563611085556],[139.4249900833334,35.767588611085564],[139.42487588888895,35.76758363886333],[139.42473327777782,35.76753827775222],[139.42449761111118,35.767433944418876],[139.42430961111117,35.767358722196654]],[[139.4226091944445,35.767912222196706],[139.42247525000005,35.76800027775228],[139.4223105555556,35.768056583307846],[139.4221922222223,35.76807269441894],[139.42208863888894,35.768069583307835],[139.42196497222227,35.768032472196715],[139.42183588888895,35.76794763886338],[139.42172050000005,35.7678353333078],[139.42161933333338,35.767668666641114],[139.4214624722223,35.76751769441888],[139.42127702777785,35.7673901666411],[139.42101991666672,35.76724344441887],[139.42069905555562,35.766946583307714],[139.42024663888895,35.766393611085434],[139.42019627777785,35.76632919441876],[139.42005363888896,35.766235999974306],[139.41979486111117,35.766154305529845],[139.41958752777782,35.76614716664096],[139.4189113055556,35.7662447499743],[139.41874780555563,35.76626161108542],[139.41851647222228,35.76632416664098],[139.41834433333338,35.76638252775209],[139.41807436111117,35.766502777752116],[139.4179717222223,35.76651986108544],[139.41783991666674,35.76651205552989],[139.41775111111113,35.766465833307656],[139.41768050000002,35.766393999974305],[139.4176414444445,35.76631583330764],[139.41763288888893,35.7662313610854],[139.4176594444445,35.76611027775206],[139.41779963888894,35.76579063886312],[139.4178203333334,35.76570716664091],[139.4178161666667,35.76564013886313],[139.41778452777783,35.76544061108533],[139.41777625000006,35.765409555529764],[139.41767722222227,35.765166638863064],[139.4176178055556,35.76506705552973],[139.41756375000006,35.76502494441861],[139.41749480555558,35.764994277751946],[139.41731486111118,35.76494402775194],[139.41734350000004,35.765649333307564],[139.41676025000007,35.76565674997422],[139.41651105555562,35.76570774997423],[139.41636597222228,35.7657803055298],[139.41627280555562,35.765883722196484],[139.41621036111115,35.766127638863175],[139.41614702777784,35.76662013886324],[139.41610283333338,35.76676849997434],[139.41601825000006,35.76689080552993],[139.41571255555561,35.76716663886328],[139.41556750000007,35.767234499974414],[139.41540238888894,35.76726222219664],[139.41530105555557,35.76726658330775],[139.41478613888896,35.7672176388633],[139.41447052777784,35.767242472196635],[139.4140454444445,35.76736211108554]],[[139.41310711111117,35.76827344441895],[139.41310397222227,35.7682741666412],[139.41277075000005,35.768286277752296],[139.41215555555561,35.768195638863396],[139.41198000000006,35.76818322219673],[139.41183136111113,35.768209249974525],[139.41128816666674,35.76851477775232],[139.41096116666674,35.76863438886346],[139.41035138888896,35.76880702775234],[139.40975222222227,35.768945499974585],[139.40955794444451,35.768961472196814],[139.4093888333334,35.768948861085704],[139.40950325000006,35.76878186108568],[139.40755738888893,35.768688166641226],[139.40740952777784,35.76868186108568],[139.40718872222226,35.7686920833079],[139.40652436111117,35.76880999997459],[139.4058760555556,35.76896613886348],[139.40570997222227,35.76905655553018]],[[139.4046358055556,35.76938524997465],[139.40462991666672,35.76938505553021]],[[139.40410458333338,35.76926986108575],[139.4032809444445,35.76869024997457],[139.40314858333338,35.768643222196786],[139.40286977777782,35.768615222196786],[139.40196166666672,35.76882127775236],[139.40180602777784,35.76882444441902],[139.40163694444453,35.768796138863465],[139.4006533055556,35.768510527752326],[139.4005526944445,35.768458805530095],[139.4004716944445,35.76838569441898],[139.4002857222223,35.76815477775229],[139.4000790833334,35.76786422219669],[139.40001541666672,35.7677623333078],[139.3999900833334,35.76769497219668],[139.39988136111117,35.76720255552996],[139.39983536111117,35.76707005552994],[139.3997855833334,35.76698066664104],[139.39970580555564,35.76689591664104],[139.3993145833334,35.76655002775211],[139.39868036111116,35.766043222196515],[139.39861969444453,35.76599144441872],[139.39853475000007,35.76588547219649],[139.39847663888895,35.765758499974254],[139.39843088888895,35.76499161108527],[139.39839658333338,35.7648301944186],[139.39830702777783,35.76469324997413],[139.39820611111116,35.76460880552968],[139.39794866666674,35.7644967499741],[139.39723588888896,35.76439208330743],[139.3968465833334,35.76438299997411],[139.3961671111112,35.76452144441856],[139.39593280555562,35.764442305529656],[139.39550600000007,35.76441063886301],[139.39537491666673,35.76438155552965],[139.39521813888894,35.764322249974086],[139.39465947222232,35.7640414444185],[139.39452438888895,35.76399477775184],[139.39437883333338,35.763957499974055],[139.39396130555562,35.7638898055296],[139.39374469444454,35.76384222219626],[139.39306816666675,35.76365980552957],[139.3929524444445,35.763630138862915],[139.3928517222223,35.76361936108513],[139.39265483333338,35.76360666664069],[139.39252283333343,35.76358961108512],[139.3924214444445,35.763553777751795],[139.39219886111115,35.763445611085096]],[[139.39179216666676,35.763145194418414],[139.39176480555562,35.763088277751734],[139.3917542222223,35.762985472196156],[139.3917583333334,35.76291441664061],[139.39177241666673,35.762893472196154],[139.39181466666673,35.76287113886282],[139.3918903333334,35.762847166640604],[139.39218827777788,35.76281986108504],[139.39230961111116,35.7628114166406],[139.3924236944445,35.76278427775169],[139.39255783333343,35.76267691664059],[139.39270150000007,35.762528916640555],[139.39277730555565,35.76247149997388],[139.39286577777784,35.76243208330722],[139.39300338888899,35.76242083330722],[139.39314494444454,35.76244405552944],[139.39324480555564,35.76244536108501],[139.39332266666673,35.762436194418335],[139.39352052777787,35.762359333307224],[139.39359375000004,35.76235013886277],[139.3936773611112,35.76235138886276],[139.39374119444446,35.76236013886276],[139.3938564722223,35.76244277775166],[139.39398702777785,35.76256813886279],[139.3940656111112,35.762663444418365],[139.39415655555564,35.76281324997395],[139.39422125000004,35.76287119441837],[139.39433152777787,35.76292013886283],[139.39478941666673,35.76307411108506],[139.39486252777786,35.76308763886284],[139.39493113888898,35.763069916640625],[139.39500455555563,35.76302666664062],[139.39516380555563,35.76278411108504],[139.39520697222227,35.76275211108503],[139.39524072222227,35.76273897219614],[139.3953243611112,35.762734555529484],[139.39544047222225,35.76273686108503],[139.39561877777786,35.762770472196145],[139.39570216666675,35.762816194418384],[139.39582125000007,35.76291122219617],[139.3959067222223,35.76299666664061],[139.3959761111112,35.763049888862845],[139.39602597222228,35.76306522219616],[139.39609563888894,35.76306924997395],[139.39618169444452,35.76304874997395],[139.39704361111117,35.76278824997393],[139.39762927777784,35.762554472196136],[139.39770511111118,35.762542277751685],[139.39780852777784,35.762550944418344],[139.39805872222232,35.76269319441837],[139.39811694444452,35.76270291664059],[139.39819055555563,35.76270138886281],[139.39824380555564,35.762690305529475],[139.3987145000001,35.762488249973885],[139.39915986111117,35.76223677775164],[139.39927302777784,35.76219447219608],[139.39935616666673,35.762179333307195],[139.39985338888894,35.76221661108498],[139.40017613888895,35.76222191664055],[139.40032597222228,35.76220580552942],[139.40044858333343,35.762172999973856],[139.40073113888894,35.76206008330716],[139.40081280555563,35.762001249973835],[139.40106027777787,35.76177541664049],[139.40113625000006,35.761737722196024],[139.40137736111117,35.761699749973815],[139.40148977777787,35.761666805529366],[139.40176550000007,35.761489694418216],[139.40205127777784,35.76140119441822],[139.4021974444445,35.76133155552933],[139.40234402777784,35.76124827775154],[139.4024213055556,35.76122855552931],[139.40268908333337,35.76122377775154],[139.40313155555563,35.7613463333071],[139.40331447222226,35.761466027751574],[139.40354797222227,35.7615989999738],[139.40373922222227,35.761752749973816],[139.40400383333338,35.762051361084964],[139.40406002777783,35.76210902775162],[139.4041232222223,35.76214172219608],[139.40419316666672,35.76215588886275],[139.40444525000007,35.76217586108498],[139.40462822222227,35.762215833307195],[139.40481216666672,35.76229080552942],[139.4048804444445,35.76229477775164],[139.40502144444451,35.76228874997388],[139.4051411944445,35.76225213886274],[139.40524194444447,35.76220827775164],[139.4053170555556,35.762150583307196],[139.4056741111112,35.761771722196045],[139.40583038888897,35.76163694441826],[139.40594130555561,35.761589249973795],[139.4060741944445,35.76155144441823],[139.40617297222227,35.76152405552935],[139.40625308333338,35.76147461108489],[139.40634458333338,35.76138966664043],[139.4065784444445,35.76122224997376],[139.4067176111112,35.76117605552931],[139.40681655555562,35.761150416640405],[139.40696211111117,35.76114374997375],[139.40707300000005,35.761156722195985],[139.40713322222228,35.761166527751534],[139.40724177777784,35.76120941664043],[139.4073860833334,35.7612943333071],[139.40751202777784,35.761434527751554],[139.40765602777785,35.76157872219601],[139.4077669444445,35.76164891664046],[139.4079378055556,35.76172197219603],[139.40824091666673,35.76180086108493],[139.40837661111118,35.761851027751604],[139.4084298055556,35.76189113886272],[139.40851538888896,35.761970472196055],[139.4085959444445,35.76202163886273],[139.4086949444445,35.76206269441829],[139.40882127777783,35.76207752775163],[139.40892569444446,35.76207011108496],[139.40902291666671,35.76203091664051],[139.4092944722223,35.76186899997383],[139.4095584444445,35.76166633330714],[139.4096317222223,35.76163394441824],[139.4103333055556,35.76150180552934],[139.41048066666676,35.76150713886268],[139.41068672222227,35.76155586108492],[139.41089058333338,35.76157580552936],[139.41097916666672,35.76158066664046],[139.41107658333337,35.761578583307134],[139.41120213888894,35.761558611084894],[139.41154597222229,35.761473722196016],[139.41178741666673,35.76144449997377],[139.41202500000006,35.76138513886265],[139.41215422222228,35.761366361084896],[139.41231950000005,35.761368138862665],[139.41241622222228,35.76135705552934],[139.41251125000005,35.76132769441822],[139.4129445555556,35.76087841664039],[139.41303761111118,35.76083772219593],[139.41376263888895,35.760621694418134],[139.41437027777783,35.760251555529216],[139.41449111111118,35.76025197219587],[139.4151660833334,35.76036227775144],[139.41519111111117,35.76024783330697],[139.41517519444452,35.75991608330695],[139.41513027777785,35.75983541664027],[139.41494136111118,35.7595916110847],[139.41478472222227,35.75940636108467],[139.41478941666674,35.75936216664023],[139.41482402777783,35.75928052775133],[139.4151755833334,35.75892377775129],[139.41530013888894,35.75875758330684],[139.41537313888895,35.758712361084584],[139.4155639722223,35.75861330552904],[139.4158360833334,35.758418916640125],[139.4162794722223,35.758178555528964],[139.41634472222228,35.758133111084526],[139.41639061111115,35.758080305528956],[139.41644938888894,35.75798683330674],[139.4166214444445,35.75765930552891],[139.41670444444446,35.757554638862246],[139.41675669444453,35.75752216664003],[139.41682894444452,35.75750219441779],[139.41765075000006,35.757497027751135],[139.41776997222226,35.75751541664001],[139.41787691666673,35.75754780552892],[139.41798038888894,35.75758983330669],[139.41804875000005,35.75764958330671],[139.4182393333334,35.75788269441785],[139.41834180555563,35.75796022219562],[139.41848791666672,35.75804841664008],[139.41886691666673,35.75819724997344],[139.41893900000005,35.75821044441787],[139.41901472222227,35.75819872219564],[139.4193427777778,35.75796030552896],[139.4195096944445,35.757822305528954],[139.41988177777785,35.75762272219559],[139.42000366666673,35.757589444417796],[139.42010297222228,35.75758988886226],[139.4202342222223,35.75759955552892],[139.42058363888896,35.75767144441783],[139.42104250000006,35.75779827775116],[139.42121416666672,35.75787069441784],[139.42141883333338,35.757972111084506],[139.42161905555562,35.75811847219564],[139.42178411111118,35.7582529166401],[139.42216486111116,35.758727472195716],[139.42228650000007,35.75885172219573],[139.42247822222228,35.75920174997354],[139.4225491944445,35.75929399997355],[139.42280975000006,35.75951691664024],[139.42289633333337,35.759561111084686],[139.42301825000007,35.75958180552914],[139.4235086944445,35.7595738333069],[139.4236546944445,35.759538888862465],[139.4238420555556,35.75945966664023],[139.42391861111116,35.75940872219578],[139.42398636111116,35.759343916640226],[139.42404763888894,35.759237111084644],[139.42412347222228,35.75905747219575],[139.42423791666673,35.75891036108463],[139.42431325000007,35.75885091664016],[139.4247609722223,35.75858722219571],[139.42484552777785,35.758527611084574],[139.42503825000006,35.75831702775122],[139.42508488888893,35.75823202775122],[139.42520261111116,35.757883555528956],[139.42525238888894,35.7577873610845],[139.42528927777784,35.75772052775115],[139.4253645833334,35.75768297219561],[139.42547058333338,35.75763302775114],[139.4255873055556,35.75758566664001],[139.42572550000006,35.75755661108446],[139.42585111111117,35.75755122219558],[139.42599436111118,35.75756305552892],[139.42649713888895,35.75776694441783],[139.4269565833334,35.75788263886228],[139.42730966666673,35.7579483610845],[139.4273837222223,35.75798380552895],[139.4274609722223,35.75807627775119],[139.4278425555556,35.75860527775125],[139.42815650000006,35.759186916640196],[139.42822752777784,35.75925924997354],[139.42831950000004,35.759319833306876],[139.42843036111117,35.759360472195766],[139.42852236111116,35.759368944418],[139.42925813888894,35.75930524997354],[139.4293780833334,35.759316333306884],[139.42945925000006,35.75934336108467],[139.42952472222228,35.75937924997356],[139.42964072222227,35.759509583306894],[139.42983861111117,35.759811611084714],[139.4299800833334,35.76010099997364],[139.43012388888894,35.76045199997367],[139.43016066666672,35.760508666640334],[139.4302178333334,35.76055433330701],[139.4302965833334,35.76057724997369],[139.4303799444445,35.760579472195914],[139.4307196944445,35.76047824997367],[139.43106597222229,35.76034705552922],[139.43140350000004,35.76016024997364],[139.43154700000005,35.760111388862526],[139.43183791666672,35.76009688886253],[139.43242313888894,35.7600336388625],[139.43256322222229,35.76004116664029],[139.43339872222228,35.7601805555292],[139.43381377777783,35.76026436108476],[139.43397202777783,35.76029744441811],[139.43407105555562,35.76033074997366],[139.43417561111116,35.760388805529224],[139.43438950000007,35.76060849997368],[139.43460466666673,35.76085138886259],[139.43468758333339,35.7609032777515],[139.43478155555562,35.760927305529286],[139.4348929722223,35.76093897219595],[139.43504075000007,35.76091766664039],[139.43515722222227,35.760859861084825],[139.4357812222223,35.76037969441812],[139.43594355555558,35.76027074997366],[139.43606488888895,35.760231527751436],[139.43617222222227,35.76021247219586],[139.4363516944445,35.76021616664032],[139.43674652777784,35.76026838886255],[139.43736113888895,35.760406472195896],[139.4374690555556,35.76041924997367],[139.43776925000006,35.76041511108479],[139.4379306944445,35.76039699997368],[139.43801472222228,35.760357944418104],[139.43814500000005,35.760217638862535],[139.43819350000007,35.760172277751415],[139.43827883333338,35.76013219441809],[139.43850966666673,35.76006536108475],[139.43940211111118,35.75986655552917],[139.4394658055556,35.759829694418045],[139.4395030555556,35.759798694418045],[139.43955408333338,35.75969024997359],[139.43963958333336,35.75897994441796],[139.4396751944445,35.758815138862396],[139.43977780555562,35.75861813886237],[139.43986238888894,35.758526222195684],[139.44049750000005,35.7580673888623],[139.44056466666672,35.757992638862284],[139.4405945555556,35.75793061108451],[139.44060766666672,35.757824694417835],[139.44053136111117,35.75757752775114],[139.44050727777784,35.75746908330669],[139.44050802777784,35.757367055528896],[139.44052622222227,35.7572650277511],[139.44057491666672,35.75716374997331],[139.44063711111116,35.75708663886219],[139.44094536111118,35.7568242221955],[139.44107922222227,35.75674949997326],[139.44185711111118,35.75640652775101],[139.4424993055556,35.75607455552875],[139.44265175000007,35.75598063886208],[139.44277200000005,35.75588658330651],[139.44292575000006,35.755791583306504]]]},"properties":{"id":"tokyo-metropolitan-priority-018","name":"東京都 平成23年度までの整備済み箇所","reference_type":"priority_section","status":"built","source":{"name":"東京都建設局","url":"https://catalog.data.metro.tokyo.lg.jp/dataset/t000014d0000000026","retrieved_at":"2026-08-24T15:28:14.399Z","license":"CC BY 4.0","source_date":"2012-10","reference_date":"built through FY2011"},"notes":"Archived official planning geometry. It must not override newer as-built or field-verified information.","official_fields":{"凡例名称":"平成23年度までの整備済み箇所","建設事務所":"B11","建設事務2":"北多摩北部建設事務所"}}},{"type":"Feature","geometry":{"type":"LineString","coordinates":[[139.5009978333334,35.7307419444149],[139.5014478055556,35.73051697219266],[139.5014853055556,35.73050863885933],[139.50573502777783,35.72868391663691],[139.50693497222227,35.72815066663686],[139.50750991666672,35.72789236108125],[139.50807238888893,35.72765905552569],[139.50967227777784,35.72696749997006],[139.5097222777778,35.72692583330338],[139.50987227777784,35.72686752774782],[139.5110221944445,35.726384249969975],[139.5116971666667,35.72608430552551],[139.51198463888895,35.725959305525514],[139.51263458333335,35.72567602774768],[139.51390952777783,35.72510944441429],[139.51415950000003,35.72502611108095],[139.51427200000003,35.72500111108096],[139.5145594722223,35.72485113885872],[139.51469697222228,35.72478447219204],[139.5173093055556,35.72365133330304],[139.51960916666673,35.72265980552515],[139.52028411111118,35.7223848333029],[139.52049661111113,35.72226819441399],[139.5207465833334,35.72215152774731],[139.52189650000005,35.72164327774726],[139.52222150000003,35.72146830552501],[139.52228400000007,35.721418305525006],[139.52349641666672,35.72086838885827],[139.52394638888893,35.72065174996937],[139.52418011111115,35.72055261108046]]},"properties":{"id":"tokyo-metropolitan-priority-019","name":"東京都 平成23年度までの整備済み箇所","reference_type":"priority_section","status":"built","source":{"name":"東京都建設局","url":"https://catalog.data.metro.tokyo.lg.jp/dataset/t000014d0000000026","retrieved_at":"2026-08-24T15:28:14.399Z","license":"CC BY 4.0","source_date":"2012-10","reference_date":"built through FY2011"},"notes":"Archived official planning geometry. It must not override newer as-built or field-verified information.","official_fields":{"凡例名称":"平成23年度までの整備済み箇所","建設事務所":"B11","建設事務2":"北多摩北部建設事務所"}}},{"type":"Feature","geometry":{"type":"LineString","coordinates":[[139.52418011111115,35.72055261108046],[139.52422136111116,35.72053511108048],[139.5248088333334,35.72029347219155],[139.52584627777782,35.71988519441373],[139.52622125000005,35.71977688885817],[139.5266712222223,35.71961024996925],[139.52782113888892,35.71910199996921],[139.52839611111116,35.718843694413614],[139.5306459722223,35.717860499969056],[139.53172088888894,35.71741058330235],[139.53199588888896,35.71728558330233],[139.53273333333337,35.71696897219119],[139.53394575000004,35.7164523888578],[139.53424572222227,35.71629408330222],[139.5346331944445,35.716127416635544],[139.53704555555558,35.71506924996876],[139.53942041666673,35.71406105552421],[139.54118280555562,35.71329449996858],[139.54145777777782,35.713161194413004]]},"properties":{"id":"tokyo-metropolitan-priority-020","name":"東京都 平成23年度までの整備済み箇所","reference_type":"priority_section","status":"built","source":{"name":"東京都建設局","url":"https://catalog.data.metro.tokyo.lg.jp/dataset/t000014d0000000026","retrieved_at":"2026-08-24T15:28:14.399Z","license":"CC BY 4.0","source_date":"2012-10","reference_date":"built through FY2011"},"notes":"Archived official planning geometry. It must not override newer as-built or field-verified information.","official_fields":{"凡例名称":"平成23年度までの整備済み箇所","建設事務所":"B10","建設事務2":"北多摩南部建設事務所"}}},{"type":"Feature","geometry":{"type":"LineString","coordinates":[[139.44292575000006,35.755791583306504],[139.44358213888896,35.75549697219537],[139.44374991666672,35.75547336108424],[139.44406391666672,35.755338333306455],[139.44471388888894,35.75513002775089],[139.44508886111117,35.75496338886198],[139.4458763055556,35.75462174997304],[139.44625127777783,35.7544467777508],[139.44680125000005,35.75421349997299],[139.44685125000007,35.75418849997298],[139.44696375000007,35.75413849997298],[139.4476386944445,35.753838555528525],[139.4477636944445,35.75374688886185],[139.44808866666673,35.75361358330626],[139.44901361111116,35.75321363886177],[139.4496135833334,35.75295533330618],[139.44986355555562,35.752838694417285],[139.4501260277778,35.752780361083964],[139.4514759444445,35.752197111083895],[139.4516134444445,35.752097138861664],[139.4519634444445,35.75182216663941],[139.45290086111117,35.75139722219493],[139.4533258333334,35.751405555528244],[139.45508822222226,35.75063902775039],[139.4555881944445,35.7504057221948],[139.45653813888896,35.74999744441699],[139.45896297222228,35.7489559166391],[139.4603503888889,35.748356027750155],[139.46092536111118,35.748114388861225],[139.46141283333338,35.74790608330566],[139.4618503055556,35.74772277775007],[139.4619503055556,35.747672777750076],[139.46201277777783,35.747639444416734],[139.46208777777784,35.74758113886118],[139.46213777777783,35.74755613886117],[139.46216277777785,35.74753113886115],[139.46256275000005,35.74736449997226],[139.4632252222223,35.74707286108333],[139.46382516666674,35.746806249972195],[139.4640376666667,35.746714583305526],[139.46408766666673,35.74670624997218],[139.46422513888893,35.74669791663886],[139.46426263888895,35.74668958330552],[139.46430013888894,35.74667291663885],[139.46500011111118,35.74635630552771],[139.4651000833334,35.74631463886104],[139.46596252777783,35.74595636108321],[139.46631252777783,35.74580638886098],[139.46692497222227,35.74555641663871],[139.4672999722223,35.745398111083134],[139.4677374444445,35.745214805527574],[139.4678874166667,35.745148166638685],[139.46791241666673,35.74512316663868],[139.46794991666673,35.745073166638676],[139.46798741666672,35.745048166638654],[139.46803741666673,35.74501483330533],[139.46813741666674,35.74496486108312],[139.4690873333334,35.74455658330529],[139.4694248333334,35.74441491663858],[139.4698748055556,35.74423161108303],[139.47054975000006,35.74393166663857],[139.47091222222227,35.74377336108297],[139.47119972222228,35.74364836108298],[139.4714621944445,35.7435400555274],[139.4717246944445,35.743431749971826],[139.47202466666673,35.74329844441626],[139.47284961111117,35.74294013886066],[139.47401202777783,35.74243188886061],[139.47432450000005,35.74229858330504],[139.47439950000006,35.74226524997171],[139.47456200000005,35.742181916638366],[139.47462450000006,35.742148611082804],[139.4752369444445,35.74189863886057],[139.4753369444445,35.74186530552721],[139.4754494444445,35.74183197219388],[139.4755369444445,35.74179030552721],[139.47564941666673,35.741748638860535],[139.47596191666673,35.741606999971644],[139.47639938888895,35.741415361082716],[139.47676186111116,35.741265388860484],[139.47718683333338,35.74107374997156],[139.4775368055556,35.74092377774934],[139.47794927777784,35.74074047219376],[139.47827425000003,35.7406071666382],[139.47863675000005,35.740448833304846],[139.47869922222228,35.74042386108261],[139.47872425000006,35.740398861082625],[139.47877422222228,35.740357194415935],[139.4789867222223,35.740165555527035],[139.47906172222227,35.74011555552703],[139.47913672222228,35.740065555527025],[139.47922422222229,35.74002391663812],[139.4792866944445,35.74000722219368],[139.4793741944445,35.7399905833048],[139.4796616944445,35.73996558330479],[139.47973666666672,35.73996558330479],[139.47978666666668,35.739957249971454],[139.47986166666672,35.739915583304786],[139.47997416666672,35.73986561108255],[139.48006166666673,35.73982394441587],[139.48008666666672,35.73981561108255],[139.48054911111117,35.7396156388603],[139.48091161111117,35.73945733330473],[139.48112408333338,35.739365666638044],[139.48126158333338,35.73929899997139],[139.48161155555562,35.73913236108248],[139.48233650000006,35.73881574997133],[139.4833489444445,35.73839913886018],[139.48364891666674,35.738274166637936],[139.48409888888895,35.738074194415695],[139.48431138888895,35.737982527749026],[139.48468636111116,35.73781591663789],[139.4853738055556,35.737524277748975],[139.4858987777778,35.73729097219337],[139.48633625000002,35.73710766663781],[139.48638625000007,35.73709099997114],[139.4871486944445,35.736757722193325],[139.48756116666672,35.73655774997109],[139.4877236666667,35.736482749971074],[139.48802363888893,35.73635777774884],[139.48814863888896,35.73630777774884],[139.48872361111114,35.736041166637705],[139.48888611111116,35.73597449997102],[139.4891110833334,35.73588286108211],[139.4892110555556,35.735866194415465],[139.48931105555562,35.735832861082116],[139.48941105555562,35.735791194415455],[139.48957355555558,35.73569955552655],[139.4896735555556,35.735657888859876],[139.48996102777784,35.735532916637645],[139.49013600000006,35.735449583304295],[139.49022350000007,35.73540791663762],[139.49059850000006,35.73524961108206],[139.49247336111117,35.734449722193084],[139.49277336111118,35.73432474997084],[139.4928358333334,35.73429974997086],[139.49291083333338,35.73424974997083],[139.4931233333334,35.73414144441527],[139.49336080555562,35.73403313885971],[139.49478572222228,35.73342488885964],[139.49647311111116,35.73269166663734],[139.4968105833334,35.73254999997065],[139.49854797222227,35.73180011108168],[139.49896047222228,35.7316168055261],[139.50002288888894,35.73116688885939],[139.5009978333334,35.7307419444149]]},"properties":{"id":"tokyo-metropolitan-priority-021","name":"東京都 平成23年度までの整備済み箇所","reference_type":"priority_section","status":"built","source":{"name":"東京都建設局","url":"https://catalog.data.metro.tokyo.lg.jp/dataset/t000014d0000000026","retrieved_at":"2026-08-24T15:28:14.399Z","license":"CC BY 4.0","source_date":"2012-10","reference_date":"built through FY2011"},"notes":"Archived official planning geometry. It must not override newer as-built or field-verified information.","official_fields":{"凡例名称":"平成23年度までの整備済み箇所","建設事務所":"B11","建設事務2":"北多摩北部建設事務所"}}},{"type":"Feature","geometry":{"type":"LineString","coordinates":[[139.62538680555556,35.75848686108456],[139.62270594444445,35.75848111108457],[139.62234608333333,35.75848955552901],[139.6220615,35.75853274997345],[139.62179072222222,35.758586305529015],[139.6213998888889,35.75870377775125],[139.62115130555554,35.758826055529056],[139.6209474722222,35.758902944417954],[139.62078838888888,35.758927638862396],[139.6204366111111,35.75899099997352]]},"properties":{"id":"tokyo-metropolitan-priority-022","name":"東京都 平成23年度までの整備済み箇所","reference_type":"priority_section","status":"built","source":{"name":"東京都建設局","url":"https://catalog.data.metro.tokyo.lg.jp/dataset/t000014d0000000026","retrieved_at":"2026-08-24T15:28:14.399Z","license":"CC BY 4.0","source_date":"2012-10","reference_date":"built through FY2011"},"notes":"Archived official planning geometry. It must not override newer as-built or field-verified information.","official_fields":{"凡例名称":"平成23年度までの整備済み箇所","建設事務所":"B04","建設事務2":"第四建設事務所"}}},{"type":"Feature","geometry":{"type":"LineString","coordinates":[[139.70675991666664,35.74117388886047],[139.7053088333333,35.739455777749185],[139.70496802777777,35.73906886108248],[139.70423166666663,35.738414222193505],[139.70326547222223,35.73757674997119],[139.70084038888888,35.735392361082056],[139.70058788888886,35.73518636108204],[139.70031122222218,35.734847666637556],[139.7001142222222,35.73456269441531],[139.69987263888885,35.7341323888597],[139.69939455555553,35.733107472192955],[139.6981715833333,35.730664611081565],[139.69727674999996,35.72884341663693],[139.6967799722222,35.728011333303506],[139.69562824999997,35.72631174996999],[139.69456447222223,35.72461880552536],[139.69439049999997,35.72438574996978],[139.6941059722222,35.72404277774752],[139.69263977777774,35.72252963885846]]},"properties":{"id":"tokyo-metropolitan-priority-023","name":"東京都 平成23年度までの整備済み箇所","reference_type":"priority_section","status":"built","source":{"name":"東京都建設局","url":"https://catalog.data.metro.tokyo.lg.jp/dataset/t000014d0000000026","retrieved_at":"2026-08-24T15:28:14.399Z","license":"CC BY 4.0","source_date":"2012-10","reference_date":"built through FY2011"},"notes":"Archived official planning geometry. It must not override newer as-built or field-verified information.","official_fields":{"凡例名称":"平成23年度までの整備済み箇所","建設事務所":"B04","建設事務2":"第四建設事務所"}}},{"type":"Feature","geometry":{"type":"MultiLineString","coordinates":[[[139.68167988888885,35.69065963885502],[139.68165661111115,35.69039133329944],[139.68167236111108,35.6901317221883],[139.68176272222223,35.68977147218826],[139.68189036111107,35.689478388854894],[139.6820223611111,35.68923316663266],[139.68228863888888,35.688863638854826],[139.68474691666663,35.68646038885457],[139.68481419444444,35.686373944410136]],[[139.68823999999998,35.68236980552079],[139.68843369444446,35.68217030552078],[139.68865130555557,35.68191969440962],[139.6887066111111,35.68182119440963],[139.6887463611111,35.68170733329849],[139.6888215833333,35.68144811107626],[139.68885755555556,35.681247222187345],[139.68882855555552,35.68107313885398],[139.6886202222222,35.67929899996492],[139.68856249999996,35.679040361076005],[139.6884534722222,35.678711166631516],[139.68804677777777,35.677654388853625],[139.68794480555556,35.67735199996471],[139.68789030555553,35.67709727774244],[139.68786941666664,35.67681980552021],[139.68769641666663,35.67174983329745],[139.68769091666667,35.67155072218631],[139.68773302777777,35.6710758055196],[139.68783841666666,35.67014186107504],[139.68792719444446,35.66769788885255],[139.68797275,35.666660388852456],[139.68797275,35.66646041663021],[139.68794777777777,35.66614377774128],[139.6878103611111,35.664860583296694],[139.6877853611111,35.664552277741116],[139.6877728888889,35.66431063885221],[139.68776038888888,35.664110666629945],[139.68774791666667,35.66344405551877],[139.68773541666667,35.663285749963194],[139.68771044444443,35.663110777740954],[139.6875923888889,35.662467749963106],[139.68759863888886,35.66223327774087],[139.6876738888889,35.66194816662972],[139.68786050000003,35.6616609166297],[139.6879855,35.66149427774079],[139.68852177777774,35.66084827774072]]]},"properties":{"id":"tokyo-metropolitan-priority-024","name":"東京都 平成23年度までの整備済み箇所","reference_type":"priority_section","status":"built","source":{"name":"東京都建設局","url":"https://catalog.data.metro.tokyo.lg.jp/dataset/t000014d0000000026","retrieved_at":"2026-08-24T15:28:14.399Z","license":"CC BY 4.0","source_date":"2012-10","reference_date":"built through FY2011"},"notes":"Archived official planning geometry. It must not override newer as-built or field-verified information.","official_fields":{"凡例名称":"平成23年度までの整備済み箇所","建設事務所":"B02","建設事務2":"第二建設事務所"}}},{"type":"Feature","geometry":{"type":"MultiLineString","coordinates":[[[139.69263977777774,35.72252963885846],[139.6892375833333,35.71901824996919],[139.68848263888887,35.718224249969104],[139.68829533333331,35.71800036108019],[139.68809938888887,35.71768783330238],[139.68795863888886,35.71744694441347],[139.6829136388889,35.70664938885675],[139.68268386111112,35.7060977499678],[139.68233513888887,35.7033206388564],[139.68228977777775,35.70249894441186],[139.68240908333334,35.70205649996736],[139.6825539722222,35.70167597218955],[139.68286005555555,35.701042194411706],[139.68301286111108,35.70066872218945],[139.68304661111108,35.70037838885607],[139.68294166666666,35.69716199996684],[139.68177044444445,35.69116499996619],[139.68168638888886,35.690734472188375],[139.68167988888885,35.69065963885502]],[[139.68481419444444,35.686373944410136],[139.68632863888885,35.68442863885435],[139.688175,35.68243674996526],[139.68823999999998,35.68236980552079]]]},"properties":{"id":"tokyo-metropolitan-priority-025","name":"東京都 平成23年度までの整備済み箇所","reference_type":"priority_section","status":"built","source":{"name":"東京都建設局","url":"https://catalog.data.metro.tokyo.lg.jp/dataset/t000014d0000000026","retrieved_at":"2026-08-24T15:28:14.399Z","license":"CC BY 4.0","source_date":"2012-10","reference_date":"built through FY2011"},"notes":"Archived official planning geometry. It must not override newer as-built or field-verified information.","official_fields":{"凡例名称":"平成23年度までの整備済み箇所","建設事務所":"B03","建設事務2":"第三建設事務所"}}},{"type":"Feature","geometry":{"type":"LineString","coordinates":[[139.68852413888885,35.66084547218515],[139.6887834722222,35.66044272218511],[139.69079877777776,35.657979749962635],[139.69090933333334,35.657788499962614],[139.69097430555556,35.657631277740364]]},"properties":{"id":"tokyo-metropolitan-priority-026","name":"東京都 平成23年度までの整備済み箇所","reference_type":"priority_section","status":"built","source":{"name":"東京都建設局","url":"https://catalog.data.metro.tokyo.lg.jp/dataset/t000014d0000000026","retrieved_at":"2026-08-24T15:28:14.399Z","license":"CC BY 4.0","source_date":"2012-10","reference_date":"built through FY2011"},"notes":"Archived official planning geometry. It must not override newer as-built or field-verified information.","official_fields":{"凡例名称":"平成23年度までの整備済み箇所","建設事務所":"B02","建設事務2":"第二建設事務所"}}},{"type":"Feature","geometry":{"type":"MultiLineString","coordinates":[[[139.7255434444444,35.69218330552185],[139.7257934444444,35.692141666632935],[139.72600591666665,35.69209166663296],[139.72619341666663,35.692016694410725],[139.72649338888885,35.69187502774405],[139.72715586111107,35.691541749966234],[139.7273433333333,35.691450111077316],[139.72756833333332,35.69136677774399],[139.72783080555553,35.691300111077325],[139.72809327777776,35.6912501388551],[139.72833077777776,35.69121680552175],[139.7294681666666,35.69112516663285],[139.72994313888887,35.69107519441063],[139.7302431111111,35.691058527743955],[139.73053061111108,35.69105019441062],[139.73084305555554,35.69106686107729],[139.73114305555555,35.69109186107729],[139.73154299999996,35.69114186107729],[139.7318679722222,35.69120019441064],[139.73219294444442,35.69127519441065],[139.73264288888885,35.691383527743994],[139.73415524999996,35.69171686107737],[139.73430524999998,35.691766861077376],[139.73451772222217,35.69183352774403],[139.7347301944444,35.691916833299615],[139.73518016666662,35.69215849996629],[139.73541763888886,35.69229180552186],[139.73563011111108,35.6924251388552],[139.7358050833333,35.692558444410786],[139.73615505555549,35.69283344441081],[139.73655499999998,35.69313341663306],[139.73680497222222,35.693333388855315],[139.7369799444444,35.693475055522],[139.73714244444443,35.693616694410906],[139.7373299166666,35.69380002774425],[139.73752986111106,35.69399166663317],[139.7377673333333,35.69426663885542],[139.73840474999997,35.695033249966606],[139.73856722222223,35.695258222188855],[139.73872972222216,35.69548319441111],[139.73925463888887,35.69628311107786],[139.7395670833333,35.69674141663346],[139.73967955555554,35.69687472218902],[139.74034197222218,35.69759133330022],[139.74052944444438,35.69781630552246],[139.74092938888887,35.69832461107808],[139.74110436111104,35.69855791663365],[139.74151680555553,35.69902452774482],[139.74191674999997,35.69947449996708],[139.7427166666666,35.70042441663386],[139.74369083333335,35.701760472189555],[139.7437979444444,35.70186683330068]],[[139.7440541944444,35.7021213333007],[139.74418122222215,35.702247527745165],[139.74466638888885,35.70260755552298],[139.74484719444442,35.70270822218964],[139.7450036944444,35.70276661107854]]]},"properties":{"id":"tokyo-metropolitan-priority-027","name":"東京都 平成23年度までの整備済み箇所","reference_type":"priority_section","status":"built","source":{"name":"東京都建設局","url":"https://catalog.data.metro.tokyo.lg.jp/dataset/t000014d0000000026","retrieved_at":"2026-08-24T15:28:14.399Z","license":"CC BY 4.0","source_date":"2012-10","reference_date":"built through FY2011"},"notes":"Archived official planning geometry. It must not override newer as-built or field-verified information.","official_fields":{"凡例名称":"平成23年度までの整備済み箇所","建設事務所":"B03","建設事務2":"第三建設事務所"}}},{"type":"Feature","geometry":{"type":"LineString","coordinates":[[139.7450036944444,35.70276661107854],[139.74509247222215,35.70279974996745],[139.74574655555548,35.70305094441193],[139.7461179444444,35.703154694411936],[139.74645013888883,35.70321472218972],[139.74682883333327,35.70324666663416],[139.74742861111108,35.70325724996751],[139.74851877777772,35.70324597218972],[139.7505349444444,35.7031235833008],[139.75194711111106,35.70298297218968],[139.75351874999996,35.70286458330077],[139.75411741666665,35.70273711107854],[139.75555299999994,35.702357749967405]]},"properties":{"id":"tokyo-metropolitan-priority-028","name":"東京都 平成23年度までの整備済み箇所","reference_type":"priority_section","status":"built","source":{"name":"東京都建設局","url":"https://catalog.data.metro.tokyo.lg.jp/dataset/t000014d0000000026","retrieved_at":"2026-08-24T15:28:14.399Z","license":"CC BY 4.0","source_date":"2012-10","reference_date":"built through FY2011"},"notes":"Archived official planning geometry. It must not override newer as-built or field-verified information.","official_fields":{"凡例名称":"平成23年度までの整備済み箇所","建設事務所":"B06","建設事務2":"第六建設事務所"}}},{"type":"Feature","geometry":{"type":"LineString","coordinates":[[139.7437979444444,35.70186683330068],[139.7440541944444,35.7021213333007]]},"properties":{"id":"tokyo-metropolitan-priority-029","name":"東京都 平成23年度までの整備済み箇所","reference_type":"priority_section","status":"built","source":{"name":"東京都建設局","url":"https://catalog.data.metro.tokyo.lg.jp/dataset/t000014d0000000026","retrieved_at":"2026-08-24T15:28:14.399Z","license":"CC BY 4.0","source_date":"2012-10","reference_date":"built through FY2011"},"notes":"Archived official planning geometry. It must not override newer as-built or field-verified information.","official_fields":{"凡例名称":"平成23年度までの整備済み箇所","建設事務所":"B01","建設事務2":"第一建設事務所"}}},{"type":"Feature","geometry":{"type":"LineString","coordinates":[[139.75591819444438,35.676783666631316],[139.75766902777772,35.67951922218717],[139.75996591666663,35.68310738885421],[139.7604473333333,35.684484083298806],[139.7605588055555,35.684721944409944],[139.76068891666662,35.68494211107664],[139.76106599999994,35.68541738885446],[139.76122361111106,35.685700722187825],[139.7616241944444,35.68720433329911],[139.76162927777773,35.6872343332991],[139.7612344166666,35.688415166632566],[139.7609623055555,35.68922658329932],[139.7608162222222,35.689434888854905]]},"properties":{"id":"tokyo-metropolitan-priority-030","name":"東京都 平成23年度までの整備済み箇所","reference_type":"priority_section","status":"built","source":{"name":"東京都建設局","url":"https://catalog.data.metro.tokyo.lg.jp/dataset/t000014d0000000026","retrieved_at":"2026-08-24T15:28:14.399Z","license":"CC BY 4.0","source_date":"2012-10","reference_date":"built through FY2011"},"notes":"Archived official planning geometry. It must not override newer as-built or field-verified information.","official_fields":{"凡例名称":"平成23年度までの整備済み箇所","建設事務所":"B01","建設事務2":"第一建設事務所"}}},{"type":"Feature","geometry":{"type":"LineString","coordinates":[[139.74305313888885,35.670926805519564],[139.7434618333333,35.67082861107511],[139.74491822222217,35.67052852774176],[139.74587202777778,35.67034324996396],[139.74619913888887,35.67030458329729],[139.74678649999996,35.67023924996394],[139.74725408333327,35.67023958329729],[139.74755188888886,35.67027113885283],[139.74785611111108,35.67032097218619],[139.7486685277777,35.670520333297304],[139.7488779444444,35.67055441663064],[139.74903313888882,35.67054938885286],[139.74912272222215,35.6705278332973],[139.75157863888884,35.66965877774165],[139.75854186111104,35.6673865555192],[139.75890433333328,35.667269888852516],[139.75936680555552,35.66711158329694],[139.75982927777773,35.66695327774137],[139.76006674999994,35.66686997218581],[139.76039172222218,35.666736666630236],[139.76065422222217,35.666628333296885],[139.76091669444438,35.666586666630224],[139.7610916944444,35.66653669440799],[139.76129166666664,35.66651169440798],[139.7615291666666,35.66649502774131],[139.7622165833333,35.66652002774133],[139.76256655555554,35.66653672218576],[139.7627040555555,35.66655338885244],[139.76293833333327,35.66659447218578],[139.76312986111108,35.66665280551913],[139.76407330555548,35.66710802774138],[139.7642103055555,35.667211277741394],[139.7649423333333,35.66779291663035],[139.76688149999995,35.669434805519415],[139.76719661111105,35.66976324996389],[139.77088738888884,35.673819944408784],[139.77212230555554,35.67581805552008],[139.7730658055555,35.677345916631374],[139.77690352777773,35.68351122218759],[139.77701536111107,35.68368313885427],[139.7766781944444,35.687127222187975]]},"properties":{"id":"tokyo-metropolitan-priority-031","name":"東京都 平成23年度までの整備済み箇所","reference_type":"priority_section","status":"built","source":{"name":"東京都建設局","url":"https://catalog.data.metro.tokyo.lg.jp/dataset/t000014d0000000026","retrieved_at":"2026-08-24T15:28:14.399Z","license":"CC BY 4.0","source_date":"2012-10","reference_date":"built through FY2011"},"notes":"Archived official planning geometry. It must not override newer as-built or field-verified information.","official_fields":{"凡例名称":"平成23年度までの整備済み箇所","建設事務所":"B01","建設事務2":"第一建設事務所"}}},{"type":"Feature","geometry":{"type":"LineString","coordinates":[[139.77502502777776,35.67025877774173],[139.77519880555553,35.6704848610751],[139.77685852777773,35.67461616663108],[139.77815230555552,35.67671088885352],[139.77833977777775,35.67699419440912],[139.77836477777774,35.67702752774245],[139.77850224999995,35.677252527742475],[139.77866472222217,35.677519138853626],[139.7787771944444,35.67770247218698],[139.7788896944444,35.677894111075865],[139.77903966666662,35.678135749964795],[139.78012727777775,35.67989880552053]]},"properties":{"id":"tokyo-metropolitan-priority-032","name":"東京都 平成23年度までの整備済み箇所","reference_type":"priority_section","status":"built","source":{"name":"東京都建設局","url":"https://catalog.data.metro.tokyo.lg.jp/dataset/t000014d0000000026","retrieved_at":"2026-08-24T15:28:14.399Z","license":"CC BY 4.0","source_date":"2012-10","reference_date":"built through FY2011"},"notes":"Archived official planning geometry. It must not override newer as-built or field-verified information.","official_fields":{"凡例名称":"平成23年度までの整備済み箇所","建設事務所":"B01","建設事務2":"第一建設事務所"}}},{"type":"Feature","geometry":{"type":"LineString","coordinates":[[139.87234305555543,35.652160499962],[139.8729212499999,35.66023802774066]]},"properties":{"id":"tokyo-metropolitan-priority-033","name":"東京都 平成23年度までの整備済み箇所","reference_type":"priority_section","status":"built","source":{"name":"東京都建設局","url":"https://catalog.data.metro.tokyo.lg.jp/dataset/t000014d0000000026","retrieved_at":"2026-08-24T15:28:14.399Z","license":"CC BY 4.0","source_date":"2012-10","reference_date":"built through FY2011"},"notes":"Archived official planning geometry. It must not override newer as-built or field-verified information.","official_fields":{"凡例名称":"平成23年度までの整備済み箇所","建設事務所":"B05","建設事務2":"第五建設事務所"}}},{"type":"Feature","geometry":{"type":"LineString","coordinates":[[139.75252349999994,35.805371694423],[139.7511985555555,35.806679861089805],[139.75111105555553,35.80676319442314],[139.7510360555555,35.80683816664538],[139.7509735555555,35.80690483331205],[139.75060827777773,35.807280499978766]]},"properties":{"id":"tokyo-metropolitan-priority-034","name":"東京都 平成23年度までの整備済み箇所","reference_type":"priority_section","status":"built","source":{"name":"東京都建設局","url":"https://catalog.data.metro.tokyo.lg.jp/dataset/t000014d0000000026","retrieved_at":"2026-08-24T15:28:14.399Z","license":"CC BY 4.0","source_date":"2012-10","reference_date":"built through FY2011"},"notes":"Archived official planning geometry. It must not override newer as-built or field-verified information.","official_fields":{"凡例名称":"平成23年度までの整備済み箇所","建設事務所":"B06","建設事務2":"第六建設事務所"}}},{"type":"Feature","geometry":{"type":"LineString","coordinates":[[139.45954244444454,35.6860376666323],[139.45972744444452,35.688076666632526],[139.45994155555562,35.68997641663273],[139.45999844444452,35.690832944410616],[139.45998977777785,35.692913388855274],[139.46002791666672,35.69432844441098]]},"properties":{"id":"tokyo-metropolitan-priority-035","name":"東京都 平成23年度までの整備済み箇所","reference_type":"priority_section","status":"built","source":{"name":"東京都建設局","url":"https://catalog.data.metro.tokyo.lg.jp/dataset/t000014d0000000026","retrieved_at":"2026-08-24T15:28:14.399Z","license":"CC BY 4.0","source_date":"2012-10","reference_date":"built through FY2011"},"notes":"Archived official planning geometry. It must not override newer as-built or field-verified information.","official_fields":{"凡例名称":"平成23年度までの整備済み箇所","建設事務所":"B10","建設事務2":"北多摩南部建設事務所"}}},{"type":"Feature","geometry":{"type":"LineString","coordinates":[[139.67350716666664,35.78080516664255],[139.67359522222222,35.781418694420395],[139.67359163888887,35.78179558330931],[139.67411166666668,35.78581886108754]]},"properties":{"id":"tokyo-metropolitan-priority-036","name":"東京都 平成23年度までの整備済み箇所","reference_type":"priority_section","status":"built","source":{"name":"東京都建設局","url":"https://catalog.data.metro.tokyo.lg.jp/dataset/t000014d0000000026","retrieved_at":"2026-08-24T15:28:14.399Z","license":"CC BY 4.0","source_date":"2012-10","reference_date":"built through FY2011"},"notes":"Archived official planning geometry. It must not override newer as-built or field-verified information.","official_fields":{"凡例名称":"平成23年度までの整備済み箇所","建設事務所":"B04","建設事務2":"第四建設事務所"}}},{"type":"Feature","geometry":{"type":"LineString","coordinates":[[139.66058827777778,35.65005336107291],[139.66095077777777,35.65008669440622],[139.66166319444446,35.650136694406214],[139.66223813888888,35.65017838885068],[139.6626756111111,35.65021172218402],[139.66377552777777,35.650278388850694],[139.6638505,35.65028672218403],[139.66443794444444,35.6503283888507],[139.66466294444444,35.65034505551739],[139.6651503888889,35.65037841662848],[139.6653503888889,35.650403416628485],[139.6656878611111,35.650495083295155],[139.66623780555557,35.65064505551739],[139.66656275,35.65072838885074],[139.66672525,35.65076172218409],[139.66733769444446,35.65084505551743],[139.66766266666667,35.650895055517424],[139.66792513888888,35.650920055517425],[139.66801263888888,35.6509367221841],[139.66837511111112,35.650986722184115],[139.66856258333334,35.6510117221841],[139.6693625,35.65116172218412],[139.66945,35.65117838885078],[139.66978747222223,35.6512283888508],[139.66989994444444,35.6512533888508],[139.67001244444444,35.65128672218414],[139.67022494444444,35.65137005551748],[139.67041241666666,35.65147005551749],[139.67061238888888,35.65161169440639],[139.67086236111112,35.651811694406426],[139.67112483333332,35.652019999962],[139.67129980555555,35.65220333329534],[139.6714122777778,35.65231997218424],[139.6717747222222,35.6527616110732],[139.6718872222222,35.65289491662873],[139.67211219444445,35.65315322218433],[139.6725246388889,35.653636527739955],[139.6726246111111,35.65376149996218],[139.67282458333332,35.6540281388511],[139.67318705555556,35.65444477774003],[139.6733495277778,35.654628083295606],[139.673437,35.65471141662894],[139.673512,35.65478641662896],[139.6735745,35.65483641662895],[139.6736869722222,35.654886416628955],[139.67387447222222,35.65494474996231],[139.67427441666666,35.65504472218453],[139.67448691666667,35.65507805551787],[139.6746618888889,35.65511138885122],[139.6750868611111,35.65519472218456],[139.67528683333333,35.65523638885122],[139.67553680555557,35.65528638885123],[139.67591177777777,35.65535305551791],[139.6760617777778,35.6553780555179],[139.67622425,35.65540305551791],[139.67658672222223,35.655428055517916],[139.67718666666667,35.655469749962364],[139.67788661111112,35.6555280832957],[139.67854905555558,35.65556974996237],[139.67864905555555,35.6555780832957],[139.67891152777779,35.65559474996238],[139.6791615,35.655619749962376],[139.67952397222223,35.65564474996237],[139.67998641666668,35.65568641662905],[139.68017391666666,35.65569474996238],[139.6804113888889,35.655686444406825],[139.68099883333332,35.65561977774015],[139.68121130555556,35.655603138851255],[139.68133630555556,35.65559480551792],[139.68156127777777,35.65557813885126],[139.68179877777777,35.6555864721846],[139.68258619444444,35.655653138851264],[139.68296116666667,35.65569480551794],[139.68394858333335,35.6557864999624],[139.68407358333337,35.65579483329573],[139.6844485277778,35.65581983329573],[139.6846735277778,35.655853166629065],[139.68488600000003,35.65584483329573],[139.685036,35.65581149996238],[139.68518597222223,35.655761527740175],[139.68551097222223,35.655669861073505],[139.68577344444444,35.65557822218458],[139.68612341666667,35.655461555517924],[139.68629841666666,35.65541155551791],[139.68651088888888,35.655369916629006],[139.68669838888889,35.65534491662902],[139.6870983333333,35.655328249962345],[139.68743580555557,35.65533658329567],[139.68757330555556,35.65534491662902],[139.6881591388889,35.655404583295685],[139.68851213888888,35.65542930551791],[139.68886283333333,35.65544411107347],[139.68964269444444,35.655413083295684],[139.69009269444444,35.65533844440679]]},"properties":{"id":"tokyo-metropolitan-priority-037","name":"東京都 優先整備区間","reference_type":"priority_section","status":"planned","source":{"name":"東京都建設局","url":"https://catalog.data.metro.tokyo.lg.jp/dataset/t000014d0000000026","retrieved_at":"2026-08-24T15:28:14.399Z","license":"CC BY 4.0","source_date":"2012-10","reference_date":"2012-10 plan"},"notes":"Archived official planning geometry. It must not override newer as-built or field-verified information.","official_fields":{"凡例名称":"優先整備区間","建設事務所":"B02","建設事務2":"第二建設事務所"}}},{"type":"Feature","geometry":{"type":"LineString","coordinates":[[139.74501974999998,35.62929872218179],[139.74523211111108,35.631690138848704]]},"properties":{"id":"tokyo-metropolitan-priority-038","name":"東京都 優先整備区間","reference_type":"priority_section","status":"planned","source":{"name":"東京都建設局","url":"https://catalog.data.metro.tokyo.lg.jp/dataset/t000014d0000000026","retrieved_at":"2026-08-24T15:28:14.399Z","license":"CC BY 4.0","source_date":"2012-10","reference_date":"2012-10 plan"},"notes":"Archived official planning geometry. It must not override newer as-built or field-verified information.","official_fields":{"凡例名称":"優先整備区間","建設事務所":"B01","建設事務2":"第一建設事務所"}}},{"type":"Feature","geometry":{"type":"LineString","coordinates":[[139.74523211111108,35.631690138848704],[139.74524461111108,35.63182344440428]]},"properties":{"id":"tokyo-metropolitan-priority-039","name":"東京都 優先整備区間","reference_type":"priority_section","status":"planned","source":{"name":"東京都建設局","url":"https://catalog.data.metro.tokyo.lg.jp/dataset/t000014d0000000026","retrieved_at":"2026-08-24T15:28:14.399Z","license":"CC BY 4.0","source_date":"2012-10","reference_date":"2012-10 plan"},"notes":"Archived official planning geometry. It must not override newer as-built or field-verified information.","official_fields":{"凡例名称":"優先整備区間","建設事務所":"B01","建設事務2":"第一建設事務所"}}},{"type":"Feature","geometry":{"type":"LineString","coordinates":[[139.7461068611111,35.635381416626885],[139.74579444444439,35.634398194404554],[139.74545699999996,35.633364944404434],[139.74538202777774,35.63310666662663],[139.74534452777775,35.63289833329328],[139.74524461111108,35.63182344440428]]},"properties":{"id":"tokyo-metropolitan-priority-040","name":"東京都 優先整備区間","reference_type":"priority_section","status":"planned","source":{"name":"東京都建設局","url":"https://catalog.data.metro.tokyo.lg.jp/dataset/t000014d0000000026","retrieved_at":"2026-08-24T15:28:14.399Z","license":"CC BY 4.0","source_date":"2012-10","reference_date":"2012-10 plan"},"notes":"Archived official planning geometry. It must not override newer as-built or field-verified information.","official_fields":{"凡例名称":"優先整備区間","建設事務所":"B01","建設事務2":"第一建設事務所"}}},{"type":"Feature","geometry":{"type":"LineString","coordinates":[[139.70617266666665,35.63601399996028],[139.70584766666664,35.63642227773808],[139.70567266666663,35.636647249960355],[139.70524766666665,35.63713886107152],[139.70408375,35.63861277773833]]},"properties":{"id":"tokyo-metropolitan-priority-041","name":"東京都 優先整備区間","reference_type":"priority_section","status":"planned","source":{"name":"東京都建設局","url":"https://catalog.data.metro.tokyo.lg.jp/dataset/t000014d0000000026","retrieved_at":"2026-08-24T15:28:14.399Z","license":"CC BY 4.0","source_date":"2012-10","reference_date":"2012-10 plan"},"notes":"Archived official planning geometry. It must not override newer as-built or field-verified information.","official_fields":{"凡例名称":"優先整備区間","建設事務所":"B02","建設事務2":"第二建設事務所"}}},{"type":"Feature","geometry":{"type":"LineString","coordinates":[[139.70617266666665,35.63601399996028],[139.70639763888886,35.63569736107136],[139.70706436111112,35.63468641662679]]},"properties":{"id":"tokyo-metropolitan-priority-042","name":"東京都 優先整備区間","reference_type":"priority_section","status":"planned","source":{"name":"東京都建設局","url":"https://catalog.data.metro.tokyo.lg.jp/dataset/t000014d0000000026","retrieved_at":"2026-08-24T15:28:14.399Z","license":"CC BY 4.0","source_date":"2012-10","reference_date":"2012-10 plan"},"notes":"Archived official planning geometry. It must not override newer as-built or field-verified information.","official_fields":{"凡例名称":"優先整備区間","建設事務所":"B02","建設事務2":"第二建設事務所"}}},{"type":"Feature","geometry":{"type":"LineString","coordinates":[[139.72483225,35.66513619440785],[139.72475724999998,35.665486166630096],[139.72458222222218,35.66609441663016],[139.72412588888886,35.66790605551926],[139.7237067222222,35.66972388885277],[139.72367616666665,35.66989122218613],[139.72366591666665,35.67002461107503],[139.72370224999997,35.67022244440839],[139.72382352777774,35.67047013885285],[139.7243671111111,35.67096130551959],[139.72449208333333,35.67117524996403],[139.7245628333333,35.67141063885295],[139.72449874999998,35.67172569440855]]},"properties":{"id":"tokyo-metropolitan-priority-043","name":"東京都 優先整備区間","reference_type":"priority_section","status":"planned","source":{"name":"東京都建設局","url":"https://catalog.data.metro.tokyo.lg.jp/dataset/t000014d0000000026","retrieved_at":"2026-08-24T15:28:14.399Z","license":"CC BY 4.0","source_date":"2012-10","reference_date":"2012-10 plan"},"notes":"Archived official planning geometry. It must not override newer as-built or field-verified information.","official_fields":{"凡例名称":"優先整備区間","建設事務所":"B01","建設事務2":"第一建設事務所"}}},{"type":"Feature","geometry":{"type":"LineString","coordinates":[[139.75001958333334,35.623607749958964],[139.7499820833333,35.62369108329229],[139.7499570833333,35.623791055514516],[139.7499320833333,35.62391605551455],[139.7499320833333,35.62400772218121],[139.7499451111111,35.624412027736824]]},"properties":{"id":"tokyo-metropolitan-priority-044","name":"東京都 優先整備区間","reference_type":"priority_section","status":"planned","source":{"name":"東京都建設局","url":"https://catalog.data.metro.tokyo.lg.jp/dataset/t000014d0000000026","retrieved_at":"2026-08-24T15:28:14.399Z","license":"CC BY 4.0","source_date":"2012-10","reference_date":"2012-10 plan"},"notes":"Archived official planning geometry. It must not override newer as-built or field-verified information.","official_fields":{"凡例名称":"優先整備区間","建設事務所":"B02","建設事務2":"第二建設事務所"}}},{"type":"Feature","geometry":{"type":"LineString","coordinates":[[139.7499451111111,35.624412027736824],[139.74995702777775,35.62478263884797]]},"properties":{"id":"tokyo-metropolitan-priority-045","name":"東京都 優先整備区間","reference_type":"priority_section","status":"planned","source":{"name":"東京都建設局","url":"https://catalog.data.metro.tokyo.lg.jp/dataset/t000014d0000000026","retrieved_at":"2026-08-24T15:28:14.399Z","license":"CC BY 4.0","source_date":"2012-10","reference_date":"2012-10 plan"},"notes":"Archived official planning geometry. It must not override newer as-built or field-verified information.","official_fields":{"凡例名称":"優先整備区間","建設事務所":"B01","建設事務2":"第一建設事務所"}}},{"type":"Feature","geometry":{"type":"LineString","coordinates":[[139.74995702777775,35.62478263884797],[139.7500195,35.62548255551471]]},"properties":{"id":"tokyo-metropolitan-priority-046","name":"東京都 優先整備区間","reference_type":"priority_section","status":"planned","source":{"name":"東京都建設局","url":"https://catalog.data.metro.tokyo.lg.jp/dataset/t000014d0000000026","retrieved_at":"2026-08-24T15:28:14.399Z","license":"CC BY 4.0","source_date":"2012-10","reference_date":"2012-10 plan"},"notes":"Archived official planning geometry. It must not override newer as-built or field-verified information.","official_fields":{"凡例名称":"優先整備区間","建設事務所":"B01","建設事務2":"第一建設事務所"}}},{"type":"Feature","geometry":{"type":"LineString","coordinates":[[139.7500195,35.62548255551471],[139.75011941666665,35.62666574995928],[139.7502818333333,35.628657222181715],[139.75034427777777,35.62954044440402],[139.75056913888886,35.6321568332932],[139.75059411111107,35.632465138848794],[139.75066905555553,35.6334733888489],[139.75071905555552,35.63375666662671],[139.75074569444442,35.63384547218226]]},"properties":{"id":"tokyo-metropolitan-priority-047","name":"東京都 優先整備区間","reference_type":"priority_section","status":"planned","source":{"name":"東京都建設局","url":"https://catalog.data.metro.tokyo.lg.jp/dataset/t000014d0000000026","retrieved_at":"2026-08-24T15:28:14.399Z","license":"CC BY 4.0","source_date":"2012-10","reference_date":"2012-10 plan"},"notes":"Archived official planning geometry. It must not override newer as-built or field-verified information.","official_fields":{"凡例名称":"優先整備区間","建設事務所":"B01","建設事務2":"第一建設事務所"}}},{"type":"Feature","geometry":{"type":"LineString","coordinates":[[139.33542458333343,35.72003186108041],[139.33537455555563,35.720606805524916],[139.33534955555567,35.720915083302735],[139.3352620000001,35.72163169441392],[139.33522450000012,35.72205663885841],[139.33513694444454,35.72297322219184],[139.33504941666675,35.72386477774749],[139.3350119166668,35.724181416636405],[139.334999388889,35.72445638885867],[139.33498688888898,35.724739694414254],[139.33499936111122,35.72522297219209],[139.33498680555564,35.72673113885891],[139.33498680555564,35.726797805525585],[139.33498680555564,35.72705611108116],[139.33497427777786,35.72724774997007],[139.33494927777787,35.72743105552565],[139.33489925000012,35.72772269441459],[139.3347742500001,35.72827263885908],[139.3346992500001,35.728605944414674],[139.33467425000012,35.72870591663691],[139.33467425000012,35.728730916636906],[139.33463672222234,35.72888088885916],[139.3345992222223,35.729022555525816],[139.33454922222234,35.729255861081405],[139.33442419444452,35.729797472192594],[139.33438669444456,35.72996411108149],[139.33434919444457,35.730089111081504],[139.33429919444455,35.73021408330372],[139.33423669444457,35.73033908330376],[139.33417419444456,35.73044738885931],[139.33408669444452,35.73054738885933],[139.33398669444455,35.73063902774823],[139.33384922222234,35.7307556944149],[139.33349922222234,35.731038999970494],[139.3329117500001,35.73148058330388],[139.33261177777788,35.73172222219279],[139.3322617777779,35.73200552774838],[139.33159930555564,35.73251380552622],[139.33096183333345,35.73301372219292],[139.33031188888899,35.7335303333041],[139.33012438888898,35.73368030552632],[139.330049388889,35.733746972192996],[139.329986888889,35.73381363885969],[139.329936888889,35.73388027774857],[139.329861888889,35.73398861108193],[139.329774388889,35.73411358330416],[139.32956188888897,35.73447188885975],[139.329299388889,35.734955166637576],[139.328986888889,35.73548841663762],[139.328686888889,35.735996694415455],[139.328399388889,35.736521638859976],[139.32812441666678,35.73700491663782],[139.327836888889,35.73750486108231],[139.32754938888897,35.738021472193466],[139.327386888889,35.73828811108237],[139.3271994166668,35.738629722193544],[139.32684938888897,35.739229666638046],[139.32647441666677,35.73970461108253],[139.32644941666678,35.73973794441586],[139.32619941666678,35.740071222193684],[139.3258119166668,35.74056283330485],[139.32537444444455,35.74111274997159],[139.32509944444456,35.741829361082765],[139.3248244166668,35.74257094441619],[139.32478691666674,35.742662583305076],[139.324636888889,35.74311252774958],[139.3245869166668,35.74327919441627],[139.32447438888897,35.743662472194075],[139.324424388889,35.74382077774963],[139.324374388889,35.74393744441633],[139.324324388889,35.744054083305244],[139.324261888889,35.74417908330525],[139.32399938888898,35.74465402774974],[139.323724388889,35.74529563886093],[139.32363688888898,35.74550394441649],[139.32362438888902,35.74552058330538],[139.32354938888898,35.745637249972084],[139.323474388889,35.74574555552764],[139.32337438888896,35.74587055552765],[139.32327438888896,35.74598722219432],[139.322999388889,35.74625383330548],[139.32263691666674,35.746520472194376],[139.32243691666676,35.74668711108329],[139.32236191666678,35.74675377774996],[139.32169944444456,35.747287027750026],[139.32154947222233,35.747403694416704],[139.32126197222235,35.74765366663895],[139.32098700000006,35.7479452777501],[139.32071200000007,35.748278583305684],[139.3202620000001,35.74882019441686],[139.3196620277779,35.74956177775028],[139.3194370277779,35.74982005552809],[139.3192995277779,35.749995055528096],[139.31871205555564,35.75070330552816],[139.31868705555564,35.75072827775041],[139.3179120833334,35.75176983330607],[139.31729958333344,35.75276138886173],[139.31699958333343,35.75321133330622],[139.3168620833334,35.75345297219514],[139.31657458333345,35.75388624997295],[139.31627458333344,35.75421955552856],[139.3155121111112,35.755069444417536],[139.31481213888898,35.75586099997319],[139.31409966666675,35.75667758330661],[139.31393716666676,35.75685255552884],[139.31279969444452,35.75811905552898],[139.31263719444456,35.758277361084566],[139.31064975000012,35.76053544441813],[139.3103747777779,35.760885388862604],[139.31016227777786,35.7612603333071],[139.30993727777786,35.761718638862696],[139.3097622500001,35.7622602221961],[139.30933725000008,35.76356841664067],[139.30894972222228,35.7647182777519],[139.3087746944445,35.76527655552976],[139.30864969444454,35.76565152775201],[139.30814969444452,35.76649308330766],[139.3076247222223,35.766984694418824],[139.3071872222223,35.76738463886333],[139.30674975000008,35.767817916641135],[139.30643725000007,35.768109555530046],[139.30591230555564,35.76862613886345],[139.30582477777787,35.768742805530124],[139.30557480555564,35.76901777775238],[139.30452483333343,35.77020094441917],[139.30411233333342,35.77067588886367],[139.30357486111117,35.771342472197084],[139.3029123611112,35.77217572219717],[139.302449888889,35.77274230553055],[139.30216238888897,35.77310061108616],[139.30194988888897,35.7733255833084],[139.30177491666672,35.77351722219732],[139.30154991666672,35.77374219441956],[139.30117491666675,35.77403380553069],[139.30007500000008,35.77477538886412],[139.29946252777788,35.775166999975276],[139.2985750555556,35.77574191664201],[139.297125138889,35.77667513886432],[139.29653766666675,35.7770500833088],[139.29622519444453,35.777200055531054],[139.2958502222223,35.777316722197725],[139.2952627500001,35.777474999975524],[139.29516277777788,35.777499999975525],[139.29506277777784,35.777516666642185],[139.29462530555563,35.77759999997553],[139.29363788888898,35.77784161108668],[139.29258794444453,35.778116583308936],[139.29225047222232,35.77819988886448]]},"properties":{"id":"tokyo-metropolitan-priority-048","name":"東京都 優先整備区間","reference_type":"priority_section","status":"planned","source":{"name":"東京都建設局","url":"https://catalog.data.metro.tokyo.lg.jp/dataset/t000014d0000000026","retrieved_at":"2026-08-24T15:28:14.399Z","license":"CC BY 4.0","source_date":"2012-10","reference_date":"2012-10 plan"},"notes":"Archived official planning geometry. It must not override newer as-built or field-verified information.","official_fields":{"凡例名称":"優先整備区間","建設事務所":"B07","建設事務2":"西多摩建設事務所"}}},{"type":"Feature","geometry":{"type":"LineString","coordinates":[[139.356987888889,35.66336330551876],[139.35712536111123,35.66397988885216],[139.35716283333346,35.66417988885218],[139.3572628055557,35.664613166630005],[139.35740025000013,35.66539641663009],[139.35741275000015,35.66552974996345],[139.35755022222236,35.66614636107463],[139.35761269444458,35.66627966663018],[139.35786266666682,35.66658797218578],[139.3579126666668,35.6666629721858],[139.35812513888902,35.66692961107469],[139.35818761111122,35.667012944408036],[139.3586875555557,35.66766286107477],[139.3587875277779,35.6678378610748],[139.35928747222235,35.66859611107487],[139.35957491666682,35.66903774996383],[139.359774888889,35.6693376944083],[139.35992486111124,35.669562694408306],[139.36013733333345,35.66988766663057],[139.36058725000012,35.67049594440843],[139.36162461111127,35.67191247218635],[139.36244950000014,35.67303736107536],[139.36276194444457,35.6734539721865],[139.36303691666677,35.67366230551987],[139.36358686111126,35.673970611075454],[139.36377433333348,35.67409561107549],[139.36406180555568,35.67437891663106],[139.3641867777779,35.674545555519956],[139.36428677777792,35.67474552774221],[139.36432425000012,35.67485386107555],[139.36443672222237,35.67521216663115],[139.36446172222236,35.67526216663115],[139.364874138889,35.67629538885348],[139.36523655555567,35.67722030552026],[139.3660739166668,35.67906177774267],[139.36618638888902,35.679370083298245],[139.36641133333347,35.67986169440944],[139.36643633333347,35.67992836107609],[139.36658630555567,35.68023666663168],[139.36702375000013,35.68112824996513],[139.36712372222237,35.681278222187366],[139.36727369444455,35.68158652774294],[139.3674486666668,35.681819833298526],[139.367736138889,35.682194805520794],[139.36847352777792,35.68288641663197],[139.3687235000001,35.683111388854215],[139.36918594444455,35.6834946944098],[139.36962338888904,35.68387799996541],[139.37001086111124,35.68420297218768],[139.37019833333346,35.6843779444099],[139.37039830555565,35.68461961107658],[139.37049827777787,35.684819583298854],[139.3705732777779,35.68501122218777],[139.3706357500001,35.685361194410014],[139.37063575000008,35.6855694999656],[139.37058563888903,35.68771094441026],[139.37059811111126,35.68854419441035],[139.37056058333349,35.68906077774374],[139.3706105555557,35.68941908329934],[139.3707230277779,35.689694055521585]]},"properties":{"id":"tokyo-metropolitan-priority-049","name":"東京都 優先整備区間","reference_type":"priority_section","status":"planned","source":{"name":"東京都建設局","url":"https://catalog.data.metro.tokyo.lg.jp/dataset/t000014d0000000026","retrieved_at":"2026-08-24T15:28:14.399Z","license":"CC BY 4.0","source_date":"2012-10","reference_date":"2012-10 plan"},"notes":"Archived official planning geometry. It must not override newer as-built or field-verified information.","official_fields":{"凡例名称":"優先整備区間","建設事務所":"B09","建設事務2":"南多摩西部建設事務所"}}},{"type":"Feature","geometry":{"type":"LineString","coordinates":[[139.37489858333345,35.67041286107508],[139.37502358333347,35.67024622218618],[139.37511108333348,35.67014622218616],[139.37528608333346,35.669921249963906],[139.3753110833335,35.66988791663058],[139.3754610555557,35.669679611075],[139.3759735555557,35.66904636107494],[139.3765235555557,35.668329777741526],[139.3768360277779,35.667921499963704],[139.3772860277779,35.66737155551919],[139.37782350000015,35.666663305519116],[139.37816100000015,35.66624669440795],[139.3783485000001,35.6659467221857],[139.37857350000013,35.665538444407886],[139.37859850000012,35.66545511107454],[139.37909852777793,35.66390530551881]]},"properties":{"id":"tokyo-metropolitan-priority-050","name":"東京都 優先整備区間","reference_type":"priority_section","status":"planned","source":{"name":"東京都建設局","url":"https://catalog.data.metro.tokyo.lg.jp/dataset/t000014d0000000026","retrieved_at":"2026-08-24T15:28:14.399Z","license":"CC BY 4.0","source_date":"2012-10","reference_date":"2012-10 plan"},"notes":"Archived official planning geometry. It must not override newer as-built or field-verified information.","official_fields":{"凡例名称":"優先整備区間","建設事務所":"B09","建設事務2":"南多摩西部建設事務所"}}},{"type":"Feature","geometry":{"type":"LineString","coordinates":[[139.48400191666676,35.67272286107533],[139.48393944444453,35.67237288885306],[139.4838769444445,35.67194794440858],[139.4838519722223,35.671706305519656],[139.4838269722223,35.67156463885296],[139.48380197222227,35.67142299996407],[139.48368952777787,35.670781388852895],[139.4836020833334,35.669998138852804],[139.48161472222228,35.67004808329726],[139.48096480555563,35.67003141663059],[139.4804398333334,35.67002308329726],[139.47976488888895,35.67002305551947],[139.47908994444452,35.67001472218614]]},"properties":{"id":"tokyo-metropolitan-priority-051","name":"東京都 優先整備区間","reference_type":"priority_section","status":"planned","source":{"name":"東京都建設局","url":"https://catalog.data.metro.tokyo.lg.jp/dataset/t000014d0000000026","retrieved_at":"2026-08-24T15:28:14.399Z","license":"CC BY 4.0","source_date":"2012-10","reference_date":"2012-10 plan"},"notes":"Archived official planning geometry. It must not override newer as-built or field-verified information.","official_fields":{"凡例名称":"優先整備区間","建設事務所":"B10","建設事務2":"北多摩南部建設事務所"}}},{"type":"Feature","geometry":{"type":"LineString","coordinates":[[139.52218525000006,35.69440452774431],[139.5221851944445,35.69532944441109],[139.5221851944445,35.69548774996666],[139.5221726944445,35.695704388855575],[139.52218516666673,35.69619599996675],[139.52218516666673,35.69627933330008],[139.52218513888894,35.69661263885565],[139.52218511111116,35.697562527744665],[139.5221725555556,35.69836244441141],[139.52216002777783,35.69937066663375],[139.52216000000007,35.699570638855995],[139.52209747222227,35.700695527745]]},"properties":{"id":"tokyo-metropolitan-priority-052","name":"東京都 優先整備区間","reference_type":"priority_section","status":"planned","source":{"name":"東京都建設局","url":"https://catalog.data.metro.tokyo.lg.jp/dataset/t000014d0000000026","retrieved_at":"2026-08-24T15:28:14.399Z","license":"CC BY 4.0","source_date":"2012-10","reference_date":"2012-10 plan"},"notes":"Archived official planning geometry. It must not override newer as-built or field-verified information.","official_fields":{"凡例名称":"優先整備区間","建設事務所":"B10","建設事務2":"北多摩南部建設事務所"}}},{"type":"Feature","geometry":{"type":"LineString","coordinates":[[139.5219347777778,35.7049867221899],[139.52190977777784,35.70520336107881],[139.52189725000005,35.705444999967725],[139.52189725000005,35.70556999996775],[139.52185972222227,35.706228277745595],[139.52184722222228,35.70651988885674],[139.5218096944445,35.70711983330123],[139.52179716666672,35.707461472190175],[139.52178463888896,35.707953083301334],[139.52177213888893,35.70814472219024],[139.52175963888894,35.70851136107917],[139.52174711111118,35.70881130552364],[139.52173461111116,35.70887797219033],[139.52173461111116,35.70896130552367],[139.5217095833334,35.70973622219041],[139.52168455555562,35.710286166634916],[139.52168455555562,35.710436138857155],[139.52163450000006,35.71130272219059],[139.52159697222228,35.71246091663515],[139.5215969444445,35.71265258330183],[139.5216094444445,35.712719222190735]]},"properties":{"id":"tokyo-metropolitan-priority-053","name":"東京都 優先整備区間","reference_type":"priority_section","status":"planned","source":{"name":"東京都建設局","url":"https://catalog.data.metro.tokyo.lg.jp/dataset/t000014d0000000026","retrieved_at":"2026-08-24T15:28:14.399Z","license":"CC BY 4.0","source_date":"2012-10","reference_date":"2012-10 plan"},"notes":"Archived official planning geometry. It must not override newer as-built or field-verified information.","official_fields":{"凡例名称":"優先整備区間","建設事務所":"B10","建設事務2":"北多摩南部建設事務所"}}},{"type":"Feature","geometry":{"type":"LineString","coordinates":[[139.58259183333337,35.713570194413045],[139.58250436111115,35.71337022219081],[139.58232938888892,35.71299527774632],[139.5821544166667,35.71262863885739],[139.58196694444447,35.712295333301775],[139.58190447222225,35.712186999968466],[139.58181697222224,35.711995361079545],[139.58166700000004,35.71171205552396],[139.58122958333337,35.71089547219054],[139.58095463888893,35.71034552774603]]},"properties":{"id":"tokyo-metropolitan-priority-054","name":"東京都 優先整備区間","reference_type":"priority_section","status":"planned","source":{"name":"東京都建設局","url":"https://catalog.data.metro.tokyo.lg.jp/dataset/t000014d0000000026","retrieved_at":"2026-08-24T15:28:14.399Z","license":"CC BY 4.0","source_date":"2012-10","reference_date":"2012-10 plan"},"notes":"Archived official planning geometry. It must not override newer as-built or field-verified information.","official_fields":{"凡例名称":"優先整備区間","建設事務所":"B10","建設事務2":"北多摩南部建設事務所"}}},{"type":"Feature","geometry":{"type":"LineString","coordinates":[[139.57171694444446,35.731318111081634],[139.57251686111113,35.73132647219274],[139.57451669444447,35.73137649997054],[139.57464169444447,35.73137649997053],[139.57590408333337,35.731409861081644],[139.5763415277778,35.731418194414964],[139.57691650000004,35.731426527748305],[139.57726647222225,35.731443194414986],[139.57854136111115,35.73151822219276],[139.57890383333336,35.7315515555261],[139.57897883333337,35.73155155552611],[139.58074116666668,35.731668222192795],[139.58196605555557,35.73174324997057],[139.5822285277778,35.73174324997057],[139.5834909166667,35.731784944415026],[139.58391588888892,35.73180994441501],[139.5840783888889,35.731809944415005],[139.5850283055556,35.73183497219281],[139.58749058333336,35.73190999997058],[139.5877780555556,35.73190999997059],[139.58795305555554,35.73189333330393],[139.5881780277778,35.73185166663724],[139.5884280277778,35.73179336108168],[139.58869050000004,35.73171002774835],[139.58892800000004,35.73163505552611],[139.58904047222225,35.73157672219278],[139.5895154444445,35.73133508330385],[139.58974044444446,35.73121011108161],[139.59055288888888,35.730760166637126],[139.5906778888889,35.73069352774823],[139.59152783333337,35.730235249970406]]},"properties":{"id":"tokyo-metropolitan-priority-055","name":"東京都 優先整備区間","reference_type":"priority_section","status":"planned","source":{"name":"東京都建設局","url":"https://catalog.data.metro.tokyo.lg.jp/dataset/t000014d0000000026","retrieved_at":"2026-08-24T15:28:14.399Z","license":"CC BY 4.0","source_date":"2012-10","reference_date":"2012-10 plan"},"notes":"Archived official planning geometry. It must not override newer as-built or field-verified information.","official_fields":{"凡例名称":"優先整備区間","建設事務所":"B04","建設事務2":"第四建設事務所"}}},{"type":"Feature","geometry":{"type":"LineString","coordinates":[[139.54953058333336,35.7465660833055],[139.54898061111115,35.74675772219441],[139.5485181388889,35.746924361083316],[139.54783069444449,35.74716599997224],[139.5463307777778,35.747682583305625],[139.54611830555558,35.74775758330563],[139.54511836111115,35.74812419441678],[139.54471838888892,35.74826583330569],[139.5445434166667,35.74833249997236],[139.5445184166667,35.74834083330569],[139.54415591666668,35.74846580552792],[139.54323100000002,35.7488407499724]]},"properties":{"id":"tokyo-metropolitan-priority-056","name":"東京都 優先整備区間","reference_type":"priority_section","status":"planned","source":{"name":"東京都建設局","url":"https://catalog.data.metro.tokyo.lg.jp/dataset/t000014d0000000026","retrieved_at":"2026-08-24T15:28:14.399Z","license":"CC BY 4.0","source_date":"2012-10","reference_date":"2012-10 plan"},"notes":"Archived official planning geometry. It must not override newer as-built or field-verified information.","official_fields":{"凡例名称":"優先整備区間","建設事務所":"B10","建設事務2":"北多摩南部建設事務所"}}},{"type":"Feature","geometry":{"type":"LineString","coordinates":[[139.53763455555557,35.681197888854015],[139.53764705555562,35.681322861076254]]},"properties":{"id":"tokyo-metropolitan-priority-057","name":"東京都 優先整備区間","reference_type":"priority_section","status":"planned","source":{"name":"東京都建設局","url":"https://catalog.data.metro.tokyo.lg.jp/dataset/t000014d0000000026","retrieved_at":"2026-08-24T15:28:14.399Z","license":"CC BY 4.0","source_date":"2012-10","reference_date":"2012-10 plan"},"notes":"Archived official planning geometry. It must not override newer as-built or field-verified information.","official_fields":{"凡例名称":"優先整備区間","建設事務所":"B10","建設事務2":"北多摩南部建設事務所"}}},{"type":"Feature","geometry":{"type":"LineString","coordinates":[[139.59730141666665,35.7505664999726],[139.59692644444445,35.7505664999726],[139.596339,35.75056647219483],[139.59583902777777,35.75059147219482],[139.59540158333334,35.75060813886148],[139.59500161111112,35.75064147219483],[139.59476413888888,35.7506497777504],[139.59453913888888,35.75065811108373],[139.59390169444444,35.75066644441705],[139.59377672222223,35.75067477775038],[139.5935142222222,35.75067474997262],[139.59335175,35.75067474997261],[139.5929267777778,35.750683083305944],[139.59273927777778,35.75067474997262],[139.59261430555554,35.75067474997262],[139.59171438888893,35.75069972219485],[139.5914018888889,35.75069972219485],[139.5905644722222,35.750749694417074],[139.590252,35.750774694417075],[139.5900395,35.75079969441707],[139.58930205555555,35.75086633330595],[139.5886771111111,35.75091630552821],[139.58810216666666,35.75095797219487],[139.58780219444444,35.75096630552819],[139.58718975000002,35.75097461108376],[139.58692725,35.75099127775043],[139.58673977777778,35.75099961108374],[139.58657727777776,35.75099127775042],[139.5856648611111,35.75102458330598]]},"properties":{"id":"tokyo-metropolitan-priority-058","name":"東京都 優先整備区間","reference_type":"priority_section","status":"planned","source":{"name":"東京都建設局","url":"https://catalog.data.metro.tokyo.lg.jp/dataset/t000014d0000000026","retrieved_at":"2026-08-24T15:28:14.399Z","license":"CC BY 4.0","source_date":"2012-10","reference_date":"2012-10 plan"},"notes":"Archived official planning geometry. It must not override newer as-built or field-verified information.","official_fields":{"凡例名称":"優先整備区間","建設事務所":"B04","建設事務2":"第四建設事務所"}}},{"type":"Feature","geometry":{"type":"LineString","coordinates":[[139.68564244444445,35.68405041663209],[139.68527219444442,35.68383349996541],[139.6849472222222,35.68364186107649],[139.68450977777778,35.683400194409806],[139.68426313888887,35.68326866663202]]},"properties":{"id":"tokyo-metropolitan-priority-059","name":"東京都 優先整備区間","reference_type":"priority_section","status":"planned","source":{"name":"東京都建設局","url":"https://catalog.data.metro.tokyo.lg.jp/dataset/t000014d0000000026","retrieved_at":"2026-08-24T15:28:14.399Z","license":"CC BY 4.0","source_date":"2012-10","reference_date":"2012-10 plan"},"notes":"Archived official planning geometry. It must not override newer as-built or field-verified information.","official_fields":{"凡例名称":"優先整備区間","建設事務所":"B02","建設事務2":"第二建設事務所"}}},{"type":"Feature","geometry":{"type":"LineString","coordinates":[[139.68632863888885,35.68442863885435],[139.6861970833333,35.684358472187675],[139.68568463888886,35.6840751666321],[139.68564244444445,35.68405041663209]]},"properties":{"id":"tokyo-metropolitan-priority-060","name":"東京都 優先整備区間","reference_type":"priority_section","status":"planned","source":{"name":"東京都建設局","url":"https://catalog.data.metro.tokyo.lg.jp/dataset/t000014d0000000026","retrieved_at":"2026-08-24T15:28:14.399Z","license":"CC BY 4.0","source_date":"2012-10","reference_date":"2012-10 plan"},"notes":"Archived official planning geometry. It must not override newer as-built or field-verified information.","official_fields":{"凡例名称":"優先整備区間","建設事務所":"B03","建設事務2":"第三建設事務所"}}},{"type":"Feature","geometry":{"type":"LineString","coordinates":[[139.69525802777775,35.70184841663401],[139.69548302777775,35.70182344441178],[139.69615794444442,35.70176511107843],[139.69649541666666,35.70174011107844],[139.69688288888887,35.7017151388562],[139.69710788888887,35.70169847218954],[139.69743286111108,35.701673472189555],[139.69769533333331,35.70165683330065],[139.69809530555554,35.70162349996732],[139.6982952777778,35.70160683330065],[139.69857027777775,35.70159016663399],[139.69868275,35.70158186107842],[139.69882025,35.70157352774508],[139.6991327222222,35.7015485277451],[139.6992951944444,35.70154019441175],[139.69935769444442,35.701531861078415],[139.69969516666663,35.70150686107843],[139.69978266666664,35.701498555522846],[139.69994516666665,35.7014818888562],[139.70017013888886,35.70145688885618],[139.7005576111111,35.70143188885619],[139.7007575833333,35.70141522218951],[139.70110755555555,35.70139858330064],[139.7015700277778,35.7013652499673],[139.701645,35.70136524996729],[139.70200749999998,35.70134027774507],[139.7023199722222,35.70131527774507],[139.7024324722222,35.70130694441173],[139.70299491666665,35.701265305522824],[139.70319488888887,35.701248638856164],[139.70356986111108,35.7012319721895],[139.70378236111108,35.70121530552284],[139.70391983333332,35.70120697218949],[139.70413230555556,35.70119030552282],[139.70441980555552,35.70117366663394],[139.70469477777775,35.70115699996727],[139.70488224999997,35.70114033330059],[139.7051697222222,35.70112366663394],[139.70568219444442,35.70108202774503],[139.70593216666666,35.70105702774504],[139.70609466666664,35.701048694411696],[139.70638213888887,35.70102369441169],[139.70644463888885,35.701015388856156],[139.7070195833333,35.70096538885613],[139.70729455555556,35.700948722189466],[139.70763205555554,35.70091541663391],[139.708032,35.700890416633904]]},"properties":{"id":"tokyo-metropolitan-priority-061","name":"東京都 優先整備区間","reference_type":"priority_section","status":"planned","source":{"name":"東京都建設局","url":"https://catalog.data.metro.tokyo.lg.jp/dataset/t000014d0000000026","retrieved_at":"2026-08-24T15:28:14.399Z","license":"CC BY 4.0","source_date":"2012-10","reference_date":"2012-10 plan"},"notes":"Archived official planning geometry. It must not override newer as-built or field-verified information.","official_fields":{"凡例名称":"優先整備区間","建設事務所":"B03","建設事務2":"第三建設事務所"}}},{"type":"Feature","geometry":{"type":"LineString","coordinates":[[139.69344530555554,35.70997252774599],[139.69338280555553,35.710014194412665],[139.69267036111108,35.71051411107937],[139.6925453611111,35.71059744441273],[139.69238286111107,35.71068911107941],[139.69223286111108,35.71077241663497],[139.69188288888887,35.710905722190546],[139.69175788888887,35.710964055523874],[139.69158291666665,35.711030722190536],[139.69132041666663,35.711105694412794],[139.6908454722222,35.711222361079464],[139.69060797222218,35.71126399996835],[139.69039549999997,35.71128066663502],[139.69022052777774,35.711288999968374],[139.69014552777776,35.71128066663503],[139.68962055555554,35.71126397219057],[139.68897061111107,35.71122230552391],[139.68855816666664,35.7111973055239],[139.6881831944444,35.711155638857214],[139.68792069444441,35.71110563885723],[139.6877082222222,35.711063972190566],[139.68743325,35.71099730552389],[139.68728327777774,35.71095563885722],[139.68705827777774,35.71090563885721],[139.68683330555555,35.710855638857204],[139.6867458333333,35.7108306388572],[139.68599588888887,35.71064733330163],[139.68592088888886,35.71062233330162],[139.68535844444443,35.71049733330161],[139.6847335,35.7103473333016],[139.68449602777775,35.7102973333016],[139.68415855555554,35.71023899996826],[139.6837835833333,35.71016399996824],[139.68360861111108,35.7101306666349],[139.68279619444442,35.70998899996821],[139.6826086944444,35.70995566663486],[139.68243372222219,35.70992233330154],[139.68227124999999,35.70987233330155],[139.68213374999996,35.709814027745985],[139.6818712777778,35.70970569441262],[139.6810213611111,35.70929738885703],[139.68069638888886,35.70915572219035],[139.68030894444442,35.70897238885699],[139.67980899999998,35.70873908330142],[139.67918405555557,35.70844744441249],[139.67910908333334,35.70842244441249],[139.6789090833333,35.70837244441249],[139.67873411111108,35.70835577774582],[139.67834663888888,35.70834744441249],[139.67827163888887,35.70833911107914],[139.67748422222223,35.70832241663471],[139.67717172222223,35.70831408330138],[139.67695925,35.7083224166347],[139.67670927777775,35.70833908330136],[139.67653427777776,35.70835574996805],[139.6763843055556,35.70838072219026],[139.67619680555552,35.70842238885693],[139.67593433333332,35.70848072219028],[139.67568433333332,35.70853902774583],[139.67554686111112,35.70857236107916],[139.6749843888889,35.70870566663475],[139.67470941666667,35.70876399996809],[139.67422194444444,35.70888063885698],[139.67395947222224,35.70894730552365],[139.6735345,35.70904727774589],[139.6734095,35.709072277745896],[139.67300952777777,35.7091639166348],[139.67200961111112,35.70933055552369],[139.6717221388889,35.70938052774592],[139.6710721944444,35.70949719441263],[139.67087219444446,35.70953883330149],[139.67080969444444,35.709555499968175],[139.67045972222223,35.70962216663485],[139.67009725,35.70968047219041],[139.66975977777776,35.70973880552375],[139.66950980555555,35.70978047219042],[139.66928483333334,35.70981377774597],[139.66908483333333,35.70983044441265],[139.6685723611111,35.70986377774597],[139.66825991666667,35.709880416634874],[139.66777244444444,35.70991374996822],[139.667085,35.70996372219044],[139.66676002777777,35.709980388857105],[139.66643505555555,35.70997205552376],[139.6654726388889,35.709963694412664],[139.66497266666667,35.709955361079324]]},"properties":{"id":"tokyo-metropolitan-priority-062","name":"東京都 優先整備区間","reference_type":"priority_section","status":"planned","source":{"name":"東京都建設局","url":"https://catalog.data.metro.tokyo.lg.jp/dataset/t000014d0000000026","retrieved_at":"2026-08-24T15:28:14.399Z","license":"CC BY 4.0","source_date":"2012-10","reference_date":"2012-10 plan"},"notes":"Archived official planning geometry. It must not override newer as-built or field-verified information.","official_fields":{"凡例名称":"優先整備区間","建設事務所":"B03","建設事務2":"第三建設事務所"}}},{"type":"Feature","geometry":{"type":"LineString","coordinates":[[139.65408608333334,35.70968019441262],[139.6537986111111,35.709655194412626],[139.6535111388889,35.70963852774596],[139.65324866666666,35.70961352774596],[139.65227375,35.70952186107929],[139.65159880555555,35.709480194412606],[139.65151130555554,35.70947183330151],[139.65108633333332,35.709430166634824],[139.65093636111112,35.70943016663483],[139.65081136111112,35.70944683330148],[139.6506738888889,35.70948849996816],[139.65019891666665,35.709621805523724],[139.64997394444444,35.709680138857074],[139.64973644444444,35.709730111079296],[139.64917397222223,35.70985508330153],[139.6490365,35.709888416634875],[139.64864902777776,35.70999674996823],[139.64836152777778,35.7100800555238],[139.64812405555554,35.71015505552379],[139.64803655555556,35.71018002774602],[139.64769908333332,35.71028836107936],[139.64744911111111,35.71036336107937],[139.6473616111111,35.71039666663492],[139.64686163888888,35.71054663885716],[139.64612419444444,35.710754944412734],[139.64602419444446,35.71077994441276],[139.64568672222222,35.710879916634994],[139.64553675,35.710929916634974],[139.6450492777778,35.71106322219056],[139.64484927777778,35.7111215555239],[139.64457430555555,35.71118822219056],[139.64417433333332,35.71130486107947],[139.64411183333334,35.71132152774615],[139.6435243888889,35.711479833301716],[139.64326191666666,35.711554805523946],[139.6431993888889,35.71157980552396],[139.64296191666668,35.71164647219061],[139.64282441666666,35.71167977774618],[139.64268694444445,35.71172144441285],[139.6419245,35.71193808330175],[139.64128702777776,35.71212972219068],[139.64081208333334,35.71227969441291],[139.64047458333334,35.712379666635144],[139.6402246111111,35.712471333301814],[139.6399746388889,35.71255463885738],[139.6397871388889,35.712612972190726],[139.63926216666667,35.712754611079625],[139.63918719444445,35.7127712777463],[139.63877472222222,35.71289624996852],[139.63849972222226,35.71296291663521],[139.63811225,35.71307122219078],[139.63787477777777,35.71313788885744],[139.63753730555555,35.713221194413016],[139.63729980555556,35.7132878610797],[139.63703733333332,35.713371166635255],[139.63679983333333,35.71344616663525],[139.6363873888889,35.71358780552415],[139.63604991666668,35.71371277774639],[139.63598741666667,35.71372944441307],[139.63564991666667,35.71384611107974],[139.63546244444444,35.71391274996864],[139.63518744444448,35.714021083302],[139.63498747222224,35.71408772219089],[139.63481247222222,35.71413772219087],[139.6345375,35.71420438885756],[139.63432502777778,35.714262694413115],[139.63412502777777,35.71432102774645],[139.63378755555556,35.71441266663537],[139.63361255555554,35.71445433330204],[139.63305011111112,35.71459597219095],[139.63291261111112,35.714620972190936],[139.6326376388889,35.71468761107983],[139.63200019444446,35.71484591663542],[139.63193769444445,35.71487091663541],[139.6312252222222,35.71508755552433],[139.63088775,35.71520422219099],[139.63062527777777,35.715295861079895],[139.63016280555556,35.71545416663548],[139.62992533333335,35.71554580552437],[139.6295878611111,35.7156708055244],[139.6292503611111,35.7158124444133],[139.62896288888888,35.71593741663553]]},"properties":{"id":"tokyo-metropolitan-priority-063","name":"東京都 優先整備区間","reference_type":"priority_section","status":"planned","source":{"name":"東京都建設局","url":"https://catalog.data.metro.tokyo.lg.jp/dataset/t000014d0000000026","retrieved_at":"2026-08-24T15:28:14.399Z","license":"CC BY 4.0","source_date":"2012-10","reference_date":"2012-10 plan"},"notes":"Archived official planning geometry. It must not override newer as-built or field-verified information.","official_fields":{"凡例名称":"優先整備区間","建設事務所":"B03","建設事務2":"第三建設事務所"}}},{"type":"Feature","geometry":{"type":"LineString","coordinates":[[139.6538855,35.72288711108073],[139.65444794444443,35.7228621388585],[139.65468541666667,35.72284547219182],[139.6547604166667,35.722837138858495],[139.6552103888889,35.722812138858494],[139.6555603611111,35.722787166636266],[139.65584783333333,35.722778833302925],[139.65621030555556,35.72277049996959],[139.65633530555556,35.722762166636265],[139.65669777777777,35.722770527747365],[139.65747269444444,35.72279552774738],[139.65763519444445,35.722803861080706],[139.65781016666668,35.72282886108072],[139.65794766666667,35.72285386108072],[139.65868508333332,35.723028861080735],[139.65922252777779,35.72314552774741],[139.65946002777778,35.72319552774741],[139.65965999999997,35.72324552774743],[139.65982247222223,35.72329549996965],[139.66058491666666,35.723528833303014],[139.6607723888889,35.723603833303024],[139.66124736111112,35.723745499969695],[139.66137233333333,35.723787166636384],[139.6614598333333,35.72380383330304],[139.66158480555555,35.72382047219193],[139.66189727777777,35.72382883330305],[139.6627222222222,35.72382883330305]]},"properties":{"id":"tokyo-metropolitan-priority-064","name":"東京都 優先整備区間","reference_type":"priority_section","status":"planned","source":{"name":"東京都建設局","url":"https://catalog.data.metro.tokyo.lg.jp/dataset/t000014d0000000026","retrieved_at":"2026-08-24T15:28:14.399Z","license":"CC BY 4.0","source_date":"2012-10","reference_date":"2012-10 plan"},"notes":"Archived official planning geometry. It must not override newer as-built or field-verified information.","official_fields":{"凡例名称":"優先整備区間","建設事務所":"B03","建設事務2":"第三建設事務所"}}},{"type":"Feature","geometry":{"type":"LineString","coordinates":[[139.69709577777775,35.6932410277442],[139.69692077777776,35.69325769441086],[139.69670830555552,35.693307694410855],[139.69567088888886,35.69359930552201],[139.69500841666664,35.69378261107759]]},"properties":{"id":"tokyo-metropolitan-priority-065","name":"東京都 優先整備区間","reference_type":"priority_section","status":"planned","source":{"name":"東京都建設局","url":"https://catalog.data.metro.tokyo.lg.jp/dataset/t000014d0000000026","retrieved_at":"2026-08-24T15:28:14.399Z","license":"CC BY 4.0","source_date":"2012-10","reference_date":"2012-10 plan"},"notes":"Archived official planning geometry. It must not override newer as-built or field-verified information.","official_fields":{"凡例名称":"優先整備区間","建設事務所":"B03","建設事務2":"第三建設事務所"}}},{"type":"Feature","geometry":{"type":"LineString","coordinates":[[139.8640448055555,35.684461555521025],[139.8635948888888,35.68363663885427],[139.86316997222212,35.682886722187526],[139.86282002777767,35.682211777743],[139.86252005555548,35.681645166631824],[139.86224511111104,35.68113688885399],[139.86200766666659,35.680686944409516],[139.86183266666657,35.68034530552059],[139.86180769444434,35.680286972187254],[139.86165772222216,35.68001199996498],[139.86128277777772,35.67929541663159],[139.86107030555547,35.67887877774265],[139.86078286111106,35.67833716663148],[139.86048291666654,35.6777205555203],[139.86007049999992,35.67692063885356],[139.85968305555548,35.676145722186796],[139.85952058333325,35.67583741663121],[139.8592331388888,35.67528747218672],[139.85873322222213,35.67429588885327],[139.85855824999993,35.67397924996435],[139.8575959166666,35.672079444408574],[139.85745844444432,35.67180447218634],[139.8571334999999,35.67117952774183],[139.85669608333322,35.67026297218618]]},"properties":{"id":"tokyo-metropolitan-priority-066","name":"東京都 優先整備区間","reference_type":"priority_section","status":"planned","source":{"name":"東京都建設局","url":"https://catalog.data.metro.tokyo.lg.jp/dataset/t000014d0000000026","retrieved_at":"2026-08-24T15:28:14.399Z","license":"CC BY 4.0","source_date":"2012-10","reference_date":"2012-10 plan"},"notes":"Archived official planning geometry. It must not override newer as-built or field-verified information.","official_fields":{"凡例名称":"優先整備区間","建設事務所":"B05","建設事務2":"第五建設事務所"}}},{"type":"Feature","geometry":{"type":"LineString","coordinates":[[139.78402649999995,35.68358527774316],[139.7845139444444,35.68381024996539],[139.78497638888882,35.68404355552098],[139.78502638888884,35.68406855552097],[139.78561383333331,35.68436022218769],[139.78623874999994,35.68466852774326],[139.78630124999995,35.68469352774326],[139.7867512222222,35.68491016663219],[139.7869261944444,35.68498516663218],[139.7870011666666,35.68502683329886],[139.78708866666662,35.685068499965524],[139.78762611111105,35.68534347218777],[139.7882260555555,35.68564344441004]]},"properties":{"id":"tokyo-metropolitan-priority-067","name":"東京都 優先整備区間","reference_type":"priority_section","status":"planned","source":{"name":"東京都建設局","url":"https://catalog.data.metro.tokyo.lg.jp/dataset/t000014d0000000026","retrieved_at":"2026-08-24T15:28:14.399Z","license":"CC BY 4.0","source_date":"2012-10","reference_date":"2012-10 plan"},"notes":"Archived official planning geometry. It must not override newer as-built or field-verified information.","official_fields":{"凡例名称":"優先整備区間","建設事務所":"B01","建設事務2":"第一建設事務所"}}},{"type":"Feature","geometry":{"type":"LineString","coordinates":[[139.86615694444436,35.68841119441032],[139.8664069166666,35.68888613885484],[139.86649438888878,35.68905277774373],[139.86686933333323,35.68969438885493],[139.86726927777767,35.69035266663277],[139.86745674999992,35.690694305521696],[139.86755672222213,35.69089427774394],[139.8675942222221,35.69101924996617],[139.86761919444436,35.69112758329953],[139.86763169444436,35.691210916632876],[139.86764419444432,35.6914108888551],[139.86765666666656,35.69213580552185],[139.8676691388888,35.692302444410764],[139.867694111111,35.692869083299705],[139.8677190833332,35.693435666633114],[139.86773155555548,35.69402727774428],[139.8677440555555,35.69415224996651],[139.86776902777768,35.694777194411],[139.86778149999995,35.695118833299944],[139.86779399999992,35.6954854444111],[139.86780647222213,35.6957437499667],[139.86780647222213,35.696018722188924],[139.86783144444436,35.69669366663345],[139.86783141666655,35.6969686388557],[139.86783138888882,35.69744358330019],[139.86783138888882,35.69769355552245],[139.86783138888885,35.6979185277447],[139.867818861111,35.6985184721892],[139.86784383333324,35.69896008330038],[139.86784383333327,35.69898508330036],[139.86785630555548,35.69913505552261],[139.86785630555548,35.69916005552262],[139.8678688055555,35.69956002774485],[139.8678812777777,35.699926638856034],[139.86789374999992,35.700326611078296],[139.8679187499999,35.70078488885613],[139.86793122222213,35.70122649996726],[139.86796866666657,35.70218474996738],[139.86800611111101,35.703251305523054]]},"properties":{"id":"tokyo-metropolitan-priority-068","name":"東京都 優先整備区間","reference_type":"priority_section","status":"planned","source":{"name":"東京都建設局","url":"https://catalog.data.metro.tokyo.lg.jp/dataset/t000014d0000000026","retrieved_at":"2026-08-24T15:28:14.399Z","license":"CC BY 4.0","source_date":"2012-10","reference_date":"2012-10 plan"},"notes":"Archived official planning geometry. It must not override newer as-built or field-verified information.","official_fields":{"凡例名称":"優先整備区間","建設事務所":"B05","建設事務2":"第五建設事務所"}}},{"type":"Feature","geometry":{"type":"LineString","coordinates":[[139.84120683333325,35.73593066663769],[139.84131933333325,35.73581402774879],[139.8417693055555,35.73529741663762]]},"properties":{"id":"tokyo-metropolitan-priority-069","name":"東京都 優先整備区間","reference_type":"priority_section","status":"planned","source":{"name":"東京都建設局","url":"https://catalog.data.metro.tokyo.lg.jp/dataset/t000014d0000000026","retrieved_at":"2026-08-24T15:28:14.399Z","license":"CC BY 4.0","source_date":"2012-10","reference_date":"2012-10 plan"},"notes":"Archived official planning geometry. It must not override newer as-built or field-verified information.","official_fields":{"凡例名称":"優先整備区間","建設事務所":"B05","建設事務2":"第五建設事務所"}}},{"type":"Feature","geometry":{"type":"LineString","coordinates":[[139.78756052777774,35.752911249972854],[139.78732305555553,35.75239463886169],[139.7872230833333,35.752227972195],[139.78691061111107,35.751836361083846],[139.78667313888886,35.75151138886159],[139.78662316666657,35.751453055528266],[139.7862856944444,35.7510364166393],[139.78604822222215,35.75076144441707],[139.78577327777774,35.75042813886146],[139.7854233333333,35.74999486108366],[139.7853983333333,35.749969861083656],[139.78514836111106,35.74966155552807],[139.78486091666662,35.74922824997247],[139.78472341666665,35.74901161108353],[139.78444847222215,35.74861163886128],[139.78428599999995,35.74834499997235],[139.78401102777772,35.747945055527865],[139.7839485555555,35.747845055527854],[139.78389855555554,35.747761722194525],[139.78377358333327,35.747586749972285],[139.78346111111105,35.74710347219445],[139.78339863888885,35.74702013886112],[139.7830861666666,35.746561833305506],[139.78303619444438,35.7464951944166],[139.78281122222216,35.746153555527684],[139.78268622222217,35.74597855552766],[139.78252374999994,35.745736916638755],[139.7823238055555,35.745428611083156],[139.78223630555547,35.74528697219426],[139.78173638888887,35.7445536944164],[139.78171138888885,35.74451202774973],[139.7814739166666,35.744145416638574],[139.78141141666663,35.74406208330523],[139.78114897222216,35.743678777749636]]},"properties":{"id":"tokyo-metropolitan-priority-070","name":"東京都 優先整備区間","reference_type":"priority_section","status":"planned","source":{"name":"東京都建設局","url":"https://catalog.data.metro.tokyo.lg.jp/dataset/t000014d0000000026","retrieved_at":"2026-08-24T15:28:14.399Z","license":"CC BY 4.0","source_date":"2012-10","reference_date":"2012-10 plan"},"notes":"Archived official planning geometry. It must not override newer as-built or field-verified information.","official_fields":{"凡例名称":"優先整備区間","建設事務所":"B06","建設事務2":"第六建設事務所"}}},{"type":"Feature","geometry":{"type":"LineString","coordinates":[[139.86126863888882,35.715191583302115],[139.8609686388888,35.71545819441325],[139.86065613888883,35.71574983330218],[139.8603811666666,35.71600813885776],[139.8600811666666,35.71628308330224],[139.85961869444435,35.71670802774671],[139.85950619444435,35.71680802774672],[139.85935619444436,35.716949694413415],[139.85891872222214,35.71731630552457],[139.85853122222215,35.71767458330237],[139.8584937499999,35.71770791663572],[139.8581312499999,35.7180828610802],[139.85784377777773,35.71836616663579],[139.8575562777777,35.718657805524714],[139.85700627777769,35.71919938885811],[139.85696758333327,35.71923994441365]]},"properties":{"id":"tokyo-metropolitan-priority-071","name":"東京都 優先整備区間","reference_type":"priority_section","status":"planned","source":{"name":"東京都建設局","url":"https://catalog.data.metro.tokyo.lg.jp/dataset/t000014d0000000026","retrieved_at":"2026-08-24T15:28:14.399Z","license":"CC BY 4.0","source_date":"2012-10","reference_date":"2012-10 plan"},"notes":"Archived official planning geometry. It must not override newer as-built or field-verified information.","official_fields":{"凡例名称":"優先整備区間","建設事務所":"B05","建設事務2":"第五建設事務所"}}},{"type":"Feature","geometry":{"type":"LineString","coordinates":[[139.79522438888884,35.70894108330144],[139.79433697222217,35.709074388857005]]},"properties":{"id":"tokyo-metropolitan-priority-072","name":"東京都 優先整備区間","reference_type":"priority_section","status":"planned","source":{"name":"東京都建設局","url":"https://catalog.data.metro.tokyo.lg.jp/dataset/t000014d0000000026","retrieved_at":"2026-08-24T15:28:14.399Z","license":"CC BY 4.0","source_date":"2012-10","reference_date":"2012-10 plan"},"notes":"Archived official planning geometry. It must not override newer as-built or field-verified information.","official_fields":{"凡例名称":"優先整備区間","建設事務所":"B06","建設事務2":"第六建設事務所"}}},{"type":"Feature","geometry":{"type":"LineString","coordinates":[[139.79522438888884,35.70894108330144],[139.79616183333331,35.70882444441254]]},"properties":{"id":"tokyo-metropolitan-priority-073","name":"東京都 優先整備区間","reference_type":"priority_section","status":"planned","source":{"name":"東京都建設局","url":"https://catalog.data.metro.tokyo.lg.jp/dataset/t000014d0000000026","retrieved_at":"2026-08-24T15:28:14.399Z","license":"CC BY 4.0","source_date":"2012-10","reference_date":"2012-10 plan"},"notes":"Archived official planning geometry. It must not override newer as-built or field-verified information.","official_fields":{"凡例名称":"優先整備区間","建設事務所":"B06","建設事務2":"第六建設事務所"}}},{"type":"Feature","geometry":{"type":"LineString","coordinates":[[139.79433697222217,35.709074388857005],[139.79372449999994,35.70916602774591],[139.79352452777772,35.70919936107925]]},"properties":{"id":"tokyo-metropolitan-priority-074","name":"東京都 優先整備区間","reference_type":"priority_section","status":"planned","source":{"name":"東京都建設局","url":"https://catalog.data.metro.tokyo.lg.jp/dataset/t000014d0000000026","retrieved_at":"2026-08-24T15:28:14.399Z","license":"CC BY 4.0","source_date":"2012-10","reference_date":"2012-10 plan"},"notes":"Archived official planning geometry. It must not override newer as-built or field-verified information.","official_fields":{"凡例名称":"優先整備区間","建設事務所":"B06","建設事務2":"第六建設事務所"}}},{"type":"Feature","geometry":{"type":"LineString","coordinates":[[139.79352452777772,35.70919936107925],[139.7930995555555,35.70927433330148]]},"properties":{"id":"tokyo-metropolitan-priority-075","name":"東京都 優先整備区間","reference_type":"priority_section","status":"planned","source":{"name":"東京都建設局","url":"https://catalog.data.metro.tokyo.lg.jp/dataset/t000014d0000000026","retrieved_at":"2026-08-24T15:28:14.399Z","license":"CC BY 4.0","source_date":"2012-10","reference_date":"2012-10 plan"},"notes":"Archived official planning geometry. It must not override newer as-built or field-verified information.","official_fields":{"凡例名称":"優先整備区間","建設事務所":"B06","建設事務2":"第六建設事務所"}}},{"type":"Feature","geometry":{"type":"LineString","coordinates":[[139.7930995555555,35.70927433330148],[139.79284958333326,35.70933266663481],[139.79249961111105,35.709415972190385],[139.79224961111103,35.70948263885705]]},"properties":{"id":"tokyo-metropolitan-priority-076","name":"東京都 優先整備区間","reference_type":"priority_section","status":"planned","source":{"name":"東京都建設局","url":"https://catalog.data.metro.tokyo.lg.jp/dataset/t000014d0000000026","retrieved_at":"2026-08-24T15:28:14.399Z","license":"CC BY 4.0","source_date":"2012-10","reference_date":"2012-10 plan"},"notes":"Archived official planning geometry. It must not override newer as-built or field-verified information.","official_fields":{"凡例名称":"優先整備区間","建設事務所":"B06","建設事務2":"第六建設事務所"}}},{"type":"Feature","geometry":{"type":"LineString","coordinates":[[139.79224961111103,35.70948263885705],[139.7914996666666,35.709657611079294]]},"properties":{"id":"tokyo-metropolitan-priority-077","name":"東京都 優先整備区間","reference_type":"priority_section","status":"planned","source":{"name":"東京都建設局","url":"https://catalog.data.metro.tokyo.lg.jp/dataset/t000014d0000000026","retrieved_at":"2026-08-24T15:28:14.399Z","license":"CC BY 4.0","source_date":"2012-10","reference_date":"2012-10 plan"},"notes":"Archived official planning geometry. It must not override newer as-built or field-verified information.","official_fields":{"凡例名称":"優先整備区間","建設事務所":"B06","建設事務2":"第六建設事務所"}}},{"type":"Feature","geometry":{"type":"LineString","coordinates":[[139.79048724999996,35.7098658888571],[139.78976230555548,35.71001586107933]]},"properties":{"id":"tokyo-metropolitan-priority-078","name":"東京都 優先整備区間","reference_type":"priority_section","status":"planned","source":{"name":"東京都建設局","url":"https://catalog.data.metro.tokyo.lg.jp/dataset/t000014d0000000026","retrieved_at":"2026-08-24T15:28:14.399Z","license":"CC BY 4.0","source_date":"2012-10","reference_date":"2012-10 plan"},"notes":"Archived official planning geometry. It must not override newer as-built or field-verified information.","official_fields":{"凡例名称":"優先整備区間","建設事務所":"B06","建設事務2":"第六建設事務所"}}},{"type":"Feature","geometry":{"type":"LineString","coordinates":[[139.79048724999996,35.7098658888571],[139.79136219444442,35.7096826110793]]},"properties":{"id":"tokyo-metropolitan-priority-079","name":"東京都 優先整備区間","reference_type":"priority_section","status":"planned","source":{"name":"東京都建設局","url":"https://catalog.data.metro.tokyo.lg.jp/dataset/t000014d0000000026","retrieved_at":"2026-08-24T15:28:14.399Z","license":"CC BY 4.0","source_date":"2012-10","reference_date":"2012-10 plan"},"notes":"Archived official planning geometry. It must not override newer as-built or field-verified information.","official_fields":{"凡例名称":"優先整備区間","建設事務所":"B06","建設事務2":"第六建設事務所"}}},{"type":"Feature","geometry":{"type":"LineString","coordinates":[[139.78976230555548,35.71001586107933],[139.78903736111107,35.71015749996824]]},"properties":{"id":"tokyo-metropolitan-priority-080","name":"東京都 優先整備区間","reference_type":"priority_section","status":"planned","source":{"name":"東京都建設局","url":"https://catalog.data.metro.tokyo.lg.jp/dataset/t000014d0000000026","retrieved_at":"2026-08-24T15:28:14.399Z","license":"CC BY 4.0","source_date":"2012-10","reference_date":"2012-10 plan"},"notes":"Archived official planning geometry. It must not override newer as-built or field-verified information.","official_fields":{"凡例名称":"優先整備区間","建設事務所":"B06","建設事務2":"第六建設事務所"}}},{"type":"Feature","geometry":{"type":"LineString","coordinates":[[139.78903736111107,35.71015749996824],[139.7882624166666,35.7103158055238]]},"properties":{"id":"tokyo-metropolitan-priority-081","name":"東京都 優先整備区間","reference_type":"priority_section","status":"planned","source":{"name":"東京都建設局","url":"https://catalog.data.metro.tokyo.lg.jp/dataset/t000014d0000000026","retrieved_at":"2026-08-24T15:28:14.399Z","license":"CC BY 4.0","source_date":"2012-10","reference_date":"2012-10 plan"},"notes":"Archived official planning geometry. It must not override newer as-built or field-verified information.","official_fields":{"凡例名称":"優先整備区間","建設事務所":"B06","建設事務2":"第六建設事務所"}}},{"type":"Feature","geometry":{"type":"LineString","coordinates":[[139.7882624166666,35.7103158055238],[139.78779994444443,35.71039913885715],[139.78759997222215,35.71044077774605],[139.7868875277777,35.71057408330162]]},"properties":{"id":"tokyo-metropolitan-priority-082","name":"東京都 優先整備区間","reference_type":"priority_section","status":"planned","source":{"name":"東京都建設局","url":"https://catalog.data.metro.tokyo.lg.jp/dataset/t000014d0000000026","retrieved_at":"2026-08-24T15:28:14.399Z","license":"CC BY 4.0","source_date":"2012-10","reference_date":"2012-10 plan"},"notes":"Archived official planning geometry. It must not override newer as-built or field-verified information.","official_fields":{"凡例名称":"優先整備区間","建設事務所":"B06","建設事務2":"第六建設事務所"}}},{"type":"Feature","geometry":{"type":"LineString","coordinates":[[139.7868875277777,35.71057408330162],[139.7863250555555,35.71065741663495],[139.78591258333327,35.71073238885718],[139.78511263888882,35.71088236107942]]},"properties":{"id":"tokyo-metropolitan-priority-083","name":"東京都 優先整備区間","reference_type":"priority_section","status":"planned","source":{"name":"東京都建設局","url":"https://catalog.data.metro.tokyo.lg.jp/dataset/t000014d0000000026","retrieved_at":"2026-08-24T15:28:14.399Z","license":"CC BY 4.0","source_date":"2012-10","reference_date":"2012-10 plan"},"notes":"Archived official planning geometry. It must not override newer as-built or field-verified information.","official_fields":{"凡例名称":"優先整備区間","建設事務所":"B06","建設事務2":"第六建設事務所"}}},{"type":"Feature","geometry":{"type":"LineString","coordinates":[[139.78511263888882,35.71088236107942],[139.7849876666666,35.710899027746095]]},"properties":{"id":"tokyo-metropolitan-priority-084","name":"東京都 優先整備区間","reference_type":"priority_section","status":"planned","source":{"name":"東京都建設局","url":"https://catalog.data.metro.tokyo.lg.jp/dataset/t000014d0000000026","retrieved_at":"2026-08-24T15:28:14.399Z","license":"CC BY 4.0","source_date":"2012-10","reference_date":"2012-10 plan"},"notes":"Archived official planning geometry. It must not override newer as-built or field-verified information.","official_fields":{"凡例名称":"優先整備区間","建設事務所":"B06","建設事務2":"第六建設事務所"}}},{"type":"Feature","geometry":{"type":"LineString","coordinates":[[139.78393774999995,35.71109066663501],[139.78460019444438,35.71097399996834],[139.7849876666666,35.710899027746095]]},"properties":{"id":"tokyo-metropolitan-priority-085","name":"東京都 優先整備区間","reference_type":"priority_section","status":"planned","source":{"name":"東京都建設局","url":"https://catalog.data.metro.tokyo.lg.jp/dataset/t000014d0000000026","retrieved_at":"2026-08-24T15:28:14.399Z","license":"CC BY 4.0","source_date":"2012-10","reference_date":"2012-10 plan"},"notes":"Archived official planning geometry. It must not override newer as-built or field-verified information.","official_fields":{"凡例名称":"優先整備区間","建設事務所":"B06","建設事務2":"第六建設事務所"}}},{"type":"Feature","geometry":{"type":"LineString","coordinates":[[139.83464569444436,35.71812411108021],[139.83399572222217,35.71907399996919],[139.83332072222214,35.719990555524866],[139.83320822222214,35.72015722219154],[139.83274572222217,35.720790472191595],[139.83267074999995,35.72089877774716],[139.8322957499999,35.72142372219169],[139.8321457499999,35.721632027747255],[139.83188324999995,35.722006999969516],[139.8316957499999,35.72226527774733],[139.83140824999995,35.72267358330292],[139.83122074999991,35.72294022219183],[139.83110827777773,35.72308186108074],[139.8310332777777,35.723190166636314],[139.83099577777773,35.72323183330298],[139.8307582777777,35.72351513885857],[139.8304457777777,35.723848444414166],[139.83004580555547,35.72423172219197],[139.82940833333325,35.72487330552538],[139.82919583333327,35.725064944414285],[139.82915833333325,35.725106611080975],[139.82859586111104,35.7256148888588],[139.82850836111106,35.72569819441438],[139.82828336111106,35.7258981666366],[139.82818338888885,35.726006499969955]]},"properties":{"id":"tokyo-metropolitan-priority-086","name":"東京都 優先整備区間","reference_type":"priority_section","status":"planned","source":{"name":"東京都建設局","url":"https://catalog.data.metro.tokyo.lg.jp/dataset/t000014d0000000026","retrieved_at":"2026-08-24T15:28:14.399Z","license":"CC BY 4.0","source_date":"2012-10","reference_date":"2012-10 plan"},"notes":"Archived official planning geometry. It must not override newer as-built or field-verified information.","official_fields":{"凡例名称":"優先整備区間","建設事務所":"B05","建設事務2":"第五建設事務所"}}},{"type":"Feature","geometry":{"type":"LineString","coordinates":[[139.8360945555555,35.740230111082596],[139.83594455555547,35.74037174997151],[139.83583208333326,35.740505083304846],[139.83574458333325,35.74058841663819],[139.834719611111,35.7416799444161],[139.8338071388888,35.742646472193954],[139.8334196388888,35.74306308330512],[139.8328321944444,35.74368802774963],[139.83273216666657,35.74379633330521],[139.8321696944444,35.74437961108305],[139.83171972222215,35.744846222194205],[139.83145722222213,35.74513783330535],[139.83126972222215,35.7453378055276],[139.8308322499999,35.745804416638755],[139.8304572499999,35.74620438886102],[139.8303322777777,35.74633769441659],[139.83020727777773,35.74646266663883],[139.8294322777777,35.747312583305586],[139.82930730555546,35.74745422219449],[139.8292572777777,35.74751255552783],[139.82916980555547,35.74760419441673],[139.8291198055555,35.747662527750066],[139.82903230555547,35.747762527750076],[139.82891980555547,35.747887499972315],[139.8285698055555,35.74828747219458],[139.82841983333324,35.74842911108348],[139.82820733333324,35.74866241663907],[139.82804483333328,35.74884572219464],[139.82794483333325,35.748970694416876],[139.82770736111104,35.74918733330578]]},"properties":{"id":"tokyo-metropolitan-priority-087","name":"東京都 優先整備区間","reference_type":"priority_section","status":"planned","source":{"name":"東京都建設局","url":"https://catalog.data.metro.tokyo.lg.jp/dataset/t000014d0000000026","retrieved_at":"2026-08-24T15:28:14.399Z","license":"CC BY 4.0","source_date":"2012-10","reference_date":"2012-10 plan"},"notes":"Archived official planning geometry. It must not override newer as-built or field-verified information.","official_fields":{"凡例名称":"優先整備区間","建設事務所":"B05","建設事務2":"第五建設事務所"}}},{"type":"Feature","geometry":{"type":"LineString","coordinates":[[139.7914996666666,35.709657611079294],[139.79136219444442,35.7096826110793]]},"properties":{"id":"tokyo-metropolitan-priority-088","name":"東京都 優先整備区間","reference_type":"priority_section","status":"planned","source":{"name":"東京都建設局","url":"https://catalog.data.metro.tokyo.lg.jp/dataset/t000014d0000000026","retrieved_at":"2026-08-24T15:28:14.399Z","license":"CC BY 4.0","source_date":"2012-10","reference_date":"2012-10 plan"},"notes":"Archived official planning geometry. It must not override newer as-built or field-verified information.","official_fields":{"凡例名称":"優先整備区間","建設事務所":"B06","建設事務2":"第六建設事務所"}}},{"type":"Feature","geometry":{"type":"LineString","coordinates":[[139.8417693055555,35.73529741663762],[139.84200680555546,35.735030777748705]]},"properties":{"id":"tokyo-metropolitan-priority-089","name":"東京都 優先整備区間","reference_type":"priority_section","status":"planned","source":{"name":"東京都建設局","url":"https://catalog.data.metro.tokyo.lg.jp/dataset/t000014d0000000026","retrieved_at":"2026-08-24T15:28:14.399Z","license":"CC BY 4.0","source_date":"2012-10","reference_date":"2012-10 plan"},"notes":"Archived official planning geometry. It must not override newer as-built or field-verified information.","official_fields":{"凡例名称":"優先整備区間","建設事務所":"B05","建設事務2":"第五建設事務所"}}},{"type":"Feature","geometry":{"type":"LineString","coordinates":[[139.64977216666668,35.74835099997237],[139.6490597222222,35.74855930552795],[139.64838474999996,35.74877591663907],[139.64809727777777,35.748859249972426],[139.64783480555556,35.748942555528],[139.64718483333334,35.74916752775023],[139.64579744444444,35.74960077775027],[139.64549747222222,35.749692444416944],[139.64506,35.749817416639196],[139.6446475,35.74994238886143],[139.64447252777776,35.74999238886142],[139.6438850555556,35.750192361083684],[139.64351008333333,35.75030899997258],[139.64314761111112,35.750425638861486],[139.64277263888886,35.75055063886149],[139.64261016666666,35.750608944417046],[139.64212269444442,35.75077561108373],[139.6417352222222,35.7509089166393],[139.64161022222223,35.75095891663932],[139.64051030555552,35.75135049997269],[139.64022280555557,35.75142549997269],[139.6393478611111,35.75175044441718],[139.63868541666665,35.7520170833061],[139.63851041666666,35.752075388861655],[139.63726052777778,35.75254199997281],[139.63709802777777,35.75260863886171],[139.63684802777775,35.752683638861726],[139.63643555555555,35.75284194441729],[139.63617308333335,35.75295024997286],[139.63577311111112,35.753100249972874],[139.63544813888888,35.75321688886178],[139.6348231666667,35.7534585277507],[139.63461069444443,35.753525166639584],[139.63438569444443,35.75358349997293],[139.6341982222222,35.75361683330627],[139.63404822222222,35.75361683330627],[139.63382325,35.753625138861814],[139.63308580555557,35.75361680552847],[139.63291080555558,35.75361680552849],[139.63273583333333,35.75360847219517],[139.63186091666665,35.75360011108405],[139.63161091666663,35.753616777750715],[139.63132344444443,35.753650111084056],[139.6309235,35.75370008330626],[139.630686,35.75372508330628],[139.63043602777782,35.753741749972946],[139.63009855555555,35.753758416639606],[139.62909863888888,35.7537250555285],[139.62837369444443,35.753733388861825],[139.62772375,35.75372502775071],[139.62717380555554,35.75371669441739],[139.62664883333335,35.75372499997296],[139.6250239722222,35.75369999997295],[139.6247365,35.75369997219516],[139.62423652777778,35.75369997219516],[139.62353658333333,35.7536833055285],[139.6232616111111,35.75366663886183],[139.62293666666667,35.75361661108405],[139.62248669444443,35.75355827775071],[139.6222867222222,35.7535332777507],[139.62212422222223,35.7535332777507],[139.62196175,35.753533277750705],[139.62179925,35.75353327775071],[139.62162425,35.75355827775071],[139.62142427777778,35.75359161108404],[139.6212617777778,35.75364158330627],[139.62042433333335,35.75394988886186],[139.6200993611111,35.75403319441741]]},"properties":{"id":"tokyo-metropolitan-priority-090","name":"東京都 優先整備区間","reference_type":"priority_section","status":"planned","source":{"name":"東京都建設局","url":"https://catalog.data.metro.tokyo.lg.jp/dataset/t000014d0000000026","retrieved_at":"2026-08-24T15:28:14.399Z","license":"CC BY 4.0","source_date":"2012-10","reference_date":"2012-10 plan"},"notes":"Archived official planning geometry. It must not override newer as-built or field-verified information.","official_fields":{"凡例名称":"優先整備区間","建設事務所":"B04","建設事務2":"第四建設事務所"}}},{"type":"Feature","geometry":{"type":"LineString","coordinates":[[139.53819327777776,35.762647499973916],[139.53788080555557,35.76243919441833],[139.53740586111115,35.76215588886274],[139.53701841666668,35.7619059166405],[139.53613100000004,35.76138927775155],[139.53568105555559,35.76111430552931],[139.53514361111115,35.76080599997372],[139.53499361111113,35.760714333307035],[139.5348061388889,35.760622666640366]]},"properties":{"id":"tokyo-metropolitan-priority-091","name":"東京都 優先整備区間","reference_type":"priority_section","status":"planned","source":{"name":"東京都建設局","url":"https://catalog.data.metro.tokyo.lg.jp/dataset/t000014d0000000026","retrieved_at":"2026-08-24T15:28:14.399Z","license":"CC BY 4.0","source_date":"2012-10","reference_date":"2012-10 plan"},"notes":"Archived official planning geometry. It must not override newer as-built or field-verified information.","official_fields":{"凡例名称":"優先整備区間","建設事務所":"B11","建設事務2":"北多摩北部建設事務所"}}},{"type":"Feature","geometry":{"type":"LineString","coordinates":[[139.7297275555555,35.75830966664011],[139.72964008333327,35.75835963886234],[139.7295400833333,35.758401305529006],[139.72940258333327,35.75844297219568],[139.72921511111107,35.75845130552901],[139.72891513888885,35.758434611084574],[139.72850266666666,35.75843461108458],[139.7279151944444,35.75841794441791],[139.72719027777774,35.75840127775122],[139.72707777777774,35.75839294441789],[139.7267403055555,35.75837627775124],[139.7264278333333,35.75836791664012],[139.72624036111108,35.75837624997345],[139.72611536111108,35.75840124997345],[139.72597786111106,35.75844291664013],[139.72550288888885,35.75859288886236],[139.7254154166666,35.758626222195694],[139.72512791666662,35.7587178610846],[139.72481544444443,35.75880949997349],[139.72444047222217,35.75892616664019],[139.72394049999997,35.75907613886241],[139.72370302777773,35.759142777751315],[139.72351552777775,35.75918444441799],[139.7233655555555,35.75920111108464],[139.72295308333327,35.75926777775132],[139.72277808333328,35.75928444441799],[139.7225656111111,35.75931774997355],[139.72242811111107,35.75933441664021],[139.72237811111108,35.75935108330688],[139.72227813888887,35.75936774997355],[139.72221563888883,35.75939274997357],[139.72214063888885,35.75940941664023],[139.72204066666663,35.75944272219579],[139.7219031666666,35.759517722195795],[139.72175316666667,35.75962602775137],[139.7214406944444,35.7597843610847],[139.7213656944444,35.75981769441806],[139.7210407222222,35.759925999973625],[139.72091572222217,35.759975999973626],[139.72039074999998,35.760184305529194],[139.72012827777775,35.76030927775144],[139.71985327777773,35.760442583307004],[139.71972827777776,35.760500916640346],[139.71950330555552,35.76060088886257],[139.71937833333328,35.760667555529245],[139.7192658333333,35.76070922219591],[139.7191408333333,35.76076752775149],[139.7188533611111,35.76087586108482],[139.71857836111107,35.76095919441817],[139.71845338888883,35.76100083330707],[139.71825338888883,35.76106749997375],[139.71797841666663,35.76116747219596],[139.7178534166666,35.761200805529306],[139.71746594444443,35.76133411108488],[139.7171659722222,35.761450777751556],[139.7168409722222,35.76159241664046],[139.71661599999996,35.76169238886269],[139.7164035,35.76180072219605],[139.71617852777774,35.76190069441825],[139.7157785555555,35.76210066664052]]},"properties":{"id":"tokyo-metropolitan-priority-092","name":"東京都 優先整備区間","reference_type":"priority_section","status":"planned","source":{"name":"東京都建設局","url":"https://catalog.data.metro.tokyo.lg.jp/dataset/t000014d0000000026","retrieved_at":"2026-08-24T15:28:14.399Z","license":"CC BY 4.0","source_date":"2012-10","reference_date":"2012-10 plan"},"notes":"Archived official planning geometry. It must not override newer as-built or field-verified information.","official_fields":{"凡例名称":"優先整備区間","建設事務所":"B06","建設事務2":"第六建設事務所"}}},{"type":"Feature","geometry":{"type":"LineString","coordinates":[[139.78756052777774,35.752911249972854],[139.78771047222213,35.75321955552844],[139.78783547222216,35.75353619441738],[139.7879354444444,35.75373616663961],[139.78802294444438,35.75385283330629],[139.7882104166666,35.75406113886186],[139.78843536111108,35.75425277775077],[139.78926027777771,35.75503605552865],[139.78969772222217,35.7554776666398],[139.7899851666666,35.755760972195375]]},"properties":{"id":"tokyo-metropolitan-priority-093","name":"東京都 優先整備区間","reference_type":"priority_section","status":"planned","source":{"name":"東京都建設局","url":"https://catalog.data.metro.tokyo.lg.jp/dataset/t000014d0000000026","retrieved_at":"2026-08-24T15:28:14.399Z","license":"CC BY 4.0","source_date":"2012-10","reference_date":"2012-10 plan"},"notes":"Archived official planning geometry. It must not override newer as-built or field-verified information.","official_fields":{"凡例名称":"優先整備区間","建設事務所":"B06","建設事務2":"第六建設事務所"}}},{"type":"Feature","geometry":{"type":"LineString","coordinates":[[139.3884582500001,35.707267499967934],[139.38844983333345,35.70645377774561],[139.3884585000001,35.70628705552337],[139.38846333333345,35.706193666634476],[139.38854125000012,35.70597744441223],[139.3887187222223,35.705705999967755],[139.38894513888897,35.70549305552329],[139.3892082500001,35.70534058330106],[139.38935355555566,35.705285777745495],[139.40038597222232,35.701868972189565],[139.40075308333343,35.701790027745105],[139.40094758333342,35.70175824996733],[139.401191638889,35.701720749967336],[139.40158763888897,35.701705444411765],[139.411031638889,35.70176955552289]]},"properties":{"id":"tokyo-metropolitan-priority-094","name":"東京都 優先整備区間","reference_type":"priority_section","status":"planned","source":{"name":"東京都建設局","url":"https://catalog.data.metro.tokyo.lg.jp/dataset/t000014d0000000026","retrieved_at":"2026-08-24T15:28:14.399Z","license":"CC BY 4.0","source_date":"2012-10","reference_date":"2012-10 plan"},"notes":"Archived official planning geometry. It must not override newer as-built or field-verified information.","official_fields":{"凡例名称":"優先整備区間","建設事務所":"B11","建設事務2":"北多摩北部建設事務所"}}},{"type":"Feature","geometry":{"type":"LineString","coordinates":[[139.63162319444444,35.75861624997348],[139.63137516666666,35.75856097219569],[139.63124044444444,35.7585518333068],[139.62538680555556,35.75848686108456]]},"properties":{"id":"tokyo-metropolitan-priority-095","name":"東京都 優先整備区間","reference_type":"priority_section","status":"planned","source":{"name":"東京都建設局","url":"https://catalog.data.metro.tokyo.lg.jp/dataset/t000014d0000000026","retrieved_at":"2026-08-24T15:28:14.399Z","license":"CC BY 4.0","source_date":"2012-10","reference_date":"2012-10 plan"},"notes":"Archived official planning geometry. It must not override newer as-built or field-verified information.","official_fields":{"凡例名称":"優先整備区間","建設事務所":"B04","建設事務2":"第四建設事務所"}}},{"type":"Feature","geometry":{"type":"LineString","coordinates":[[139.66000636111107,35.78879805553229],[139.6580019444444,35.783115777753906],[139.6649096111111,35.78163988886487],[139.66551402777776,35.781538833309305],[139.66660863888887,35.781412638864836],[139.67225638888885,35.78096505553146],[139.67350716666664,35.78080516664255]]},"properties":{"id":"tokyo-metropolitan-priority-096","name":"東京都 優先整備区間","reference_type":"priority_section","status":"planned","source":{"name":"東京都建設局","url":"https://catalog.data.metro.tokyo.lg.jp/dataset/t000014d0000000026","retrieved_at":"2026-08-24T15:28:14.399Z","license":"CC BY 4.0","source_date":"2012-10","reference_date":"2012-10 plan"},"notes":"Archived official planning geometry. It must not override newer as-built or field-verified information.","official_fields":{"凡例名称":"優先整備区間","建設事務所":"B04","建設事務2":"第四建設事務所"}}},{"type":"Feature","geometry":{"type":"LineString","coordinates":[[139.67411166666668,35.78581886108754],[139.68397349999998,35.78484683330966],[139.6864468333333,35.78467386108741]]},"properties":{"id":"tokyo-metropolitan-priority-097","name":"東京都 優先整備区間","reference_type":"priority_section","status":"planned","source":{"name":"東京都建設局","url":"https://catalog.data.metro.tokyo.lg.jp/dataset/t000014d0000000026","retrieved_at":"2026-08-24T15:28:14.399Z","license":"CC BY 4.0","source_date":"2012-10","reference_date":"2012-10 plan"},"notes":"Archived official planning geometry. It must not override newer as-built or field-verified information.","official_fields":{"凡例名称":"優先整備区間","建設事務所":"B04","建設事務2":"第四建設事務所"}}},{"type":"Feature","geometry":{"type":"LineString","coordinates":[[139.50084563888896,35.689414833299345],[139.5025861944445,35.689367249966],[139.50815963888894,35.68929127774376],[139.5094885555556,35.689112999965964],[139.5126616944445,35.68854424996592]]},"properties":{"id":"tokyo-metropolitan-priority-098","name":"東京都 優先整備区間","reference_type":"priority_section","status":"planned","source":{"name":"東京都建設局","url":"https://catalog.data.metro.tokyo.lg.jp/dataset/t000014d0000000026","retrieved_at":"2026-08-24T15:28:14.399Z","license":"CC BY 4.0","source_date":"2012-10","reference_date":"2012-10 plan"},"notes":"Archived official planning geometry. It must not override newer as-built or field-verified information.","official_fields":{"凡例名称":"優先整備区間","建設事務所":"B10","建設事務2":"北多摩南部建設事務所"}}},{"type":"Feature","geometry":{"type":"LineString","coordinates":[[139.5233946944445,35.68533952774334],[139.52883800000006,35.68244052774303],[139.5292154444445,35.68224599996523],[139.52992847222228,35.681878499965194],[139.53008686111116,35.68180297218741],[139.53023652777784,35.68173986107629],[139.5304390555556,35.681694694409636],[139.5306633333334,35.68166733329849],[139.53385583333338,35.68149438885403],[139.53764069444446,35.68125924996513],[139.53872805555562,35.681225249965124],[139.53934963888895,35.68125136107625],[139.54318825000001,35.681523805520726]]},"properties":{"id":"tokyo-metropolitan-priority-099","name":"東京都 優先整備区間","reference_type":"priority_section","status":"planned","source":{"name":"東京都建設局","url":"https://catalog.data.metro.tokyo.lg.jp/dataset/t000014d0000000026","retrieved_at":"2026-08-24T15:28:14.399Z","license":"CC BY 4.0","source_date":"2012-10","reference_date":"2012-10 plan"},"notes":"Archived official planning geometry. It must not override newer as-built or field-verified information.","official_fields":{"凡例名称":"優先整備区間","建設事務所":"B10","建設事務2":"北多摩南部建設事務所"}}},{"type":"Feature","geometry":{"type":"LineString","coordinates":[[139.55876402777784,35.68115708329845],[139.56337527777782,35.68125777774291],[139.56439863888892,35.68128011107625],[139.5660384444445,35.68122336107623]]},"properties":{"id":"tokyo-metropolitan-priority-100","name":"東京都 優先整備区間","reference_type":"priority_section","status":"planned","source":{"name":"東京都建設局","url":"https://catalog.data.metro.tokyo.lg.jp/dataset/t000014d0000000026","retrieved_at":"2026-08-24T15:28:14.399Z","license":"CC BY 4.0","source_date":"2012-10","reference_date":"2012-10 plan"},"notes":"Archived official planning geometry. It must not override newer as-built or field-verified information.","official_fields":{"凡例名称":"優先整備区間","建設事務所":"B10","建設事務2":"北多摩南部建設事務所"}}},{"type":"Feature","geometry":{"type":"LineString","coordinates":[[139.4927108611112,35.648270361072704],[139.49587044444453,35.646196166628044],[139.49636086111116,35.645934194405775],[139.49710808333342,35.64559224996131],[139.50103352777785,35.64381074996111],[139.50300950000008,35.64295088884991],[139.50333236111118,35.6428371388499],[139.50354950000008,35.642774777738786],[139.50422255555563,35.64263394440544],[139.5050434722223,35.64255549996098],[139.51486927777788,35.642074777738706],[139.51656463888898,35.64198691662758],[139.51713800000005,35.641888972183125],[139.51781188888899,35.64170977773866],[139.51805716666675,35.64162441662754],[139.51836933333342,35.64149955551641],[139.51889388888898,35.641230527738614]]},"properties":{"id":"tokyo-metropolitan-priority-101","name":"東京都 優先整備区間","reference_type":"priority_section","status":"planned","source":{"name":"東京都建設局","url":"https://catalog.data.metro.tokyo.lg.jp/dataset/t000014d0000000026","retrieved_at":"2026-08-24T15:28:14.399Z","license":"CC BY 4.0","source_date":"2012-10","reference_date":"2012-10 plan"},"notes":"Archived official planning geometry. It must not override newer as-built or field-verified information.","official_fields":{"凡例名称":"優先整備区間","建設事務所":"B08","建設事務2":"南多摩東部建設事務所"}}},{"type":"Feature","geometry":{"type":"LineString","coordinates":[[139.86729688888883,35.643358666627734],[139.87093811111103,35.646674416628095],[139.87113108333324,35.646873194405885],[139.87149480555544,35.647359111072596],[139.87167858333325,35.647688222183746],[139.87176183333324,35.64785213885042],[139.8718827777777,35.64814608329491],[139.87200099999993,35.64849897218383],[139.87211222222214,35.64901116662833],[139.87234305555543,35.652160499962]]},"properties":{"id":"tokyo-metropolitan-priority-102","name":"東京都 優先整備区間","reference_type":"priority_section","status":"planned","source":{"name":"東京都建設局","url":"https://catalog.data.metro.tokyo.lg.jp/dataset/t000014d0000000026","retrieved_at":"2026-08-24T15:28:14.399Z","license":"CC BY 4.0","source_date":"2012-10","reference_date":"2012-10 plan"},"notes":"Archived official planning geometry. It must not override newer as-built or field-verified information.","official_fields":{"凡例名称":"優先整備区間","建設事務所":"B05","建設事務2":"第五建設事務所"}}},{"type":"Feature","geometry":{"type":"LineString","coordinates":[[139.7873436666666,35.666294999963526],[139.78749827777776,35.666412638852414]]},"properties":{"id":"tokyo-metropolitan-priority-103","name":"東京都 優先整備区間","reference_type":"priority_section","status":"planned","source":{"name":"東京都建設局","url":"https://catalog.data.metro.tokyo.lg.jp/dataset/t000014d0000000026","retrieved_at":"2026-08-24T15:28:14.399Z","license":"CC BY 4.0","source_date":"2012-10","reference_date":"2012-10 plan"},"notes":"Archived official planning geometry. It must not override newer as-built or field-verified information.","official_fields":{"凡例名称":"優先整備区間","建設事務所":"B01","建設事務2":"第一建設事務所"}}},{"type":"Feature","geometry":{"type":"LineString","coordinates":[[139.78886841666662,35.66745524996364],[139.79114477777773,35.66918733329715],[139.79195144444438,35.66980355551944],[139.7933015555555,35.670884416630685],[139.79459402777772,35.67198961107524],[139.79476344444438,35.67218191663082],[139.79489122222216,35.672398277741955],[139.79495111111106,35.67237830551972],[139.79563855555546,35.67207836107526],[139.79600105555548,35.671911722186344],[139.79630102777773,35.67177841663078],[139.79678849999993,35.671561777741864],[139.7974009444444,35.67130347218629],[139.7979009166666,35.67108683329737],[139.7981134166666,35.670978527741816],[139.79846338888882,35.67082855551957],[139.79901336111104,35.67061191663065],[139.79908833333326,35.67057024996398],[139.7995133055555,35.67038694440841],[139.80032577777772,35.670036999963926],[139.8005132499999,35.66995366663057],[139.8007382499999,35.66989536107501],[139.80097572222218,35.669845361075],[139.8020493055555,35.66959527774166],[139.80235288888883,35.66955288885275],[139.8029380555555,35.66953711107499],[139.8035755277777,35.66951211107497],[139.80423797222215,35.66949544440831],[139.80435044444437,35.6694954721861],[139.8046754444444,35.66948713885275],[139.8047754166666,35.66948713885275],[139.80487541666662,35.669478805519425],[139.80578783333328,35.66943716663053],[139.80592533333325,35.66942049996385],[139.80707522222215,35.6693871944083],[139.80716272222213,35.669378861074975],[139.80752519444437,35.669370527741634],[139.8077626944444,35.66936219440831],[139.8078501666666,35.669353861074946],[139.80838763888883,35.669337222186066],[139.80892508333326,35.66931222218606],[139.80911258333325,35.66930388885273],[139.80961252777774,35.669312249963845],[139.80997499999992,35.669312249963845],[139.8108374166666,35.66932058329717],[139.8111998888888,35.66932891663052],[139.81147486111104,35.669345611074945],[139.81206233333327,35.669395611074975],[139.81321222222218,35.66944561107497],[139.81438711111102,35.66948730551942],[139.81498708333328,35.66950397218608],[139.81644944444437,35.66957066663054],[139.8172493888888,35.669603999963876],[139.81878674999993,35.66965402774164],[139.81922422222218,35.66967902774165],[139.8196491666666,35.669687361075],[139.82092408333324,35.669745722186114],[139.8213240277777,35.66976238885278],[139.82197397222217,35.66978741663056],[139.82337386111104,35.66984574996391],[139.82468624999993,35.66989577774169],[139.82507372222216,35.66991244440835],[139.82519869444437,35.66992077774168],[139.82533619444436,35.66992077774168],[139.8257861666666,35.66993744440837],[139.82710694444438,35.66989261107501],[139.82732911111103,35.66986391663057],[139.82752447222217,35.66981811107502],[139.82777224999995,35.6697447221861],[139.82801541666657,35.66963122218609],[139.82817974999995,35.66953549996387],[139.82833780555546,35.66941408329719],[139.82856252777773,35.66918774996383],[139.8287001388888,35.668999472186044],[139.82901922222214,35.668524388852646],[139.82917488888882,35.668339722185955],[139.8293397777777,35.66818180551928],[139.8295221388888,35.668055027741495],[139.8296742777777,35.66796591663037],[139.8299099166666,35.667865472185916],[139.83016708333327,35.66777088885257],[139.83575494444435,35.66606147218572],[139.83594769444437,35.66601441663017],[139.83632844444438,35.66594672218571],[139.83657986111103,35.66592230551903],[139.8367739166666,35.66591572218569],[139.83700030555548,35.665927805519026],[139.837353361111,35.6659519721857],[139.83810749999995,35.66606294440793],[139.83882036111103,35.66613983329684],[139.839166111111,35.666149749963516],[139.8396094444444,35.666121166630184],[139.83995172222214,35.666073888852395]]},"properties":{"id":"tokyo-metropolitan-priority-104","name":"東京都 優先整備区間","reference_type":"priority_section","status":"planned","source":{"name":"東京都建設局","url":"https://catalog.data.metro.tokyo.lg.jp/dataset/t000014d0000000026","retrieved_at":"2026-08-24T15:28:14.399Z","license":"CC BY 4.0","source_date":"2012-10","reference_date":"2012-10 plan"},"notes":"Archived official planning geometry. It must not override newer as-built or field-verified information.","official_fields":{"凡例名称":"優先整備区間","建設事務所":"B05","建設事務2":"第五建設事務所"}}},{"type":"Feature","geometry":{"type":"LineString","coordinates":[[139.75528741666662,35.70304049996747],[139.75396352777773,35.70728905552348],[139.7536317222222,35.70853116663473],[139.75280991666662,35.71116849996835],[139.75229847222218,35.71360608330194],[139.75199330555552,35.715443388857686],[139.75142922222216,35.71868091663581],[139.75134861111107,35.719033944413646],[139.7512648055555,35.719259888858105],[139.75102936111105,35.71965683330259],[139.74713658333332,35.72341686108077],[139.7467798611111,35.72382805552527],[139.7463108055555,35.724570888858686],[139.74618730555554,35.724816833303144],[139.74604511111104,35.72527866663653],[139.74593174999995,35.725857944414365],[139.74574536111106,35.72703002774783],[139.7456640277777,35.72721983330341],[139.74558074999996,35.72734238885898]]},"properties":{"id":"tokyo-metropolitan-priority-105","name":"東京都 優先整備区間","reference_type":"priority_section","status":"planned","source":{"name":"東京都建設局","url":"https://catalog.data.metro.tokyo.lg.jp/dataset/t000014d0000000026","retrieved_at":"2026-08-24T15:28:14.399Z","license":"CC BY 4.0","source_date":"2012-10","reference_date":"2012-10 plan"},"notes":"Archived official planning geometry. It must not override newer as-built or field-verified information.","official_fields":{"凡例名称":"優先整備区間","建設事務所":"B06","建設事務2":"第六建設事務所"}}},{"type":"Feature","geometry":{"type":"LineString","coordinates":[[139.80242436111106,35.64212191662761],[139.80140222222215,35.64960586107285]]},"properties":{"id":"tokyo-metropolitan-priority-106","name":"東京都 優先整備区間","reference_type":"priority_section","status":"planned","source":{"name":"東京都建設局","url":"https://catalog.data.metro.tokyo.lg.jp/dataset/t000014d0000000026","retrieved_at":"2026-08-24T15:28:14.399Z","license":"CC BY 4.0","source_date":"2012-10","reference_date":"2012-10 plan"},"notes":"Archived official planning geometry. It must not override newer as-built or field-verified information.","official_fields":{"凡例名称":"優先整備区間","建設事務所":"B05","建設事務2":"第五建設事務所"}}},{"type":"Feature","geometry":{"type":"LineString","coordinates":[[139.74523819444445,35.63175511107093],[139.74558113888887,35.631747138848716],[139.74672552777776,35.63165561107093],[139.75050449999998,35.63140455551534]]},"properties":{"id":"tokyo-metropolitan-priority-107","name":"東京都 優先整備区間","reference_type":"priority_section","status":"planned","source":{"name":"東京都建設局","url":"https://catalog.data.metro.tokyo.lg.jp/dataset/t000014d0000000026","retrieved_at":"2026-08-24T15:28:14.399Z","license":"CC BY 4.0","source_date":"2012-10","reference_date":"2012-10 plan"},"notes":"Archived official planning geometry. It must not override newer as-built or field-verified information.","official_fields":{"凡例名称":"優先整備区間","建設事務所":"B01","建設事務2":"第一建設事務所"}}},{"type":"Feature","geometry":{"type":"LineString","coordinates":[[139.7359987222222,35.64661283329476],[139.73615588888887,35.64694949996145],[139.73630252777775,35.6471646944059],[139.73639616666665,35.64737855551706],[139.7364675833333,35.6475664999615],[139.73676744444444,35.64868863885052],[139.7367907222222,35.64882261107275],[139.73676663888887,35.65103427773967],[139.73671741666664,35.65136116662859],[139.73661080555553,35.65189133329531],[139.73658591666663,35.65209911107311],[139.73657741666665,35.65234372218424],[139.73660905555556,35.652579694406505],[139.7368786111111,35.653754527739956],[139.7372159722222,35.65626077774022],[139.7389311944444,35.655998583295755],[139.73920230555552,35.65593727774019],[139.74165908333327,35.65525624996235],[139.74194705555553,35.655194111073435],[139.74239716666665,35.655137472184556],[139.7442936111111,35.654965916628974],[139.74513105555553,35.654893833295624]]},"properties":{"id":"tokyo-metropolitan-priority-108","name":"東京都 優先整備区間","reference_type":"priority_section","status":"planned","source":{"name":"東京都建設局","url":"https://catalog.data.metro.tokyo.lg.jp/dataset/t000014d0000000026","retrieved_at":"2026-08-24T15:28:14.399Z","license":"CC BY 4.0","source_date":"2012-10","reference_date":"2012-10 plan"},"notes":"Archived official planning geometry. It must not override newer as-built or field-verified information.","official_fields":{"凡例名称":"優先整備区間","建設事務所":"B01","建設事務2":"第一建設事務所"}}},{"type":"Feature","geometry":{"type":"LineString","coordinates":[[139.7078808611111,35.65403897218444],[139.7081360833333,35.6538694721844],[139.70834555555552,35.6537129721844],[139.70849949999996,35.65354944440658],[139.70862352777775,35.653399833295474],[139.7087219722222,35.65323972218434],[139.70880338888887,35.653062194406566],[139.70887199999999,35.65286724996207],[139.70893219444446,35.65258172218427],[139.70896252777774,35.6523066388509],[139.70900169444442,35.65184211107308],[139.7090277222222,35.651570499961935],[139.7090818333333,35.65134086107303],[139.70916155555557,35.65114663885078],[139.70943311111108,35.65076511107297],[139.70969427777774,35.6504342777396],[139.71130402777774,35.648976249961656],[139.71147111111108,35.64887197218388],[139.71169341666663,35.6487815555172],[139.71257616666665,35.64855555551717],[139.71328988888888,35.64843005551717],[139.71400436111108,35.64833661107272],[139.71435741666664,35.64830147218382],[139.7146958333333,35.648302083294915],[139.7151463333333,35.64833741662826],[139.71744144444443,35.648713027739426]]},"properties":{"id":"tokyo-metropolitan-priority-109","name":"東京都 優先整備区間","reference_type":"priority_section","status":"planned","source":{"name":"東京都建設局","url":"https://catalog.data.metro.tokyo.lg.jp/dataset/t000014d0000000026","retrieved_at":"2026-08-24T15:28:14.399Z","license":"CC BY 4.0","source_date":"2012-10","reference_date":"2012-10 plan"},"notes":"Archived official planning geometry. It must not override newer as-built or field-verified information.","official_fields":{"凡例名称":"優先整備区間","建設事務所":"B02","建設事務2":"第二建設事務所"}}},{"type":"Feature","geometry":{"type":"LineString","coordinates":[[139.70893586111112,35.615441249958096],[139.7090604722222,35.615377444402526],[139.70981958333334,35.614873888846915],[139.71007380555557,35.614670916624675],[139.71053466666663,35.61426344440241],[139.7107445277778,35.61408705551349],[139.7108936111111,35.61398244440238],[139.71103491666668,35.61389741662458],[139.71137327777777,35.61374541662457],[139.7116580833333,35.6135622221801],[139.71204369444442,35.613244083291185],[139.7122181388889,35.61313261106894],[139.71270605555551,35.61289472218002],[139.71328577777777,35.612652999957774],[139.71362933333333,35.612520666624434],[139.71415216666668,35.61218622217995],[139.7144814444444,35.61195586106883],[139.71467966666665,35.611834027735476],[139.71505133333335,35.61165936106878],[139.71538552777778,35.61154177773544],[139.71559799999997,35.6114834444021],[139.71609797222223,35.61130847217986],[139.71619797222223,35.611283472179856],[139.7165979444444,35.61115849995763],[139.7171228888889,35.61097519440205],[139.7176353611111,35.61080855551314],[139.71792283333335,35.61071691662425],[139.7182228333333,35.610616916624245],[139.71836030555554,35.61056691662424],[139.71874777777774,35.61045027773533],[139.7195102222222,35.610258638846425],[139.72039766666663,35.610067027735276]]},"properties":{"id":"tokyo-metropolitan-priority-110","name":"東京都 優先整備区間","reference_type":"priority_section","status":"planned","source":{"name":"東京都建設局","url":"https://catalog.data.metro.tokyo.lg.jp/dataset/t000014d0000000026","retrieved_at":"2026-08-24T15:28:14.399Z","license":"CC BY 4.0","source_date":"2012-10","reference_date":"2012-10 plan"},"notes":"Archived official planning geometry. It must not override newer as-built or field-verified information.","official_fields":{"凡例名称":"優先整備区間","建設事務所":"B02","建設事務2":"第二建設事務所"}}},{"type":"Feature","geometry":{"type":"LineString","coordinates":[[139.7166626111111,35.55918455550766],[139.71696794444443,35.55911024995209],[139.7178296111111,35.5589228332854],[139.72236766666666,35.557975333285306],[139.72382575,35.557657277729724],[139.72450077777776,35.557422944396365],[139.72471763888885,35.55731216661857],[139.725587,35.55671822217408],[139.72641636111112,35.55610741661845],[139.728637,35.554527249951605],[139.72988924999999,35.55363883328484],[139.73010322222223,35.55351855550706],[139.73053227777774,35.55332788884037],[139.73078299999997,35.553234861062585],[139.73107402777774,35.55315686106258],[139.7313469722222,35.553093388840345],[139.7334934444444,35.55292269439589],[139.73570588888887,35.55272680550697],[139.73838002777774,35.55244397217362],[139.73928136111113,35.552347361062495],[139.73969413888886,35.55231805550694],[139.7403937222222,35.55235844439582],[139.73898455555553,35.557085749951874]]},"properties":{"id":"tokyo-metropolitan-priority-111","name":"東京都 優先整備区間","reference_type":"priority_section","status":"planned","source":{"name":"東京都建設局","url":"https://catalog.data.metro.tokyo.lg.jp/dataset/t000014d0000000026","retrieved_at":"2026-08-24T15:28:14.399Z","license":"CC BY 4.0","source_date":"2012-10","reference_date":"2012-10 plan"},"notes":"Archived official planning geometry. It must not override newer as-built or field-verified information.","official_fields":{"凡例名称":"優先整備区間","建設事務所":"B02","建設事務2":"第二建設事務所"}}},{"type":"Feature","geometry":{"type":"LineString","coordinates":[[139.73956238888886,35.754772666639724],[139.74114024999994,35.75543986108424],[139.74163919444442,35.75579347219539]]},"properties":{"id":"tokyo-metropolitan-priority-112","name":"東京都 優先整備区間","reference_type":"priority_section","status":"planned","source":{"name":"東京都建設局","url":"https://catalog.data.metro.tokyo.lg.jp/dataset/t000014d0000000026","retrieved_at":"2026-08-24T15:28:14.399Z","license":"CC BY 4.0","source_date":"2012-10","reference_date":"2012-10 plan"},"notes":"Archived official planning geometry. It must not override newer as-built or field-verified information.","official_fields":{"凡例名称":"優先整備区間","建設事務所":"B06","建設事務2":"第六建設事務所"}}}]}
