{"type":"FeatureCollection","metadata":{"generated_at":"2026-08-26T16:15:12.961Z","municipalities":["あきる野市","稲城市","羽村市","奥多摩町","葛飾区","江戸川区","江東区","港区","荒川区","国分寺市","国立市","狛江市","三鷹市","渋谷区","小金井市","小平市","昭島市","新宿区","瑞穂町","杉並区","世田谷区","清瀬市","西東京市","青梅市","千代田区","足立区","多摩市","台東区","大田区","中央区","中野区","町田市","調布市","東久留米市","東村山市","東大和市","日野市","八王子市","板橋区","品川区","府中市","武蔵村山市","武蔵野市","福生市","文京区","豊島区","北区","墨田区","目黒区","立川市","練馬区"],"source":"東京都都民安全総合対策本部 自転車駐輪場情報","source_checked":"2026-08-27","source_updated_at":"2026-04-02","coverage":{"wards":23,"cities":26,"other_municipalities":2}},"features":[{"type":"Feature","properties":{"id":"official-parking-tokyo-48007","name":"秋川駅南口第1自転車等駐車場","municipality":"あきる野市","address":"東京都あきる野市油平55番地12","capacity":675,"source_publisher":"東京都都民安全総合対策本部","source_title":"自転車駐輪場情報","source_url":"https://www.tomin-anzen.metro.tokyo.lg.jp/kotsu/jitensha/seisaku-jyourei/churinjou","source_updated_at":"2026-04-02"},"geometry":{"type":"Point","coordinates":[139.286248,35.727998]}},{"type":"Feature","properties":{"id":"official-parking-tokyo-48008","name":"秋川駅南口第2自転車等駐車場","municipality":"あきる野市","address":"東京都あきる野市油平82番地1","capacity":181,"source_publisher":"東京都都民安全総合対策本部","source_title":"自転車駐輪場情報","source_url":"https://www.tomin-anzen.metro.tokyo.lg.jp/kotsu/jitensha/seisaku-jyourei/churinjou","source_updated_at":"2026-04-02"},"geometry":{"type":"Point","coordinates":[139.288101,35.727442]}},{"type":"Feature","properties":{"id":"official-parking-tokyo-48005","name":"秋川駅北口第1自転車等駐車場（東側）","municipality":"あきる野市","address":"東京都あきる野市油平62番地2","capacity":487,"source_publisher":"東京都都民安全総合対策本部","source_title":"自転車駐輪場情報","source_url":"https://www.tomin-anzen.metro.tokyo.lg.jp/kotsu/jitensha/seisaku-jyourei/churinjou","source_updated_at":"2026-04-02"},"geometry":{"type":"Point","coordinates":[139.287586,35.728089]}},{"type":"Feature","properties":{"id":"official-parking-tokyo-48006","name":"秋川駅北口第2自転車等駐車場（西側）","municipality":"あきる野市","address":"東京都あきる野市油平55番地2","capacity":458,"source_publisher":"東京都都民安全総合対策本部","source_title":"自転車駐輪場情報","source_url":"https://www.tomin-anzen.metro.tokyo.lg.jp/kotsu/jitensha/seisaku-jyourei/churinjou","source_updated_at":"2026-04-02"},"geometry":{"type":"Point","coordinates":[139.286326,35.728268]}},{"type":"Feature","properties":{"id":"official-parking-tokyo-48004","name":"東秋留駅南口第1自転車等駐車場","municipality":"あきる野市","address":"東京都あきる野市野辺467番地1","capacity":841,"source_publisher":"東京都都民安全総合対策本部","source_title":"自転車駐輪場情報","source_url":"https://www.tomin-anzen.metro.tokyo.lg.jp/kotsu/jitensha/seisaku-jyourei/churinjou","source_updated_at":"2026-04-02"},"geometry":{"type":"Point","coordinates":[139.310677,35.725751]}},{"type":"Feature","properties":{"id":"official-parking-tokyo-48013","name":"東秋留駅南口第2自転車等駐車場","municipality":"あきる野市","address":"東京都あきる野市野辺466番地1","capacity":467,"source_publisher":"東京都都民安全総合対策本部","source_title":"自転車駐輪場情報","source_url":"https://www.tomin-anzen.metro.tokyo.lg.jp/kotsu/jitensha/seisaku-jyourei/churinjou","source_updated_at":"2026-04-02"},"geometry":{"type":"Point","coordinates":[139.3106767,35.72524901]}},{"type":"Feature","properties":{"id":"official-parking-tokyo-48001","name":"東秋留駅北口第1自転車等駐車場（東側）","municipality":"あきる野市","address":"東京都あきる野市野辺447番地10","capacity":271,"source_publisher":"東京都都民安全総合対策本部","source_title":"自転車駐輪場情報","source_url":"https://www.tomin-anzen.metro.tokyo.lg.jp/kotsu/jitensha/seisaku-jyourei/churinjou","source_updated_at":"2026-04-02"},"geometry":{"type":"Point","coordinates":[139.310921,35.726092]}},{"type":"Feature","properties":{"id":"official-parking-tokyo-48002","name":"東秋留駅北口第2自転車等駐車場（ﾄｲﾚ東）","municipality":"あきる野市","address":"東京都あきる野市野辺447番地15","capacity":305,"source_publisher":"東京都都民安全総合対策本部","source_title":"自転車駐輪場情報","source_url":"https://www.tomin-anzen.metro.tokyo.lg.jp/kotsu/jitensha/seisaku-jyourei/churinjou","source_updated_at":"2026-04-02"},"geometry":{"type":"Point","coordinates":[139.310669,35.726195]}},{"type":"Feature","properties":{"id":"official-parking-tokyo-48003","name":"東秋留駅北口第3自転車等駐車場（ﾄｲﾚ西）","municipality":"あきる野市","address":"東京都あきる野市野辺447番地11","capacity":274,"source_publisher":"東京都都民安全総合対策本部","source_title":"自転車駐輪場情報","source_url":"https://www.tomin-anzen.metro.tokyo.lg.jp/kotsu/jitensha/seisaku-jyourei/churinjou","source_updated_at":"2026-04-02"},"geometry":{"type":"Point","coordinates":[139.310474,35.726195]}},{"type":"Feature","properties":{"id":"official-parking-tokyo-48009","name":"武蔵引田駅自転車等駐車場","municipality":"あきる野市","address":"東京都あきる野市引田280番地","capacity":1043,"source_publisher":"東京都都民安全総合対策本部","source_title":"自転車駐輪場情報","source_url":"https://www.tomin-anzen.metro.tokyo.lg.jp/kotsu/jitensha/seisaku-jyourei/churinjou","source_updated_at":"2026-04-02"},"geometry":{"type":"Point","coordinates":[139.26884,35.72988]}},{"type":"Feature","properties":{"id":"official-parking-tokyo-48012","name":"武蔵五日市駅下権田坂自転車等駐車場","municipality":"あきる野市","address":"東京都あきる野市五日市196番地7","capacity":67,"source_publisher":"東京都都民安全総合対策本部","source_title":"自転車駐輪場情報","source_url":"https://www.tomin-anzen.metro.tokyo.lg.jp/kotsu/jitensha/seisaku-jyourei/churinjou","source_updated_at":"2026-04-02"},"geometry":{"type":"Point","coordinates":[139.227593,35.730787]}},{"type":"Feature","properties":{"id":"official-parking-tokyo-48011","name":"武蔵五日市駅自転車等駐車場","municipality":"あきる野市","address":"東京都あきる野市舘谷台16番地","capacity":760,"source_publisher":"東京都都民安全総合対策本部","source_title":"自転車駐輪場情報","source_url":"https://www.tomin-anzen.metro.tokyo.lg.jp/kotsu/jitensha/seisaku-jyourei/churinjou","source_updated_at":"2026-04-02"},"geometry":{"type":"Point","coordinates":[139.227333,35.73159]}},{"type":"Feature","properties":{"id":"official-parking-tokyo-48010","name":"武蔵増戸駅自転車等駐車場","municipality":"あきる野市","address":"東京都あきる野市伊奈807番地2","capacity":904,"source_publisher":"東京都都民安全総合対策本部","source_title":"自転車駐輪場情報","source_url":"https://www.tomin-anzen.metro.tokyo.lg.jp/kotsu/jitensha/seisaku-jyourei/churinjou","source_updated_at":"2026-04-02"},"geometry":{"type":"Point","coordinates":[139.256494,35.730804]}},{"type":"Feature","properties":{"id":"official-parking-tokyo-46003","name":"稲城駅北口バイク駐車場","municipality":"稲城市","address":"東京都稲城市東長沼2113-7","capacity":125,"source_publisher":"東京都都民安全総合対策本部","source_title":"自転車駐輪場情報","source_url":"https://www.tomin-anzen.metro.tokyo.lg.jp/kotsu/jitensha/seisaku-jyourei/churinjou","source_updated_at":"2026-04-02"},"geometry":{"type":"Point","coordinates":[139.50067,35.63771]}},{"type":"Feature","properties":{"id":"official-parking-tokyo-46002","name":"稲城駅北口自転車駐車場","municipality":"稲城市","address":"東京都稲城市東長沼3135－2","capacity":816,"source_publisher":"東京都都民安全総合対策本部","source_title":"自転車駐輪場情報","source_url":"https://www.tomin-anzen.metro.tokyo.lg.jp/kotsu/jitensha/seisaku-jyourei/churinjou","source_updated_at":"2026-04-02"},"geometry":{"type":"Point","coordinates":[139.500221,35.637322]}},{"type":"Feature","properties":{"id":"official-parking-tokyo-46006","name":"稲城長沼駅西自転車等駐車場","municipality":"稲城市","address":"東京都稲城市大丸185-28","capacity":420,"source_publisher":"東京都都民安全総合対策本部","source_title":"自転車駐輪場情報","source_url":"https://www.tomin-anzen.metro.tokyo.lg.jp/kotsu/jitensha/seisaku-jyourei/churinjou","source_updated_at":"2026-04-02"},"geometry":{"type":"Point","coordinates":[139.500098,35.6453446]}},{"type":"Feature","properties":{"id":"official-parking-tokyo-46005","name":"稲城長沼駅東自転車等駐車場","municipality":"稲城市","address":"東京都稲城市東長沼1235-3","capacity":444,"source_publisher":"東京都都民安全総合対策本部","source_title":"自転車駐輪場情報","source_url":"https://www.tomin-anzen.metro.tokyo.lg.jp/kotsu/jitensha/seisaku-jyourei/churinjou","source_updated_at":"2026-04-02"},"geometry":{"type":"Point","coordinates":[139.504252,35.6435813]}},{"type":"Feature","properties":{"id":"official-parking-tokyo-46004","name":"若葉台駅前自転車駐車場","municipality":"稲城市","address":"東京都稲城市若葉台2-102","capacity":306,"source_publisher":"東京都都民安全総合対策本部","source_title":"自転車駐輪場情報","source_url":"https://www.tomin-anzen.metro.tokyo.lg.jp/kotsu/jitensha/seisaku-jyourei/churinjou","source_updated_at":"2026-04-02"},"geometry":{"type":"Point","coordinates":[139.472326,35.619668]}},{"type":"Feature","properties":{"id":"official-parking-tokyo-46008","name":"南多摩駅西自転車駐車場","municipality":"稲城市","address":"東京都稲城市大丸1352-5","capacity":411,"source_publisher":"東京都都民安全総合対策本部","source_title":"自転車駐輪場情報","source_url":"https://www.tomin-anzen.metro.tokyo.lg.jp/kotsu/jitensha/seisaku-jyourei/churinjou","source_updated_at":"2026-04-02"},"geometry":{"type":"Point","coordinates":[139.487744,35.6493201]}},{"type":"Feature","properties":{"id":"official-parking-tokyo-46007","name":"南多摩駅東自転車等駐車場","municipality":"稲城市","address":"東京都稲城市大丸947-2","capacity":253,"source_publisher":"東京都都民安全総合対策本部","source_title":"自転車駐輪場情報","source_url":"https://www.tomin-anzen.metro.tokyo.lg.jp/kotsu/jitensha/seisaku-jyourei/churinjou","source_updated_at":"2026-04-02"},"geometry":{"type":"Point","coordinates":[139.49203,35.64935]}},{"type":"Feature","properties":{"id":"official-parking-tokyo-46001","name":"矢野口駅西自転車等駐車場","municipality":"稲城市","address":"東京都稲城市矢野口273－12","capacity":802,"source_publisher":"東京都都民安全総合対策本部","source_title":"自転車駐輪場情報","source_url":"https://www.tomin-anzen.metro.tokyo.lg.jp/kotsu/jitensha/seisaku-jyourei/churinjou","source_updated_at":"2026-04-02"},"geometry":{"type":"Point","coordinates":[139.51901,35.642445]}},{"type":"Feature","properties":{"id":"official-parking-tokyo-47005","name":"羽村駅西口第一自転車駐車場","municipality":"羽村市","address":"東京都羽村市羽東1-16","capacity":444,"source_publisher":"東京都都民安全総合対策本部","source_title":"自転車駐輪場情報","source_url":"https://www.tomin-anzen.metro.tokyo.lg.jp/kotsu/jitensha/seisaku-jyourei/churinjou","source_updated_at":"2026-04-02"},"geometry":{"type":"Point","coordinates":[139.3143094,35.7578926]}},{"type":"Feature","properties":{"id":"official-parking-tokyo-47007","name":"羽村駅西口第三自転車駐車場","municipality":"羽村市","address":"東京都羽村市羽東1-18","capacity":253,"source_publisher":"東京都都民安全総合対策本部","source_title":"自転車駐輪場情報","source_url":"https://www.tomin-anzen.metro.tokyo.lg.jp/kotsu/jitensha/seisaku-jyourei/churinjou","source_updated_at":"2026-04-02"},"geometry":{"type":"Point","coordinates":[139.313563,35.75912]}},{"type":"Feature","properties":{"id":"official-parking-tokyo-47008","name":"羽村駅西口第四自転車駐車場","municipality":"羽村市","address":"東京都羽村市羽東1-2","capacity":411,"source_publisher":"東京都都民安全総合対策本部","source_title":"自転車駐輪場情報","source_url":"https://www.tomin-anzen.metro.tokyo.lg.jp/kotsu/jitensha/seisaku-jyourei/churinjou","source_updated_at":"2026-04-02"},"geometry":{"type":"Point","coordinates":[139.314094,35.760112]}},{"type":"Feature","properties":{"id":"official-parking-tokyo-47006","name":"羽村駅西口第二自転車駐車場","municipality":"羽村市","address":"東京都羽村市羽東1-7-6","capacity":420,"source_publisher":"東京都都民安全総合対策本部","source_title":"自転車駐輪場情報","source_url":"https://www.tomin-anzen.metro.tokyo.lg.jp/kotsu/jitensha/seisaku-jyourei/churinjou","source_updated_at":"2026-04-02"},"geometry":{"type":"Point","coordinates":[139.316299,35.757276]}},{"type":"Feature","properties":{"id":"official-parking-tokyo-47001","name":"羽村駅東口第一自転車駐車場","municipality":"羽村市","address":"東京都羽村市五ノ神4丁目（市道水道道路側道部）","capacity":802,"source_publisher":"東京都都民安全総合対策本部","source_title":"自転車駐輪場情報","source_url":"https://www.tomin-anzen.metro.tokyo.lg.jp/kotsu/jitensha/seisaku-jyourei/churinjou","source_updated_at":"2026-04-02"},"geometry":{"type":"Point","coordinates":[139.314339,35.760783]}},{"type":"Feature","properties":{"id":"official-parking-tokyo-47003","name":"羽村駅東口第三自転車駐車場","municipality":"羽村市","address":"東京都羽村市五ノ神2-1-9","capacity":125,"source_publisher":"東京都都民安全総合対策本部","source_title":"自転車駐輪場情報","source_url":"https://www.tomin-anzen.metro.tokyo.lg.jp/kotsu/jitensha/seisaku-jyourei/churinjou","source_updated_at":"2026-04-02"},"geometry":{"type":"Point","coordinates":[139.318896,35.760546]}},{"type":"Feature","properties":{"id":"official-parking-tokyo-47004","name":"羽村駅東口第四自転車駐車場","municipality":"羽村市","address":"東京都羽村市五ノ神1丁目（都道163号線側道部）","capacity":318,"source_publisher":"東京都都民安全総合対策本部","source_title":"自転車駐輪場情報","source_url":"https://www.tomin-anzen.metro.tokyo.lg.jp/kotsu/jitensha/seisaku-jyourei/churinjou","source_updated_at":"2026-04-02"},"geometry":{"type":"Point","coordinates":[139.317466,35.756412]}},{"type":"Feature","properties":{"id":"official-parking-tokyo-47002","name":"羽村駅東口第二自転車駐車場","municipality":"羽村市","address":"東京都羽村市緑ヶ丘1-21-16","capacity":813,"source_publisher":"東京都都民安全総合対策本部","source_title":"自転車駐輪場情報","source_url":"https://www.tomin-anzen.metro.tokyo.lg.jp/kotsu/jitensha/seisaku-jyourei/churinjou","source_updated_at":"2026-04-02"},"geometry":{"type":"Point","coordinates":[139.314848,35.761327]}},{"type":"Feature","properties":{"id":"official-parking-tokyo-47013","name":"五ノ神ビル駐輪場","municipality":"羽村市","address":"東京都羽村市五ノ神4-13-9","capacity":52,"source_publisher":"東京都都民安全総合対策本部","source_title":"自転車駐輪場情報","source_url":"https://www.tomin-anzen.metro.tokyo.lg.jp/kotsu/jitensha/seisaku-jyourei/churinjou","source_updated_at":"2026-04-02"},"geometry":{"type":"Point","coordinates":[139.317133,35.759714]}},{"type":"Feature","properties":{"id":"official-parking-tokyo-47011","name":"小作駅西口第一自転車駐車場","municipality":"羽村市","address":"東京都羽村市小作台3-20-3","capacity":550,"source_publisher":"東京都都民安全総合対策本部","source_title":"自転車駐輪場情報","source_url":"https://www.tomin-anzen.metro.tokyo.lg.jp/kotsu/jitensha/seisaku-jyourei/churinjou","source_updated_at":"2026-04-02"},"geometry":{"type":"Point","coordinates":[139.299817,35.775025]}},{"type":"Feature","properties":{"id":"official-parking-tokyo-47012","name":"小作駅西口第二自転車駐車場","municipality":"羽村市","address":"東京都羽村市小作台5-22","capacity":280,"source_publisher":"東京都都民安全総合対策本部","source_title":"自転車駐輪場情報","source_url":"https://www.tomin-anzen.metro.tokyo.lg.jp/kotsu/jitensha/seisaku-jyourei/churinjou","source_updated_at":"2026-04-02"},"geometry":{"type":"Point","coordinates":[139.303634,35.774544]}},{"type":"Feature","properties":{"id":"official-parking-tokyo-47009","name":"小作駅東口第一自転車駐車場","municipality":"羽村市","address":"東京都羽村市小作台2-12-7、13-2","capacity":1040,"source_publisher":"東京都都民安全総合対策本部","source_title":"自転車駐輪場情報","source_url":"https://www.tomin-anzen.metro.tokyo.lg.jp/kotsu/jitensha/seisaku-jyourei/churinjou","source_updated_at":"2026-04-02"},"geometry":{"type":"Point","coordinates":[139.300058,35.778067]}},{"type":"Feature","properties":{"id":"official-parking-tokyo-47010","name":"小作駅東口第二自転車駐車場","municipality":"羽村市","address":"東京都羽村市栄町1-1","capacity":350,"source_publisher":"東京都都民安全総合対策本部","source_title":"自転車駐輪場情報","source_url":"https://www.tomin-anzen.metro.tokyo.lg.jp/kotsu/jitensha/seisaku-jyourei/churinjou","source_updated_at":"2026-04-02"},"geometry":{"type":"Point","coordinates":[139.303859,35.774864]}},{"type":"Feature","properties":{"id":"official-parking-tokyo-57008","name":"奥多摩駅踏切横駐車場","municipality":"奥多摩町","address":"東京都西多摩郡奥多摩町氷川166先","capacity":30,"source_publisher":"東京都都民安全総合対策本部","source_title":"自転車駐輪場情報","source_url":"https://www.tomin-anzen.metro.tokyo.lg.jp/kotsu/jitensha/seisaku-jyourei/churinjou","source_updated_at":"2026-04-02"},"geometry":{"type":"Point","coordinates":[139.097826,35.8087705]}},{"type":"Feature","properties":{"id":"official-parking-tokyo-57009","name":"古里駅前駐車場","municipality":"奥多摩町","address":"東京都西多摩郡奥多摩町小丹波501","capacity":30,"source_publisher":"東京都都民安全総合対策本部","source_title":"自転車駐輪場情報","source_url":"https://www.tomin-anzen.metro.tokyo.lg.jp/kotsu/jitensha/seisaku-jyourei/churinjou","source_updated_at":"2026-04-02"},"geometry":{"type":"Point","coordinates":[139.152115,35.8162094]}},{"type":"Feature","properties":{"id":"official-parking-tokyo-57010","name":"川井駅前駐車場","municipality":"奥多摩町","address":"東京都西多摩郡奥多摩町川井278先","capacity":44,"source_publisher":"東京都都民安全総合対策本部","source_title":"自転車駐輪場情報","source_url":"https://www.tomin-anzen.metro.tokyo.lg.jp/kotsu/jitensha/seisaku-jyourei/churinjou","source_updated_at":"2026-04-02"},"geometry":{"type":"Point","coordinates":[139.163822,35.8139489]}},{"type":"Feature","properties":{"id":"official-parking-tokyo-57011","name":"白丸駐車場","municipality":"奥多摩町","address":"東京都西多摩郡奥多摩町白丸56先","capacity":23,"source_publisher":"東京都都民安全総合対策本部","source_title":"自転車駐輪場情報","source_url":"https://www.tomin-anzen.metro.tokyo.lg.jp/kotsu/jitensha/seisaku-jyourei/churinjou","source_updated_at":"2026-04-02"},"geometry":{"type":"Point","coordinates":[139.114883,35.8117893]}},{"type":"Feature","properties":{"id":"official-parking-tokyo-22052","name":"CCPお花茶屋第1駐輪場","municipality":"葛飾区","address":"東京都葛飾区お花茶屋1-19-19","capacity":144,"source_publisher":"東京都都民安全総合対策本部","source_title":"自転車駐輪場情報","source_url":"https://www.tomin-anzen.metro.tokyo.lg.jp/kotsu/jitensha/seisaku-jyourei/churinjou","source_updated_at":"2026-04-02"},"geometry":{"type":"Point","coordinates":[139.840062,35.747927]}},{"type":"Feature","properties":{"id":"official-parking-tokyo-22053","name":"CCPお花茶屋第2駐輪場","municipality":"葛飾区","address":"東京都葛飾区お花茶屋1-18-5","capacity":181,"source_publisher":"東京都都民安全総合対策本部","source_title":"自転車駐輪場情報","source_url":"https://www.tomin-anzen.metro.tokyo.lg.jp/kotsu/jitensha/seisaku-jyourei/churinjou","source_updated_at":"2026-04-02"},"geometry":{"type":"Point","coordinates":[139.838945,35.747909]}},{"type":"Feature","properties":{"id":"official-parking-tokyo-22051","name":"ST-Park亀有駅南口第1駐輪場","municipality":"葛飾区","address":"東京都葛飾区亀有3-6","capacity":331,"source_publisher":"東京都都民安全総合対策本部","source_title":"自転車駐輪場情報","source_url":"https://www.tomin-anzen.metro.tokyo.lg.jp/kotsu/jitensha/seisaku-jyourei/churinjou","source_updated_at":"2026-04-02"},"geometry":{"type":"Point","coordinates":[139.846864,35.765292]}},{"type":"Feature","properties":{"id":"official-parking-tokyo-22050","name":"ST-Park亀有駅北口第1駐車駐輪場","municipality":"葛飾区","address":"東京都葛飾区亀有5-39-1","capacity":56,"source_publisher":"東京都都民安全総合対策本部","source_title":"自転車駐輪場情報","source_url":"https://www.tomin-anzen.metro.tokyo.lg.jp/kotsu/jitensha/seisaku-jyourei/churinjou","source_updated_at":"2026-04-02"},"geometry":{"type":"Point","coordinates":[139.847347,35.768651]}},{"type":"Feature","properties":{"id":"official-parking-tokyo-22029","name":"お花茶屋西自転車駐車場","municipality":"葛飾区","address":"東京都葛飾区お花茶屋1-18-12先","capacity":400,"source_publisher":"東京都都民安全総合対策本部","source_title":"自転車駐輪場情報","source_url":"https://www.tomin-anzen.metro.tokyo.lg.jp/kotsu/jitensha/seisaku-jyourei/churinjou","source_updated_at":"2026-04-02"},"geometry":{"type":"Point","coordinates":[139.838461,35.747871]}},{"type":"Feature","properties":{"id":"official-parking-tokyo-22027","name":"お花茶屋地下自転車駐車場","municipality":"葛飾区","address":"東京都葛飾区白鳥2-1-1","capacity":1629,"source_publisher":"東京都都民安全総合対策本部","source_title":"自転車駐輪場情報","source_url":"https://www.tomin-anzen.metro.tokyo.lg.jp/kotsu/jitensha/seisaku-jyourei/churinjou","source_updated_at":"2026-04-02"},"geometry":{"type":"Point","coordinates":[139.840963,35.74764]}},{"type":"Feature","properties":{"id":"official-parking-tokyo-22028","name":"お花茶屋南自転車駐車場","municipality":"葛飾区","address":"東京都葛飾区白鳥1-1-12先","capacity":400,"source_publisher":"東京都都民安全総合対策本部","source_title":"自転車駐輪場情報","source_url":"https://www.tomin-anzen.metro.tokyo.lg.jp/kotsu/jitensha/seisaku-jyourei/churinjou","source_updated_at":"2026-04-02"},"geometry":{"type":"Point","coordinates":[139.840963,35.74673]}},{"type":"Feature","properties":{"id":"official-parking-tokyo-22040","name":"環七青砥橋下自転車駐車場","municipality":"葛飾区","address":"東京都葛飾区青戸2-12-15","capacity":550,"source_publisher":"東京都都民安全総合対策本部","source_title":"自転車駐輪場情報","source_url":"https://www.tomin-anzen.metro.tokyo.lg.jp/kotsu/jitensha/seisaku-jyourei/churinjou","source_updated_at":"2026-04-02"},"geometry":{"type":"Point","coordinates":[139.858438,35.747178]}},{"type":"Feature","properties":{"id":"official-parking-tokyo-22019","name":"亀有駅南口公園下自転車駐車場","municipality":"葛飾区","address":"東京都葛飾区亀有3-25-1","capacity":1000,"source_publisher":"東京都都民安全総合対策本部","source_title":"自転車駐輪場情報","source_url":"https://www.tomin-anzen.metro.tokyo.lg.jp/kotsu/jitensha/seisaku-jyourei/churinjou","source_updated_at":"2026-04-02"},"geometry":{"type":"Point","coordinates":[139.847264,35.76593]}},{"type":"Feature","properties":{"id":"official-parking-tokyo-22018","name":"亀有南（リリオ）自転車駐車場","municipality":"葛飾区","address":"東京都葛飾区亀有3-26-3","capacity":1694,"source_publisher":"東京都都民安全総合対策本部","source_title":"自転車駐輪場情報","source_url":"https://www.tomin-anzen.metro.tokyo.lg.jp/kotsu/jitensha/seisaku-jyourei/churinjou","source_updated_at":"2026-04-02"},"geometry":{"type":"Point","coordinates":[139.849171,35.76684]}},{"type":"Feature","properties":{"id":"official-parking-tokyo-22001","name":"金町駅北口（西側）自転車駐車場","municipality":"葛飾区","address":"東京都葛飾区東金町1-22-1先","capacity":830,"source_publisher":"東京都都民安全総合対策本部","source_title":"自転車駐輪場情報","source_url":"https://www.tomin-anzen.metro.tokyo.lg.jp/kotsu/jitensha/seisaku-jyourei/churinjou","source_updated_at":"2026-04-02"},"geometry":{"type":"Point","coordinates":[139.868628,35.769615]}},{"type":"Feature","properties":{"id":"official-parking-tokyo-22003","name":"金町駅北口（東金町）自転車駐車場","municipality":"葛飾区","address":"東京都葛飾区東金町3-5-9先","capacity":1040,"source_publisher":"東京都都民安全総合対策本部","source_title":"自転車駐輪場情報","source_url":"https://www.tomin-anzen.metro.tokyo.lg.jp/kotsu/jitensha/seisaku-jyourei/churinjou","source_updated_at":"2026-04-02"},"geometry":{"type":"Point","coordinates":[139.873947,35.76981]}},{"type":"Feature","properties":{"id":"official-parking-tokyo-22002","name":"金町駅北口（東側）自転車駐車場","municipality":"葛飾区","address":"東京都葛飾区東金町1-45-13先","capacity":1081,"source_publisher":"東京都都民安全総合対策本部","source_title":"自転車駐輪場情報","source_url":"https://www.tomin-anzen.metro.tokyo.lg.jp/kotsu/jitensha/seisaku-jyourei/churinjou","source_updated_at":"2026-04-02"},"geometry":{"type":"Point","coordinates":[139.872579,35.76988]}},{"type":"Feature","properties":{"id":"official-parking-tokyo-22004","name":"金町高架下自転車駐車場","municipality":"葛飾区","address":"東京都葛飾区金町6-7-24先","capacity":500,"source_publisher":"東京都都民安全総合対策本部","source_title":"自転車駐輪場情報","source_url":"https://www.tomin-anzen.metro.tokyo.lg.jp/kotsu/jitensha/seisaku-jyourei/churinjou","source_updated_at":"2026-04-02"},"geometry":{"type":"Point","coordinates":[139.872957,35.767978]}},{"type":"Feature","properties":{"id":"official-parking-tokyo-22005","name":"金町南自転車駐車場","municipality":"葛飾区","address":"東京都葛飾区金町6-13-5","capacity":230,"source_publisher":"東京都都民安全総合対策本部","source_title":"自転車駐輪場情報","source_url":"https://www.tomin-anzen.metro.tokyo.lg.jp/kotsu/jitensha/seisaku-jyourei/churinjou","source_updated_at":"2026-04-02"},"geometry":{"type":"Point","coordinates":[139.874495,35.7692611]}},{"type":"Feature","properties":{"id":"official-parking-tokyo-22021","name":"高砂自転車駐車場","municipality":"葛飾区","address":"東京都葛飾区高砂5-6-7","capacity":348,"source_publisher":"東京都都民安全総合対策本部","source_title":"自転車駐輪場情報","source_url":"https://www.tomin-anzen.metro.tokyo.lg.jp/kotsu/jitensha/seisaku-jyourei/churinjou","source_updated_at":"2026-04-02"},"geometry":{"type":"Point","coordinates":[139.865366,35.751443]}},{"type":"Feature","properties":{"id":"official-parking-tokyo-22022","name":"四つ木高架下自転車駐車場","municipality":"葛飾区","address":"東京都葛飾区東四つ木3-23-1","capacity":920,"source_publisher":"東京都都民安全総合対策本部","source_title":"自転車駐輪場情報","source_url":"https://www.tomin-anzen.metro.tokyo.lg.jp/kotsu/jitensha/seisaku-jyourei/churinjou","source_updated_at":"2026-04-02"},"geometry":{"type":"Point","coordinates":[139.835288,35.730606]}},{"type":"Feature","properties":{"id":"official-parking-tokyo-22036","name":"新柴又高架下第一自転車駐車場","municipality":"葛飾区","address":"東京都葛飾区鎌倉3-20-4先","capacity":310,"source_publisher":"東京都都民安全総合対策本部","source_title":"自転車駐輪場情報","source_url":"https://www.tomin-anzen.metro.tokyo.lg.jp/kotsu/jitensha/seisaku-jyourei/churinjou","source_updated_at":"2026-04-02"},"geometry":{"type":"Point","coordinates":[139.877458,35.750061]}},{"type":"Feature","properties":{"id":"official-parking-tokyo-22037","name":"新柴又高架下第二自転車駐車場","municipality":"葛飾区","address":"東京都葛飾区柴又5-13-11先","capacity":160,"source_publisher":"東京都都民安全総合対策本部","source_title":"自転車駐輪場情報","source_url":"https://www.tomin-anzen.metro.tokyo.lg.jp/kotsu/jitensha/seisaku-jyourei/churinjou","source_updated_at":"2026-04-02"},"geometry":{"type":"Point","coordinates":[139.880741,35.751754]}},{"type":"Feature","properties":{"id":"official-parking-tokyo-22013","name":"新小岩駅南口自転車駐車場","municipality":"葛飾区","address":"東京都葛飾区新小岩1-29-1","capacity":1490,"source_publisher":"東京都都民安全総合対策本部","source_title":"自転車駐輪場情報","source_url":"https://www.tomin-anzen.metro.tokyo.lg.jp/kotsu/jitensha/seisaku-jyourei/churinjou","source_updated_at":"2026-04-02"},"geometry":{"type":"Point","coordinates":[139.857279,35.716274]}},{"type":"Feature","properties":{"id":"official-parking-tokyo-22011","name":"新小岩東自転車駐車場","municipality":"葛飾区","address":"東京都葛飾区新小岩4-2-3先","capacity":529,"source_publisher":"東京都都民安全総合対策本部","source_title":"自転車駐輪場情報","source_url":"https://www.tomin-anzen.metro.tokyo.lg.jp/kotsu/jitensha/seisaku-jyourei/churinjou","source_updated_at":"2026-04-02"},"geometry":{"type":"Point","coordinates":[139.862148,35.719181]}},{"type":"Feature","properties":{"id":"official-parking-tokyo-22056","name":"新小岩東南自転車駐車場","municipality":"葛飾区","address":"東京都葛飾区新小岩2-2-12","capacity":408,"source_publisher":"東京都都民安全総合対策本部","source_title":"自転車駐輪場情報","source_url":"https://www.tomin-anzen.metro.tokyo.lg.jp/kotsu/jitensha/seisaku-jyourei/churinjou","source_updated_at":"2026-04-02"},"geometry":{"type":"Point","coordinates":[139.86097,35.71844]}},{"type":"Feature","properties":{"id":"official-parking-tokyo-22016","name":"新小岩東北自転車駐車場","municipality":"葛飾区","address":"東京都葛飾区東新小岩1-16先","capacity":1650,"source_publisher":"東京都都民安全総合対策本部","source_title":"自転車駐輪場情報","source_url":"https://www.tomin-anzen.metro.tokyo.lg.jp/kotsu/jitensha/seisaku-jyourei/churinjou","source_updated_at":"2026-04-02"},"geometry":{"type":"Point","coordinates":[139.859844,35.718436]}},{"type":"Feature","properties":{"id":"official-parking-tokyo-22064","name":"新小岩東北第二自転車駐車場","municipality":"葛飾区","address":"東京都葛飾区東新小岩1-15-18先","capacity":304,"source_publisher":"東京都都民安全総合対策本部","source_title":"自転車駐輪場情報","source_url":"https://www.tomin-anzen.metro.tokyo.lg.jp/kotsu/jitensha/seisaku-jyourei/churinjou","source_updated_at":"2026-04-02"},"geometry":{"type":"Point","coordinates":[139.85715,35.71833]}},{"type":"Feature","properties":{"id":"official-parking-tokyo-22014","name":"新小岩南第一自転車駐車場","municipality":"葛飾区","address":"東京都葛飾区新小岩1-34-12","capacity":300,"source_publisher":"東京都都民安全総合対策本部","source_title":"自転車駐輪場情報","source_url":"https://www.tomin-anzen.metro.tokyo.lg.jp/kotsu/jitensha/seisaku-jyourei/churinjou","source_updated_at":"2026-04-02"},"geometry":{"type":"Point","coordinates":[139.859506,35.714433]}},{"type":"Feature","properties":{"id":"official-parking-tokyo-22015","name":"新小岩南第二自転車駐車場","municipality":"葛飾区","address":"東京都葛飾区新小岩2-12-9","capacity":200,"source_publisher":"東京都都民安全総合対策本部","source_title":"自転車駐輪場情報","source_url":"https://www.tomin-anzen.metro.tokyo.lg.jp/kotsu/jitensha/seisaku-jyourei/churinjou","source_updated_at":"2026-04-02"},"geometry":{"type":"Point","coordinates":[139.862059,35.715259]}},{"type":"Feature","properties":{"id":"official-parking-tokyo-22007","name":"新小岩北口自転車駐車場","municipality":"葛飾区","address":"東京都葛飾区西新小岩1-6-6","capacity":2609,"source_publisher":"東京都都民安全総合対策本部","source_title":"自転車駐輪場情報","source_url":"https://www.tomin-anzen.metro.tokyo.lg.jp/kotsu/jitensha/seisaku-jyourei/churinjou","source_updated_at":"2026-04-02"},"geometry":{"type":"Point","coordinates":[139.856456,35.718604]}},{"type":"Feature","properties":{"id":"official-parking-tokyo-22012","name":"西井堀せせらぎパーク自転車駐車場","municipality":"葛飾区","address":"東京都葛飾区東新小岩5-1-12先","capacity":330,"source_publisher":"東京都都民安全総合対策本部","source_title":"自転車駐輪場情報","source_url":"https://www.tomin-anzen.metro.tokyo.lg.jp/kotsu/jitensha/seisaku-jyourei/churinjou","source_updated_at":"2026-04-02"},"geometry":{"type":"Point","coordinates":[139.85733,35.719871]}},{"type":"Feature","properties":{"id":"official-parking-tokyo-22008","name":"西井堀第一自転車駐車場","municipality":"葛飾区","address":"東京都葛飾区西新小岩1-1先","capacity":827,"source_publisher":"東京都都民安全総合対策本部","source_title":"自転車駐輪場情報","source_url":"https://www.tomin-anzen.metro.tokyo.lg.jp/kotsu/jitensha/seisaku-jyourei/churinjou","source_updated_at":"2026-04-02"},"geometry":{"type":"Point","coordinates":[139.85593,35.717367]}},{"type":"Feature","properties":{"id":"official-parking-tokyo-22009","name":"西井堀第三自転車駐車場","municipality":"葛飾区","address":"東京都葛飾区西新小岩1-2先","capacity":110,"source_publisher":"東京都都民安全総合対策本部","source_title":"自転車駐輪場情報","source_url":"https://www.tomin-anzen.metro.tokyo.lg.jp/kotsu/jitensha/seisaku-jyourei/churinjou","source_updated_at":"2026-04-02"},"geometry":{"type":"Point","coordinates":[139.85726,35.716827]}},{"type":"Feature","properties":{"id":"official-parking-tokyo-22010","name":"西井堀第四自転車駐車場","municipality":"葛飾区","address":"東京都葛飾区西新小岩1-1-4","capacity":650,"source_publisher":"東京都都民安全総合対策本部","source_title":"自転車駐輪場情報","source_url":"https://www.tomin-anzen.metro.tokyo.lg.jp/kotsu/jitensha/seisaku-jyourei/churinjou","source_updated_at":"2026-04-02"},"geometry":{"type":"Point","coordinates":[139.856536,35.716504]}},{"type":"Feature","properties":{"id":"official-parking-tokyo-22063","name":"西井堀第二自転車駐車場","municipality":"葛飾区","address":"東京都葛飾区西新小岩1-1","capacity":760,"source_publisher":"東京都都民安全総合対策本部","source_title":"自転車駐輪場情報","source_url":"https://www.tomin-anzen.metro.tokyo.lg.jp/kotsu/jitensha/seisaku-jyourei/churinjou","source_updated_at":"2026-04-02"},"geometry":{"type":"Point","coordinates":[139.83839,35.7169]}},{"type":"Feature","properties":{"id":"official-parking-tokyo-22034","name":"青戸高架下第一自転車駐車場","municipality":"葛飾区","address":"東京都葛飾区立石6-35-10、39-8先","capacity":320,"source_publisher":"東京都都民安全総合対策本部","source_title":"自転車駐輪場情報","source_url":"https://www.tomin-anzen.metro.tokyo.lg.jp/kotsu/jitensha/seisaku-jyourei/churinjou","source_updated_at":"2026-04-02"},"geometry":{"type":"Point","coordinates":[139.85145,35.74331]}},{"type":"Feature","properties":{"id":"official-parking-tokyo-22035","name":"青戸南第一自転車駐車場","municipality":"葛飾区","address":"東京都葛飾区青戸3-33","capacity":208,"source_publisher":"東京都都民安全総合対策本部","source_title":"自転車駐輪場情報","source_url":"https://www.tomin-anzen.metro.tokyo.lg.jp/kotsu/jitensha/seisaku-jyourei/churinjou","source_updated_at":"2026-04-02"},"geometry":{"type":"Point","coordinates":[139.855846,35.746722]}},{"type":"Feature","properties":{"id":"official-parking-tokyo-22059","name":"東金町地下自転車駐車場","municipality":"葛飾区","address":"東京都葛飾区東金町1-10-1","capacity":1418,"source_publisher":"東京都都民安全総合対策本部","source_title":"自転車駐輪場情報","source_url":"https://www.tomin-anzen.metro.tokyo.lg.jp/kotsu/jitensha/seisaku-jyourei/churinjou","source_updated_at":"2026-04-02"},"geometry":{"type":"Point","coordinates":[139.86412,35.77042]}},{"type":"Feature","properties":{"id":"official-parking-tokyo-22055","name":"東金町二丁目自転車駐車場","municipality":"葛飾区","address":"東京都葛飾区東金町2-3-4、2-3-11","capacity":475,"source_publisher":"東京都都民安全総合対策本部","source_title":"自転車駐輪場情報","source_url":"https://www.tomin-anzen.metro.tokyo.lg.jp/kotsu/jitensha/seisaku-jyourei/churinjou","source_updated_at":"2026-04-02"},"geometry":{"type":"Point","coordinates":[139.86696,35.77105]}},{"type":"Feature","properties":{"id":"official-parking-tokyo-22032","name":"堀切南第一自転車駐車場","municipality":"葛飾区","address":"東京都葛飾区堀切5-7-10先","capacity":200,"source_publisher":"東京都都民安全総合対策本部","source_title":"自転車駐輪場情報","source_url":"https://www.tomin-anzen.metro.tokyo.lg.jp/kotsu/jitensha/seisaku-jyourei/churinjou","source_updated_at":"2026-04-02"},"geometry":{"type":"Point","coordinates":[139.828075,35.747596]}},{"type":"Feature","properties":{"id":"official-parking-tokyo-22030","name":"堀切北第一自転車駐車場","municipality":"葛飾区","address":"東京都葛飾区堀切4-57-13","capacity":240,"source_publisher":"東京都都民安全総合対策本部","source_title":"自転車駐輪場情報","source_url":"https://www.tomin-anzen.metro.tokyo.lg.jp/kotsu/jitensha/seisaku-jyourei/churinjou","source_updated_at":"2026-04-02"},"geometry":{"type":"Point","coordinates":[139.827185,35.74865]}},{"type":"Feature","properties":{"id":"official-parking-tokyo-22031","name":"堀切北第二自転車駐車場","municipality":"葛飾区","address":"東京都葛飾区堀切4-56-6","capacity":370,"source_publisher":"東京都都民安全総合対策本部","source_title":"自転車駐輪場情報","source_url":"https://www.tomin-anzen.metro.tokyo.lg.jp/kotsu/jitensha/seisaku-jyourei/churinjou","source_updated_at":"2026-04-02"},"geometry":{"type":"Point","coordinates":[139.826933,35.74818]}},{"type":"Feature","properties":{"id":"official-parking-tokyo-22060","name":"立石西自転車駐車場","municipality":"葛飾区","address":"東京都葛飾区立石3-1-6先","capacity":113,"source_publisher":"東京都都民安全総合対策本部","source_title":"自転車駐輪場情報","source_url":"https://www.tomin-anzen.metro.tokyo.lg.jp/kotsu/jitensha/seisaku-jyourei/churinjou","source_updated_at":"2026-04-02"},"geometry":{"type":"Point","coordinates":[139.84265,35.73755]}},{"type":"Feature","properties":{"id":"official-parking-tokyo-22026","name":"立石南第一自転車駐車場","municipality":"葛飾区","address":"東京都葛飾区立石1-22-15","capacity":80,"source_publisher":"東京都都民安全総合対策本部","source_title":"自転車駐輪場情報","source_url":"https://www.tomin-anzen.metro.tokyo.lg.jp/kotsu/jitensha/seisaku-jyourei/churinjou","source_updated_at":"2026-04-02"},"geometry":{"type":"Point","coordinates":[139.84993,35.73797]}},{"type":"Feature","properties":{"id":"official-parking-tokyo-22058","name":"立石北第一仮説自転車駐車場","municipality":"葛飾区","address":"東京都葛飾区立石7-16-3先","capacity":119,"source_publisher":"東京都都民安全総合対策本部","source_title":"自転車駐輪場情報","source_url":"https://www.tomin-anzen.metro.tokyo.lg.jp/kotsu/jitensha/seisaku-jyourei/churinjou","source_updated_at":"2026-04-02"},"geometry":{"type":"Point","coordinates":[139.84981,35.74054]}},{"type":"Feature","properties":{"id":"official-parking-tokyo-22023","name":"立石北第一自転車駐車場","municipality":"葛飾区","address":"東京都葛飾区立石7-1-15","capacity":370,"source_publisher":"東京都都民安全総合対策本部","source_title":"自転車駐輪場情報","source_url":"https://www.tomin-anzen.metro.tokyo.lg.jp/kotsu/jitensha/seisaku-jyourei/churinjou","source_updated_at":"2026-04-02"},"geometry":{"type":"Point","coordinates":[139.849372,35.738518]}},{"type":"Feature","properties":{"id":"official-parking-tokyo-22062","name":"立石北第三仮設自転車駐車場","municipality":"葛飾区","address":"東京都葛飾区立石7-2","capacity":166,"source_publisher":"東京都都民安全総合対策本部","source_title":"自転車駐輪場情報","source_url":"https://www.tomin-anzen.metro.tokyo.lg.jp/kotsu/jitensha/seisaku-jyourei/churinjou","source_updated_at":"2026-04-02"},"geometry":{"type":"Point","coordinates":[139.84627,35.73907]}},{"type":"Feature","properties":{"id":"official-parking-tokyo-22061","name":"立石北第二仮設自転車駐車場","municipality":"葛飾区","address":"東京都葛飾区立石4-22","capacity":36,"source_publisher":"東京都都民安全総合対策本部","source_title":"自転車駐輪場情報","source_url":"https://www.tomin-anzen.metro.tokyo.lg.jp/kotsu/jitensha/seisaku-jyourei/churinjou","source_updated_at":"2026-04-02"},"geometry":{"type":"Point","coordinates":[139.84466,35.73818]}},{"type":"Feature","properties":{"id":"official-parking-tokyo-23001","name":"一之江駅西口駐輪場","municipality":"江戸川区","address":"東京都江戸川区一之江7-36先","capacity":2460,"source_publisher":"東京都都民安全総合対策本部","source_title":"自転車駐輪場情報","source_url":"https://www.tomin-anzen.metro.tokyo.lg.jp/kotsu/jitensha/seisaku-jyourei/churinjou","source_updated_at":"2026-04-02"},"geometry":{"type":"Point","coordinates":[139.881744,35.685875]}},{"type":"Feature","properties":{"id":"official-parking-tokyo-23003","name":"一之江駅東口駐輪場","municipality":"江戸川区","address":"東京都江戸川区一之江8-14-1先","capacity":711,"source_publisher":"東京都都民安全総合対策本部","source_title":"自転車駐輪場情報","source_url":"https://www.tomin-anzen.metro.tokyo.lg.jp/kotsu/jitensha/seisaku-jyourei/churinjou","source_updated_at":"2026-04-02"},"geometry":{"type":"Point","coordinates":[139.88323,35.685906]}},{"type":"Feature","properties":{"id":"official-parking-tokyo-23002","name":"一之江駅北口駐輪場","municipality":"江戸川区","address":"東京都江戸川区一之江3-5-1","capacity":857,"source_publisher":"東京都都民安全総合対策本部","source_title":"自転車駐輪場情報","source_url":"https://www.tomin-anzen.metro.tokyo.lg.jp/kotsu/jitensha/seisaku-jyourei/churinjou","source_updated_at":"2026-04-02"},"geometry":{"type":"Point","coordinates":[139.883085,35.68761]}},{"type":"Feature","properties":{"id":"official-parking-tokyo-23014","name":"葛西駅西口駐輪場","municipality":"江戸川区","address":"東京都江戸川区中葛西5-43-15先","capacity":4500,"source_publisher":"東京都都民安全総合対策本部","source_title":"自転車駐輪場情報","source_url":"https://www.tomin-anzen.metro.tokyo.lg.jp/kotsu/jitensha/seisaku-jyourei/churinjou","source_updated_at":"2026-04-02"},"geometry":{"type":"Point","coordinates":[139.872501,35.663307]}},{"type":"Feature","properties":{"id":"official-parking-tokyo-23013","name":"葛西駅東2号駐輪場","municipality":"江戸川区","address":"東京都江戸川区東葛西6-19-1","capacity":400,"source_publisher":"東京都都民安全総合対策本部","source_title":"自転車駐輪場情報","source_url":"https://www.tomin-anzen.metro.tokyo.lg.jp/kotsu/jitensha/seisaku-jyourei/churinjou","source_updated_at":"2026-04-02"},"geometry":{"type":"Point","coordinates":[139.876025,35.663385]}},{"type":"Feature","properties":{"id":"official-parking-tokyo-23012","name":"葛西駅東口駐輪場","municipality":"江戸川区","address":"東京都江戸川区東葛西6-3-20先","capacity":4900,"source_publisher":"東京都都民安全総合対策本部","source_title":"自転車駐輪場情報","source_url":"https://www.tomin-anzen.metro.tokyo.lg.jp/kotsu/jitensha/seisaku-jyourei/churinjou","source_updated_at":"2026-04-02"},"geometry":{"type":"Point","coordinates":[139.873804,35.663224]}},{"type":"Feature","properties":{"id":"official-parking-tokyo-23021","name":"葛西臨海公園駅西駐輪場","municipality":"江戸川区","address":"東京都江戸川区臨海町6-3-3","capacity":1940,"source_publisher":"東京都都民安全総合対策本部","source_title":"自転車駐輪場情報","source_url":"https://www.tomin-anzen.metro.tokyo.lg.jp/kotsu/jitensha/seisaku-jyourei/churinjou","source_updated_at":"2026-04-02"},"geometry":{"type":"Point","coordinates":[139.859734,35.645004]}},{"type":"Feature","properties":{"id":"official-parking-tokyo-23020","name":"葛西臨海公園駅東駐輪場","municipality":"江戸川区","address":"東京都江戸川区臨海町6-3-6","capacity":1430,"source_publisher":"東京都都民安全総合対策本部","source_title":"自転車駐輪場情報","source_url":"https://www.tomin-anzen.metro.tokyo.lg.jp/kotsu/jitensha/seisaku-jyourei/churinjou","source_updated_at":"2026-04-02"},"geometry":{"type":"Point","coordinates":[139.863038,35.643783]}},{"type":"Feature","properties":{"id":"official-parking-tokyo-23034","name":"京成小岩駅東駐輪場","municipality":"江戸川区","address":"東京都江戸川区北小岩5-2先","capacity":199,"source_publisher":"東京都都民安全総合対策本部","source_title":"自転車駐輪場情報","source_url":"https://www.tomin-anzen.metro.tokyo.lg.jp/kotsu/jitensha/seisaku-jyourei/churinjou","source_updated_at":"2026-04-02"},"geometry":{"type":"Point","coordinates":[139.884847,35.741455]}},{"type":"Feature","properties":{"id":"official-parking-tokyo-23037","name":"京成小岩駅南2号駐輪場","municipality":"江戸川区","address":"東京都江戸川区北小岩2-9-2","capacity":80,"source_publisher":"東京都都民安全総合対策本部","source_title":"自転車駐輪場情報","source_url":"https://www.tomin-anzen.metro.tokyo.lg.jp/kotsu/jitensha/seisaku-jyourei/churinjou","source_updated_at":"2026-04-02"},"geometry":{"type":"Point","coordinates":[139.883701,35.74176]}},{"type":"Feature","properties":{"id":"official-parking-tokyo-23035","name":"京成小岩駅南駐輪場","municipality":"江戸川区","address":"東京都江戸川区北小岩2-8先","capacity":138,"source_publisher":"東京都都民安全総合対策本部","source_title":"自転車駐輪場情報","source_url":"https://www.tomin-anzen.metro.tokyo.lg.jp/kotsu/jitensha/seisaku-jyourei/churinjou","source_updated_at":"2026-04-02"},"geometry":{"type":"Point","coordinates":[139.883168,35.742389]}},{"type":"Feature","properties":{"id":"official-parking-tokyo-23033","name":"京成小岩駅北2号駐輪場","municipality":"江戸川区","address":"東京都江戸川区北小岩6-32-3","capacity":1073,"source_publisher":"東京都都民安全総合対策本部","source_title":"自転車駐輪場情報","source_url":"https://www.tomin-anzen.metro.tokyo.lg.jp/kotsu/jitensha/seisaku-jyourei/churinjou","source_updated_at":"2026-04-02"},"geometry":{"type":"Point","coordinates":[139.885198,35.743192]}},{"type":"Feature","properties":{"id":"official-parking-tokyo-23036","name":"京成小岩駅北駐輪場","municipality":"江戸川区","address":"東京都江戸川区北小岩6-11先","capacity":333,"source_publisher":"東京都都民安全総合対策本部","source_title":"自転車駐輪場情報","source_url":"https://www.tomin-anzen.metro.tokyo.lg.jp/kotsu/jitensha/seisaku-jyourei/churinjou","source_updated_at":"2026-04-02"},"geometry":{"type":"Point","coordinates":[139.883715,35.742322]}},{"type":"Feature","properties":{"id":"official-parking-tokyo-23031","name":"篠崎駅西口駐輪場","municipality":"江戸川区","address":"東京都江戸川区篠崎町7-20-19","capacity":2800,"source_publisher":"東京都都民安全総合対策本部","source_title":"自転車駐輪場情報","source_url":"https://www.tomin-anzen.metro.tokyo.lg.jp/kotsu/jitensha/seisaku-jyourei/churinjou","source_updated_at":"2026-04-02"},"geometry":{"type":"Point","coordinates":[139.902491,35.705765]}},{"type":"Feature","properties":{"id":"official-parking-tokyo-23030","name":"篠崎駅東駐輪場","municipality":"江戸川区","address":"東京都江戸川区篠崎町2-15-2","capacity":1100,"source_publisher":"東京都都民安全総合対策本部","source_title":"自転車駐輪場情報","source_url":"https://www.tomin-anzen.metro.tokyo.lg.jp/kotsu/jitensha/seisaku-jyourei/churinjou","source_updated_at":"2026-04-02"},"geometry":{"type":"Point","coordinates":[139.90498,35.706861]}},{"type":"Feature","properties":{"id":"official-parking-tokyo-23023","name":"小岩駅西1号駐輪場","municipality":"江戸川区","address":"東京都江戸川区南小岩6-17-6","capacity":890,"source_publisher":"東京都都民安全総合対策本部","source_title":"自転車駐輪場情報","source_url":"https://www.tomin-anzen.metro.tokyo.lg.jp/kotsu/jitensha/seisaku-jyourei/churinjou","source_updated_at":"2026-04-02"},"geometry":{"type":"Point","coordinates":[139.879593,35.731804]}},{"type":"Feature","properties":{"id":"official-parking-tokyo-23024","name":"小岩駅西2号駐輪場","municipality":"江戸川区","address":"東京都江戸川区南小岩6-16-8","capacity":1940,"source_publisher":"東京都都民安全総合対策本部","source_title":"自転車駐輪場情報","source_url":"https://www.tomin-anzen.metro.tokyo.lg.jp/kotsu/jitensha/seisaku-jyourei/churinjou","source_updated_at":"2026-04-02"},"geometry":{"type":"Point","coordinates":[139.878847,35.731299]}},{"type":"Feature","properties":{"id":"official-parking-tokyo-23025","name":"小岩駅西3号駐輪場","municipality":"江戸川区","address":"東京都江戸川区南小岩6-16-1","capacity":1300,"source_publisher":"東京都都民安全総合対策本部","source_title":"自転車駐輪場情報","source_url":"https://www.tomin-anzen.metro.tokyo.lg.jp/kotsu/jitensha/seisaku-jyourei/churinjou","source_updated_at":"2026-04-02"},"geometry":{"type":"Point","coordinates":[139.878359,35.730959]}},{"type":"Feature","properties":{"id":"official-parking-tokyo-23022","name":"小岩駅東駐輪場","municipality":"江戸川区","address":"東京都江戸川区南小岩8-16-9","capacity":1540,"source_publisher":"東京都都民安全総合対策本部","source_title":"自転車駐輪場情報","source_url":"https://www.tomin-anzen.metro.tokyo.lg.jp/kotsu/jitensha/seisaku-jyourei/churinjou","source_updated_at":"2026-04-02"},"geometry":{"type":"Point","coordinates":[139.884925,35.735226]}},{"type":"Feature","properties":{"id":"official-parking-tokyo-23044","name":"小岩駅南１号駐輪場","municipality":"江戸川区","address":"東京都江戸川区南小岩6-31-5","capacity":3018,"source_publisher":"東京都都民安全総合対策本部","source_title":"自転車駐輪場情報","source_url":"https://www.tomin-anzen.metro.tokyo.lg.jp/kotsu/jitensha/seisaku-jyourei/churinjou","source_updated_at":"2026-04-02"},"geometry":{"type":"Point","coordinates":[139.8812823,35.73146116]}},{"type":"Feature","properties":{"id":"official-parking-tokyo-23042","name":"瑞江駅東1号駐輪場","municipality":"江戸川区","address":"東京都江戸川区瑞江2-3-6","capacity":440,"source_publisher":"東京都都民安全総合対策本部","source_title":"自転車駐輪場情報","source_url":"https://www.tomin-anzen.metro.tokyo.lg.jp/kotsu/jitensha/seisaku-jyourei/churinjou","source_updated_at":"2026-04-02"},"geometry":{"type":"Point","coordinates":[139.898285,35.6932066]}},{"type":"Feature","properties":{"id":"official-parking-tokyo-23043","name":"瑞江駅東4号駐輪場","municipality":"江戸川区","address":"東京都江戸川区南篠崎町3-6-7","capacity":450,"source_publisher":"東京都都民安全総合対策本部","source_title":"自転車駐輪場情報","source_url":"https://www.tomin-anzen.metro.tokyo.lg.jp/kotsu/jitensha/seisaku-jyourei/churinjou","source_updated_at":"2026-04-02"},"geometry":{"type":"Point","coordinates":[139.897297,35.6910818]}},{"type":"Feature","properties":{"id":"official-parking-tokyo-23041","name":"瑞江駅東5号駐輪場","municipality":"江戸川区","address":"東京都江戸川区瑞江2-18-6","capacity":430,"source_publisher":"東京都都民安全総合対策本部","source_title":"自転車駐輪場情報","source_url":"https://www.tomin-anzen.metro.tokyo.lg.jp/kotsu/jitensha/seisaku-jyourei/churinjou","source_updated_at":"2026-04-02"},"geometry":{"type":"Point","coordinates":[139.897171,35.695933]}},{"type":"Feature","properties":{"id":"official-parking-tokyo-23040","name":"瑞江駅南2号駐輪場","municipality":"江戸川区","address":"東京都江戸川区東瑞江1-26-1","capacity":450,"source_publisher":"東京都都民安全総合対策本部","source_title":"自転車駐輪場情報","source_url":"https://www.tomin-anzen.metro.tokyo.lg.jp/kotsu/jitensha/seisaku-jyourei/churinjou","source_updated_at":"2026-04-02"},"geometry":{"type":"Point","coordinates":[139.897324,35.691097]}},{"type":"Feature","properties":{"id":"official-parking-tokyo-23026","name":"瑞江駅南口駐輪場","municipality":"江戸川区","address":"東京都江戸川区瑞江2-2-1先","capacity":3930,"source_publisher":"東京都都民安全総合対策本部","source_title":"自転車駐輪場情報","source_url":"https://www.tomin-anzen.metro.tokyo.lg.jp/kotsu/jitensha/seisaku-jyourei/churinjou","source_updated_at":"2026-04-02"},"geometry":{"type":"Point","coordinates":[139.897918,35.692683]}},{"type":"Feature","properties":{"id":"official-parking-tokyo-23029","name":"瑞江駅北駐輪場","municipality":"江戸川区","address":"東京都江戸川区瑞江2-13-11","capacity":1120,"source_publisher":"東京都都民安全総合対策本部","source_title":"自転車駐輪場情報","source_url":"https://www.tomin-anzen.metro.tokyo.lg.jp/kotsu/jitensha/seisaku-jyourei/churinjou","source_updated_at":"2026-04-02"},"geometry":{"type":"Point","coordinates":[139.896678,35.694058]}},{"type":"Feature","properties":{"id":"official-parking-tokyo-23019","name":"西葛西駅西駐輪場","municipality":"江戸川区","address":"東京都江戸川区西葛西6-2-13","capacity":800,"source_publisher":"東京都都民安全総合対策本部","source_title":"自転車駐輪場情報","source_url":"https://www.tomin-anzen.metro.tokyo.lg.jp/kotsu/jitensha/seisaku-jyourei/churinjou","source_updated_at":"2026-04-02"},"geometry":{"type":"Point","coordinates":[139.855822,35.664845]}},{"type":"Feature","properties":{"id":"official-parking-tokyo-23018","name":"西葛西駅東2号駐輪場","municipality":"江戸川区","address":"東京都江戸川区西葛西6-22-8","capacity":600,"source_publisher":"東京都都民安全総合対策本部","source_title":"自転車駐輪場情報","source_url":"https://www.tomin-anzen.metro.tokyo.lg.jp/kotsu/jitensha/seisaku-jyourei/churinjou","source_updated_at":"2026-04-02"},"geometry":{"type":"Point","coordinates":[139.862177,35.664381]}},{"type":"Feature","properties":{"id":"official-parking-tokyo-23017","name":"西葛西駅東駐輪場","municipality":"江戸川区","address":"東京都江戸川区西葛西6-22-8","capacity":400,"source_publisher":"東京都都民安全総合対策本部","source_title":"自転車駐輪場情報","source_url":"https://www.tomin-anzen.metro.tokyo.lg.jp/kotsu/jitensha/seisaku-jyourei/churinjou","source_updated_at":"2026-04-02"},"geometry":{"type":"Point","coordinates":[139.861563,35.664433]}},{"type":"Feature","properties":{"id":"official-parking-tokyo-23015","name":"西葛西駅南口駐輪場","municipality":"江戸川区","address":"東京都江戸川区西葛西6-15-1先","capacity":2000,"source_publisher":"東京都都民安全総合対策本部","source_title":"自転車駐輪場情報","source_url":"https://www.tomin-anzen.metro.tokyo.lg.jp/kotsu/jitensha/seisaku-jyourei/churinjou","source_updated_at":"2026-04-02"},"geometry":{"type":"Point","coordinates":[139.859412,35.664189]}},{"type":"Feature","properties":{"id":"official-parking-tokyo-23016","name":"西葛西駅北口駐輪場","municipality":"江戸川区","address":"東京都江戸川区西葛西5-6-1先","capacity":2350,"source_publisher":"東京都都民安全総合対策本部","source_title":"自転車駐輪場情報","source_url":"https://www.tomin-anzen.metro.tokyo.lg.jp/kotsu/jitensha/seisaku-jyourei/churinjou","source_updated_at":"2026-04-02"},"geometry":{"type":"Point","coordinates":[139.859583,35.664802]}},{"type":"Feature","properties":{"id":"official-parking-tokyo-23010","name":"船堀駅西1号駐輪場","municipality":"江戸川区","address":"東京都江戸川区船堀2-23-8","capacity":840,"source_publisher":"東京都都民安全総合対策本部","source_title":"自転車駐輪場情報","source_url":"https://www.tomin-anzen.metro.tokyo.lg.jp/kotsu/jitensha/seisaku-jyourei/churinjou","source_updated_at":"2026-04-02"},"geometry":{"type":"Point","coordinates":[139.862604,35.683841]}},{"type":"Feature","properties":{"id":"official-parking-tokyo-23011","name":"船堀駅西2号駐輪場","municipality":"江戸川区","address":"東京都江戸川区船堀2-15-16","capacity":710,"source_publisher":"東京都都民安全総合対策本部","source_title":"自転車駐輪場情報","source_url":"https://www.tomin-anzen.metro.tokyo.lg.jp/kotsu/jitensha/seisaku-jyourei/churinjou","source_updated_at":"2026-04-02"},"geometry":{"type":"Point","coordinates":[139.862094,35.68388]}},{"type":"Feature","properties":{"id":"official-parking-tokyo-23007","name":"船堀駅中央駐輪場","municipality":"江戸川区","address":"東京都江戸川区船堀4-1-21","capacity":1500,"source_publisher":"東京都都民安全総合対策本部","source_title":"自転車駐輪場情報","source_url":"https://www.tomin-anzen.metro.tokyo.lg.jp/kotsu/jitensha/seisaku-jyourei/churinjou","source_updated_at":"2026-04-02"},"geometry":{"type":"Point","coordinates":[139.865141,35.683645]}},{"type":"Feature","properties":{"id":"official-parking-tokyo-23008","name":"船堀駅東1号駐輪場","municipality":"江戸川区","address":"東京都江戸川区船堀4-7-4","capacity":250,"source_publisher":"東京都都民安全総合対策本部","source_title":"自転車駐輪場情報","source_url":"https://www.tomin-anzen.metro.tokyo.lg.jp/kotsu/jitensha/seisaku-jyourei/churinjou","source_updated_at":"2026-04-02"},"geometry":{"type":"Point","coordinates":[139.865929,35.683849]}},{"type":"Feature","properties":{"id":"official-parking-tokyo-23009","name":"船堀駅東2号駐輪場","municipality":"江戸川区","address":"東京都江戸川区船堀4-6-19","capacity":700,"source_publisher":"東京都都民安全総合対策本部","source_title":"自転車駐輪場情報","source_url":"https://www.tomin-anzen.metro.tokyo.lg.jp/kotsu/jitensha/seisaku-jyourei/churinjou","source_updated_at":"2026-04-02"},"geometry":{"type":"Point","coordinates":[139.866187,35.683958]}},{"type":"Feature","properties":{"id":"official-parking-tokyo-23032","name":"東大島駅駐輪場","municipality":"江戸川区","address":"東京都江戸川区小松川1-5-2先","capacity":1200,"source_publisher":"東京都都民安全総合対策本部","source_title":"自転車駐輪場情報","source_url":"https://www.tomin-anzen.metro.tokyo.lg.jp/kotsu/jitensha/seisaku-jyourei/churinjou","source_updated_at":"2026-04-02"},"geometry":{"type":"Point","coordinates":[139.849766,35.688893]}},{"type":"Feature","properties":{"id":"official-parking-tokyo-23005","name":"平井駅東駐輪場","municipality":"江戸川区","address":"東京都江戸川区平井5-23先","capacity":297,"source_publisher":"東京都都民安全総合対策本部","source_title":"自転車駐輪場情報","source_url":"https://www.tomin-anzen.metro.tokyo.lg.jp/kotsu/jitensha/seisaku-jyourei/churinjou","source_updated_at":"2026-04-02"},"geometry":{"type":"Point","coordinates":[139.842777,35.706857]}},{"type":"Feature","properties":{"id":"official-parking-tokyo-23006","name":"平井駅南口駐輪場","municipality":"江戸川区","address":"東京都江戸川区平井3-30-1","capacity":756,"source_publisher":"東京都都民安全総合対策本部","source_title":"自転車駐輪場情報","source_url":"https://www.tomin-anzen.metro.tokyo.lg.jp/kotsu/jitensha/seisaku-jyourei/churinjou","source_updated_at":"2026-04-02"},"geometry":{"type":"Point","coordinates":[139.842675,35.706094]}},{"type":"Feature","properties":{"id":"official-parking-tokyo-23004","name":"平井駅北口駐輪場","municipality":"江戸川区","address":"東京都江戸川区平井5-18-8先","capacity":3000,"source_publisher":"東京都都民安全総合対策本部","source_title":"自転車駐輪場情報","source_url":"https://www.tomin-anzen.metro.tokyo.lg.jp/kotsu/jitensha/seisaku-jyourei/churinjou","source_updated_at":"2026-04-02"},"geometry":{"type":"Point","coordinates":[139.842101,35.707026]}},{"type":"Feature","properties":{"id":"official-parking-tokyo-8033","name":"越中島駅自転車駐車場","municipality":"江東区","address":"東京都江東区越中島2-2先","capacity":239,"source_publisher":"東京都都民安全総合対策本部","source_title":"自転車駐輪場情報","source_url":"https://www.tomin-anzen.metro.tokyo.lg.jp/kotsu/jitensha/seisaku-jyourei/churinjou","source_updated_at":"2026-04-02"},"geometry":{"type":"Point","coordinates":[139.79241,35.66834]}},{"type":"Feature","properties":{"id":"official-parking-tokyo-8043","name":"亀戸駅東口自転車駐車場","municipality":"江東区","address":"東京都江東区亀戸6-62-5","capacity":1721,"source_publisher":"東京都都民安全総合対策本部","source_title":"自転車駐輪場情報","source_url":"https://www.tomin-anzen.metro.tokyo.lg.jp/kotsu/jitensha/seisaku-jyourei/churinjou","source_updated_at":"2026-04-02"},"geometry":{"type":"Point","coordinates":[139.8293,35.697268]}},{"type":"Feature","properties":{"id":"official-parking-tokyo-8044","name":"亀戸駅東口第二自転車駐車場","municipality":"江東区","address":"東京都江東区亀戸5-1","capacity":450,"source_publisher":"東京都都民安全総合対策本部","source_title":"自転車駐輪場情報","source_url":"https://www.tomin-anzen.metro.tokyo.lg.jp/kotsu/jitensha/seisaku-jyourei/churinjou","source_updated_at":"2026-04-02"},"geometry":{"type":"Point","coordinates":[139.83011,35.69777]}},{"type":"Feature","properties":{"id":"official-parking-tokyo-8040","name":"亀戸駅北口第一自転車駐車場","municipality":"江東区","address":"東京都江東区亀戸2-21-1、亀戸2-18-12","capacity":876,"source_publisher":"東京都都民安全総合対策本部","source_title":"自転車駐輪場情報","source_url":"https://www.tomin-anzen.metro.tokyo.lg.jp/kotsu/jitensha/seisaku-jyourei/churinjou","source_updated_at":"2026-04-02"},"geometry":{"type":"Point","coordinates":[139.824197,35.697606]}},{"type":"Feature","properties":{"id":"official-parking-tokyo-8042","name":"亀戸駅北口第三自転車駐車場","municipality":"江東区","address":"東京都江東区亀戸1-41-2","capacity":346,"source_publisher":"東京都都民安全総合対策本部","source_title":"自転車駐輪場情報","source_url":"https://www.tomin-anzen.metro.tokyo.lg.jp/kotsu/jitensha/seisaku-jyourei/churinjou","source_updated_at":"2026-04-02"},"geometry":{"type":"Point","coordinates":[139.823714,35.696987]}},{"type":"Feature","properties":{"id":"official-parking-tokyo-8041","name":"亀戸駅北口第二自転車駐車場","municipality":"江東区","address":"東京都江東区亀戸2-20、亀戸5-1-1先","capacity":297,"source_publisher":"東京都都民安全総合対策本部","source_title":"自転車駐輪場情報","source_url":"https://www.tomin-anzen.metro.tokyo.lg.jp/kotsu/jitensha/seisaku-jyourei/churinjou","source_updated_at":"2026-04-02"},"geometry":{"type":"Point","coordinates":[139.825503,35.697484]}},{"type":"Feature","properties":{"id":"official-parking-tokyo-8050","name":"亀戸水神駅自転車駐車場","municipality":"江東区","address":"東京都江東区亀戸8-5、亀戸8－6","capacity":70,"source_publisher":"東京都都民安全総合対策本部","source_title":"自転車駐輪場情報","source_url":"https://www.tomin-anzen.metro.tokyo.lg.jp/kotsu/jitensha/seisaku-jyourei/churinjou","source_updated_at":"2026-04-02"},"geometry":{"type":"Point","coordinates":[139.83354,35.69975]}},{"type":"Feature","properties":{"id":"official-parking-tokyo-8056","name":"国際展示場駅自転車駐車場","municipality":"江東区","address":"東京都江東区有明3-7先","capacity":300,"source_publisher":"東京都都民安全総合対策本部","source_title":"自転車駐輪場情報","source_url":"https://www.tomin-anzen.metro.tokyo.lg.jp/kotsu/jitensha/seisaku-jyourei/churinjou","source_updated_at":"2026-04-02"},"geometry":{"type":"Point","coordinates":[139.790906,35.634115]}},{"type":"Feature","properties":{"id":"official-parking-tokyo-8019","name":"住吉駅自転車駐車場","municipality":"江東区","address":"東京都江東区住吉2-7-8、住吉2-22-1","capacity":121,"source_publisher":"東京都都民安全総合対策本部","source_title":"自転車駐輪場情報","source_url":"https://www.tomin-anzen.metro.tokyo.lg.jp/kotsu/jitensha/seisaku-jyourei/churinjou","source_updated_at":"2026-04-02"},"geometry":{"type":"Point","coordinates":[139.81534,35.6889]}},{"type":"Feature","properties":{"id":"official-parking-tokyo-8020","name":"住吉駅地下自転車駐車場","municipality":"江東区","address":"東京都江東区住吉2-7","capacity":924,"source_publisher":"東京都都民安全総合対策本部","source_title":"自転車駐輪場情報","source_url":"https://www.tomin-anzen.metro.tokyo.lg.jp/kotsu/jitensha/seisaku-jyourei/churinjou","source_updated_at":"2026-04-02"},"geometry":{"type":"Point","coordinates":[139.815379,35.688438]}},{"type":"Feature","properties":{"id":"official-parking-tokyo-8011","name":"新砂あゆみ公園内自転車駐車場","municipality":"江東区","address":"東京都江東区新砂3-3-6","capacity":374,"source_publisher":"東京都都民安全総合対策本部","source_title":"自転車駐輪場情報","source_url":"https://www.tomin-anzen.metro.tokyo.lg.jp/kotsu/jitensha/seisaku-jyourei/churinjou","source_updated_at":"2026-04-02"},"geometry":{"type":"Point","coordinates":[139.83221,35.68942]}},{"type":"Feature","properties":{"id":"official-parking-tokyo-8029","name":"新木場駅南自転車駐車場","municipality":"江東区","address":"東京都江東区新木場1-5","capacity":199,"source_publisher":"東京都都民安全総合対策本部","source_title":"自転車駐輪場情報","source_url":"https://www.tomin-anzen.metro.tokyo.lg.jp/kotsu/jitensha/seisaku-jyourei/churinjou","source_updated_at":"2026-04-02"},"geometry":{"type":"Point","coordinates":[139.826623,35.644952]}},{"type":"Feature","properties":{"id":"official-parking-tokyo-8028","name":"新木場駅北自転車駐車場","municipality":"江東区","address":"東京都江東区新木場1-5先","capacity":409,"source_publisher":"東京都都民安全総合対策本部","source_title":"自転車駐輪場情報","source_url":"https://www.tomin-anzen.metro.tokyo.lg.jp/kotsu/jitensha/seisaku-jyourei/churinjou","source_updated_at":"2026-04-02"},"geometry":{"type":"Point","coordinates":[139.825788,35.646451]}},{"type":"Feature","properties":{"id":"official-parking-tokyo-8058","name":"森下駅自転車駐車場","municipality":"江東区","address":"東京都江東区森下1-12-4","capacity":39,"source_publisher":"東京都都民安全総合対策本部","source_title":"自転車駐輪場情報","source_url":"https://www.tomin-anzen.metro.tokyo.lg.jp/kotsu/jitensha/seisaku-jyourei/churinjou","source_updated_at":"2026-04-02"},"geometry":{"type":"Point","coordinates":[139.79751,35.68791]}},{"type":"Feature","properties":{"id":"official-parking-tokyo-8014","name":"森下駅第二自転車駐車場","municipality":"江東区","address":"東京都江東区新大橋3-8-7","capacity":36,"source_publisher":"東京都都民安全総合対策本部","source_title":"自転車駐輪場情報","source_url":"https://www.tomin-anzen.metro.tokyo.lg.jp/kotsu/jitensha/seisaku-jyourei/churinjou","source_updated_at":"2026-04-02"},"geometry":{"type":"Point","coordinates":[139.79592,35.688182]}},{"type":"Feature","properties":{"id":"official-parking-tokyo-8015","name":"森下駅地下自転車駐車場","municipality":"江東区","address":"東京都江東区森下2-30-7先","capacity":310,"source_publisher":"東京都都民安全総合対策本部","source_title":"自転車駐輪場情報","source_url":"https://www.tomin-anzen.metro.tokyo.lg.jp/kotsu/jitensha/seisaku-jyourei/churinjou","source_updated_at":"2026-04-02"},"geometry":{"type":"Point","coordinates":[139.79842,35.68918]}},{"type":"Feature","properties":{"id":"official-parking-tokyo-8012","name":"清澄白河駅地下自転車駐車場","municipality":"江東区","address":"東京都江東区清澄3-3先","capacity":449,"source_publisher":"東京都都民安全総合対策本部","source_title":"自転車駐輪場情報","source_url":"https://www.tomin-anzen.metro.tokyo.lg.jp/kotsu/jitensha/seisaku-jyourei/churinjou","source_updated_at":"2026-04-02"},"geometry":{"type":"Point","coordinates":[139.79877,35.68106]}},{"type":"Feature","properties":{"id":"official-parking-tokyo-8045","name":"西大島駅自転車駐車場","municipality":"江東区","address":"東京都江東区大島4-2-8","capacity":590,"source_publisher":"東京都都民安全総合対策本部","source_title":"自転車駐輪場情報","source_url":"https://www.tomin-anzen.metro.tokyo.lg.jp/kotsu/jitensha/seisaku-jyourei/churinjou","source_updated_at":"2026-04-02"},"geometry":{"type":"Point","coordinates":[139.8269,35.68828]}},{"type":"Feature","properties":{"id":"official-parking-tokyo-8046","name":"西大島駅第二自転車駐車場","municipality":"江東区","address":"東京都江東区大島4-5-1","capacity":54,"source_publisher":"東京都都民安全総合対策本部","source_title":"自転車駐輪場情報","source_url":"https://www.tomin-anzen.metro.tokyo.lg.jp/kotsu/jitensha/seisaku-jyourei/churinjou","source_updated_at":"2026-04-02"},"geometry":{"type":"Point","coordinates":[139.826512,35.688905]}},{"type":"Feature","properties":{"id":"official-parking-tokyo-8018","name":"大島駅自転車駐車場","municipality":"江東区","address":"東京都江東区大島6-9-16","capacity":103,"source_publisher":"東京都都民安全総合対策本部","source_title":"自転車駐輪場情報","source_url":"https://www.tomin-anzen.metro.tokyo.lg.jp/kotsu/jitensha/seisaku-jyourei/churinjou","source_updated_at":"2026-04-02"},"geometry":{"type":"Point","coordinates":[139.8353,35.68998]}},{"type":"Feature","properties":{"id":"official-parking-tokyo-8017","name":"大島駅地下自転車駐車場","municipality":"江東区","address":"東京都江東区大島5-10-10","capacity":506,"source_publisher":"東京都都民安全総合対策本部","source_title":"自転車駐輪場情報","source_url":"https://www.tomin-anzen.metro.tokyo.lg.jp/kotsu/jitensha/seisaku-jyourei/churinjou","source_updated_at":"2026-04-02"},"geometry":{"type":"Point","coordinates":[139.834111,35.68936]}},{"type":"Feature","properties":{"id":"official-parking-tokyo-8002","name":"辰巳駅西口自転車駐車場","municipality":"江東区","address":"東京都江東区辰巳1-1-40","capacity":1048,"source_publisher":"東京都都民安全総合対策本部","source_title":"自転車駐輪場情報","source_url":"https://www.tomin-anzen.metro.tokyo.lg.jp/kotsu/jitensha/seisaku-jyourei/churinjou","source_updated_at":"2026-04-02"},"geometry":{"type":"Point","coordinates":[139.808936,35.6468336]}},{"type":"Feature","properties":{"id":"official-parking-tokyo-8001","name":"辰巳駅東口自転車駐車場","municipality":"江東区","address":"東京都江東区辰巳1-12先","capacity":300,"source_publisher":"東京都都民安全総合対策本部","source_title":"自転車駐輪場情報","source_url":"https://www.tomin-anzen.metro.tokyo.lg.jp/kotsu/jitensha/seisaku-jyourei/churinjou","source_updated_at":"2026-04-02"},"geometry":{"type":"Point","coordinates":[139.81163,35.64467]}},{"type":"Feature","properties":{"id":"official-parking-tokyo-8021","name":"潮見駅自転車駐車場","municipality":"江東区","address":"東京都江東区潮見2-6","capacity":280,"source_publisher":"東京都都民安全総合対策本部","source_title":"自転車駐輪場情報","source_url":"https://www.tomin-anzen.metro.tokyo.lg.jp/kotsu/jitensha/seisaku-jyourei/churinjou","source_updated_at":"2026-04-02"},"geometry":{"type":"Point","coordinates":[139.81664,35.65937]}},{"type":"Feature","properties":{"id":"official-parking-tokyo-8022","name":"潮見駅南自転車駐車場","municipality":"江東区","address":"東京都江東区潮見2-7","capacity":165,"source_publisher":"東京都都民安全総合対策本部","source_title":"自転車駐輪場情報","source_url":"https://www.tomin-anzen.metro.tokyo.lg.jp/kotsu/jitensha/seisaku-jyourei/churinjou","source_updated_at":"2026-04-02"},"geometry":{"type":"Point","coordinates":[139.81739,35.65859]}},{"type":"Feature","properties":{"id":"official-parking-tokyo-8003","name":"東雲駅自転車駐車場","municipality":"江東区","address":"東京都江東区東雲2-8-11","capacity":80,"source_publisher":"東京都都民安全総合対策本部","source_title":"自転車駐輪場情報","source_url":"https://www.tomin-anzen.metro.tokyo.lg.jp/kotsu/jitensha/seisaku-jyourei/churinjou","source_updated_at":"2026-04-02"},"geometry":{"type":"Point","coordinates":[139.80282,35.6405]}},{"type":"Feature","properties":{"id":"official-parking-tokyo-8004","name":"東雲駅第二自転車駐車場","municipality":"江東区","address":"東京都江東区東雲2-15-15","capacity":168,"source_publisher":"東京都都民安全総合対策本部","source_title":"自転車駐輪場情報","source_url":"https://www.tomin-anzen.metro.tokyo.lg.jp/kotsu/jitensha/seisaku-jyourei/churinjou","source_updated_at":"2026-04-02"},"geometry":{"type":"Point","coordinates":[139.80248,35.64039]}},{"type":"Feature","properties":{"id":"official-parking-tokyo-8016","name":"東京テレポート駅自転車駐車場","municipality":"江東区","address":"東京都江東区青海1-2-1","capacity":200,"source_publisher":"東京都都民安全総合対策本部","source_title":"自転車駐輪場情報","source_url":"https://www.tomin-anzen.metro.tokyo.lg.jp/kotsu/jitensha/seisaku-jyourei/churinjou","source_updated_at":"2026-04-02"},"geometry":{"type":"Point","coordinates":[139.77929,35.62742]}},{"type":"Feature","properties":{"id":"official-parking-tokyo-8048","name":"東大島駅自転車駐車場","municipality":"江東区","address":"東京都江東区大島9-3-14","capacity":764,"source_publisher":"東京都都民安全総合対策本部","source_title":"自転車駐輪場情報","source_url":"https://www.tomin-anzen.metro.tokyo.lg.jp/kotsu/jitensha/seisaku-jyourei/churinjou","source_updated_at":"2026-04-02"},"geometry":{"type":"Point","coordinates":[139.845617,35.690228]}},{"type":"Feature","properties":{"id":"official-parking-tokyo-8047","name":"東大島駅前自転車駐車場","municipality":"江東区","address":"東京都江東区大島9-3先","capacity":603,"source_publisher":"東京都都民安全総合対策本部","source_title":"自転車駐輪場情報","source_url":"https://www.tomin-anzen.metro.tokyo.lg.jp/kotsu/jitensha/seisaku-jyourei/churinjou","source_updated_at":"2026-04-02"},"geometry":{"type":"Point","coordinates":[139.846247,35.689941]}},{"type":"Feature","properties":{"id":"official-parking-tokyo-8049","name":"東大島駅東自転車駐車場","municipality":"江東区","address":"東京都江東区大島9-9","capacity":55,"source_publisher":"東京都都民安全総合対策本部","source_title":"自転車駐輪場情報","source_url":"https://www.tomin-anzen.metro.tokyo.lg.jp/kotsu/jitensha/seisaku-jyourei/churinjou","source_updated_at":"2026-04-02"},"geometry":{"type":"Point","coordinates":[139.846454,35.690065]}},{"type":"Feature","properties":{"id":"official-parking-tokyo-8036","name":"東陽町駅自転車駐車場","municipality":"江東区","address":"東京都江東区東陽4-5-17","capacity":471,"source_publisher":"東京都都民安全総合対策本部","source_title":"自転車駐輪場情報","source_url":"https://www.tomin-anzen.metro.tokyo.lg.jp/kotsu/jitensha/seisaku-jyourei/churinjou","source_updated_at":"2026-04-02"},"geometry":{"type":"Point","coordinates":[139.81864,35.67074]}},{"type":"Feature","properties":{"id":"official-parking-tokyo-8038","name":"東陽町駅第三自転車駐車場","municipality":"江東区","address":"東京都江東区東陽4-11先～東陽7-1先、東陽5-30先～東陽6-3先","capacity":135,"source_publisher":"東京都都民安全総合対策本部","source_title":"自転車駐輪場情報","source_url":"https://www.tomin-anzen.metro.tokyo.lg.jp/kotsu/jitensha/seisaku-jyourei/churinjou","source_updated_at":"2026-04-02"},"geometry":{"type":"Point","coordinates":[139.81599,35.67401]}},{"type":"Feature","properties":{"id":"official-parking-tokyo-8039","name":"東陽町駅第四自転車駐車場","municipality":"江東区","address":"東京都江東区東陽4-2先","capacity":41,"source_publisher":"東京都都民安全総合対策本部","source_title":"自転車駐輪場情報","source_url":"https://www.tomin-anzen.metro.tokyo.lg.jp/kotsu/jitensha/seisaku-jyourei/churinjou","source_updated_at":"2026-04-02"},"geometry":{"type":"Point","coordinates":[139.81695,35.6703]}},{"type":"Feature","properties":{"id":"official-parking-tokyo-8037","name":"東陽町駅第二自転車駐車場","municipality":"江東区","address":"東京都江東区東陽2-5","capacity":568,"source_publisher":"東京都都民安全総合対策本部","source_title":"自転車駐輪場情報","source_url":"https://www.tomin-anzen.metro.tokyo.lg.jp/kotsu/jitensha/seisaku-jyourei/churinjou","source_updated_at":"2026-04-02"},"geometry":{"type":"Point","coordinates":[139.814812,35.668985]}},{"type":"Feature","properties":{"id":"official-parking-tokyo-8008","name":"南砂三丁目公園内自転車駐車場","municipality":"江東区","address":"東京都江東区南砂3-14-21","capacity":59,"source_publisher":"東京都都民安全総合対策本部","source_title":"自転車駐輪場情報","source_url":"https://www.tomin-anzen.metro.tokyo.lg.jp/kotsu/jitensha/seisaku-jyourei/churinjou","source_updated_at":"2026-04-02"},"geometry":{"type":"Point","coordinates":[139.83332,35.66975]}},{"type":"Feature","properties":{"id":"official-parking-tokyo-8010","name":"南砂三丁目公園内第三自転車駐車場","municipality":"江東区","address":"東京都江東区南砂3-14-21","capacity":39,"source_publisher":"東京都都民安全総合対策本部","source_title":"自転車駐輪場情報","source_url":"https://www.tomin-anzen.metro.tokyo.lg.jp/kotsu/jitensha/seisaku-jyourei/churinjou","source_updated_at":"2026-04-02"},"geometry":{"type":"Point","coordinates":[139.83295,35.67081]}},{"type":"Feature","properties":{"id":"official-parking-tokyo-8009","name":"南砂三丁目公園内第二自転車駐車場","municipality":"江東区","address":"東京都江東区南砂3-14-21","capacity":162,"source_publisher":"東京都都民安全総合対策本部","source_title":"自転車駐輪場情報","source_url":"https://www.tomin-anzen.metro.tokyo.lg.jp/kotsu/jitensha/seisaku-jyourei/churinjou","source_updated_at":"2026-04-02"},"geometry":{"type":"Point","coordinates":[139.83407,35.67077]}},{"type":"Feature","properties":{"id":"official-parking-tokyo-8005","name":"南砂町駅自転車駐車場","municipality":"江東区","address":"東京都江東区南砂3-14-21","capacity":642,"source_publisher":"東京都都民安全総合対策本部","source_title":"自転車駐輪場情報","source_url":"https://www.tomin-anzen.metro.tokyo.lg.jp/kotsu/jitensha/seisaku-jyourei/churinjou","source_updated_at":"2026-04-02"},"geometry":{"type":"Point","coordinates":[139.83345,35.66956]}},{"type":"Feature","properties":{"id":"official-parking-tokyo-8007","name":"南砂町駅西口自転車駐車場","municipality":"江東区","address":"東京都江東区南砂3-9先","capacity":520,"source_publisher":"東京都都民安全総合対策本部","source_title":"自転車駐輪場情報","source_url":"https://www.tomin-anzen.metro.tokyo.lg.jp/kotsu/jitensha/seisaku-jyourei/churinjou","source_updated_at":"2026-04-02"},"geometry":{"type":"Point","coordinates":[139.82915,35.6698]}},{"type":"Feature","properties":{"id":"official-parking-tokyo-8006","name":"南砂町駅地下自転車駐車場","municipality":"江東区","address":"東京都江東区南砂3-14","capacity":758,"source_publisher":"東京都都民安全総合対策本部","source_title":"自転車駐輪場情報","source_url":"https://www.tomin-anzen.metro.tokyo.lg.jp/kotsu/jitensha/seisaku-jyourei/churinjou","source_updated_at":"2026-04-02"},"geometry":{"type":"Point","coordinates":[139.83155,35.66892]}},{"type":"Feature","properties":{"id":"official-parking-tokyo-8054","name":"南砂二丁目自転車駐車場","municipality":"江東区","address":"東京都江東区南砂2-4先","capacity":57,"source_publisher":"東京都都民安全総合対策本部","source_title":"自転車駐輪場情報","source_url":"https://www.tomin-anzen.metro.tokyo.lg.jp/kotsu/jitensha/seisaku-jyourei/churinjou","source_updated_at":"2026-04-02"},"geometry":{"type":"Point","coordinates":[139.820086,35.672164]}},{"type":"Feature","properties":{"id":"official-parking-tokyo-8034","name":"豊洲駅地下自転車駐車場","municipality":"江東区","address":"東京都江東区豊洲2-2先","capacity":2000,"source_publisher":"東京都都民安全総合対策本部","source_title":"自転車駐輪場情報","source_url":"https://www.tomin-anzen.metro.tokyo.lg.jp/kotsu/jitensha/seisaku-jyourei/churinjou","source_updated_at":"2026-04-02"},"geometry":{"type":"Point","coordinates":[139.7958,35.65468]}},{"type":"Feature","properties":{"id":"official-parking-tokyo-8035","name":"豊洲三丁目自転車駐車場","municipality":"江東区","address":"東京都江東区豊洲3-3","capacity":1862,"source_publisher":"東京都都民安全総合対策本部","source_title":"自転車駐輪場情報","source_url":"https://www.tomin-anzen.metro.tokyo.lg.jp/kotsu/jitensha/seisaku-jyourei/churinjou","source_updated_at":"2026-04-02"},"geometry":{"type":"Point","coordinates":[139.797764,35.655745]}},{"type":"Feature","properties":{"id":"official-parking-tokyo-8023","name":"木場自転車駐車場","municipality":"江東区","address":"東京都江東区木場2-20-1","capacity":125,"source_publisher":"東京都都民安全総合対策本部","source_title":"自転車駐輪場情報","source_url":"https://www.tomin-anzen.metro.tokyo.lg.jp/kotsu/jitensha/seisaku-jyourei/churinjou","source_updated_at":"2026-04-02"},"geometry":{"type":"Point","coordinates":[139.80476,35.66928]}},{"type":"Feature","properties":{"id":"official-parking-tokyo-8027","name":"木場舟木橋自転車駐車場","municipality":"江東区","address":"東京都江東区木場2-18-21","capacity":580,"source_publisher":"東京都都民安全総合対策本部","source_title":"自転車駐輪場情報","source_url":"https://www.tomin-anzen.metro.tokyo.lg.jp/kotsu/jitensha/seisaku-jyourei/churinjou","source_updated_at":"2026-04-02"},"geometry":{"type":"Point","coordinates":[139.8045,35.66967]}},{"type":"Feature","properties":{"id":"official-parking-tokyo-8024","name":"木場第二自転車駐車場","municipality":"江東区","address":"東京都江東区木場2-21-4","capacity":109,"source_publisher":"東京都都民安全総合対策本部","source_title":"自転車駐輪場情報","source_url":"https://www.tomin-anzen.metro.tokyo.lg.jp/kotsu/jitensha/seisaku-jyourei/churinjou","source_updated_at":"2026-04-02"},"geometry":{"type":"Point","coordinates":[139.80503,35.66909]}},{"type":"Feature","properties":{"id":"official-parking-tokyo-8025","name":"木場沢海橋自転車駐車場","municipality":"江東区","address":"東京都江東区東陽3-1-5","capacity":88,"source_publisher":"東京都都民安全総合対策本部","source_title":"自転車駐輪場情報","source_url":"https://www.tomin-anzen.metro.tokyo.lg.jp/kotsu/jitensha/seisaku-jyourei/churinjou","source_updated_at":"2026-04-02"},"geometry":{"type":"Point","coordinates":[139.80892,35.66863]}},{"type":"Feature","properties":{"id":"official-parking-tokyo-8026","name":"木場平木橋自転車駐車場","municipality":"江東区","address":"東京都江東区木場1-4先","capacity":83,"source_publisher":"東京都都民安全総合対策本部","source_title":"自転車駐輪場情報","source_url":"https://www.tomin-anzen.metro.tokyo.lg.jp/kotsu/jitensha/seisaku-jyourei/churinjou","source_updated_at":"2026-04-02"},"geometry":{"type":"Point","coordinates":[139.80514,35.66855]}},{"type":"Feature","properties":{"id":"official-parking-tokyo-8031","name":"門前仲町駅自転車駐車場","municipality":"江東区","address":"東京都江東区門前仲町2-10-4先","capacity":1162,"source_publisher":"東京都都民安全総合対策本部","source_title":"自転車駐輪場情報","source_url":"https://www.tomin-anzen.metro.tokyo.lg.jp/kotsu/jitensha/seisaku-jyourei/churinjou","source_updated_at":"2026-04-02"},"geometry":{"type":"Point","coordinates":[139.796219,35.673892]}},{"type":"Feature","properties":{"id":"official-parking-tokyo-8032","name":"門前仲町駅第二自転車駐車場","municipality":"江東区","address":"東京都江東区富岡1-18先、冬木1先","capacity":295,"source_publisher":"東京都都民安全総合対策本部","source_title":"自転車駐輪場情報","source_url":"https://www.tomin-anzen.metro.tokyo.lg.jp/kotsu/jitensha/seisaku-jyourei/churinjou","source_updated_at":"2026-04-02"},"geometry":{"type":"Point","coordinates":[139.79935,35.67308]}},{"type":"Feature","properties":{"id":"official-parking-tokyo-8030","name":"門前仲町黒船橋自転車駐車場","municipality":"江東区","address":"東京都江東区門前仲町1-1先","capacity":192,"source_publisher":"東京都都民安全総合対策本部","source_title":"自転車駐輪場情報","source_url":"https://www.tomin-anzen.metro.tokyo.lg.jp/kotsu/jitensha/seisaku-jyourei/churinjou","source_updated_at":"2026-04-02"},"geometry":{"type":"Point","coordinates":[139.79388,35.67182]}},{"type":"Feature","properties":{"id":"official-parking-tokyo-8055","name":"有明テニスの森駅自転車駐車場","municipality":"江東区","address":"東京都江東区有明1-8先、有明1-9先","capacity":80,"source_publisher":"東京都都民安全総合対策本部","source_title":"自転車駐輪場情報","source_url":"https://www.tomin-anzen.metro.tokyo.lg.jp/kotsu/jitensha/seisaku-jyourei/churinjou","source_updated_at":"2026-04-02"},"geometry":{"type":"Point","coordinates":[139.789041,35.6394573]}},{"type":"Feature","properties":{"id":"official-parking-tokyo-8057","name":"有明駅自転車駐車場","municipality":"江東区","address":"東京都江東区有明3-8先","capacity":75,"source_publisher":"東京都都民安全総合対策本部","source_title":"自転車駐輪場情報","source_url":"https://www.tomin-anzen.metro.tokyo.lg.jp/kotsu/jitensha/seisaku-jyourei/churinjou","source_updated_at":"2026-04-02"},"geometry":{"type":"Point","coordinates":[139.793092,35.635131]}},{"type":"Feature","properties":{"id":"official-parking-tokyo-3048","name":"T-LITE地下2階公共的駐輪場","municipality":"港区","address":"東京都港区虎ノ門2-4-7 T-LITE地下2階","capacity":50,"source_publisher":"東京都都民安全総合対策本部","source_title":"自転車駐輪場情報","source_url":"https://www.tomin-anzen.metro.tokyo.lg.jp/kotsu/jitensha/seisaku-jyourei/churinjou","source_updated_at":"2026-04-02"},"geometry":{"type":"Point","coordinates":[139.74741,35.66824]}},{"type":"Feature","properties":{"id":"official-parking-tokyo-3053","name":"TAKANAWA GATEWEY CITY駐輪場","municipality":"港区","address":"東京都港区高輪2-21-1及び2","capacity":508,"source_publisher":"東京都都民安全総合対策本部","source_title":"自転車駐輪場情報","source_url":"https://www.tomin-anzen.metro.tokyo.lg.jp/kotsu/jitensha/seisaku-jyourei/churinjou","source_updated_at":"2026-04-02"},"geometry":{"type":"Point","coordinates":[139.74033,35.63689]}},{"type":"Feature","properties":{"id":"official-parking-tokyo-3042","name":"お台場海浜公園駅暫定自転車等駐車場","municipality":"港区","address":"東京都港区台場2-25先","capacity":246,"source_publisher":"東京都都民安全総合対策本部","source_title":"自転車駐輪場情報","source_url":"https://www.tomin-anzen.metro.tokyo.lg.jp/kotsu/jitensha/seisaku-jyourei/churinjou","source_updated_at":"2026-04-02"},"geometry":{"type":"Point","coordinates":[139.7781,35.6293]}},{"type":"Feature","properties":{"id":"official-parking-tokyo-3005","name":"こうなん星の公園自転車駐車場","municipality":"港区","address":"東京都港区港南1-9-24","capacity":804,"source_publisher":"東京都都民安全総合対策本部","source_title":"自転車駐輪場情報","source_url":"https://www.tomin-anzen.metro.tokyo.lg.jp/kotsu/jitensha/seisaku-jyourei/churinjou","source_updated_at":"2026-04-02"},"geometry":{"type":"Point","coordinates":[139.7426,35.62971]}},{"type":"Feature","properties":{"id":"official-parking-tokyo-3012","name":"一の橋公園自転車駐車場","municipality":"港区","address":"東京都港区東麻布3-9-1","capacity":400,"source_publisher":"東京都都民安全総合対策本部","source_title":"自転車駐輪場情報","source_url":"https://www.tomin-anzen.metro.tokyo.lg.jp/kotsu/jitensha/seisaku-jyourei/churinjou","source_updated_at":"2026-04-02"},"geometry":{"type":"Point","coordinates":[139.73787,35.65603]}},{"type":"Feature","properties":{"id":"official-parking-tokyo-3050","name":"京急品川駅前高輪口駐輪場","municipality":"港区","address":"東京都港区港南4-11-16","capacity":188,"source_publisher":"東京都都民安全総合対策本部","source_title":"自転車駐輪場情報","source_url":"https://www.tomin-anzen.metro.tokyo.lg.jp/kotsu/jitensha/seisaku-jyourei/churinjou","source_updated_at":"2026-04-02"},"geometry":{"type":"Point","coordinates":[139.73706,35.62681]}},{"type":"Feature","properties":{"id":"official-parking-tokyo-3009","name":"広尾駅自転車駐車場","municipality":"港区","address":"東京都港区南麻布5-1-25","capacity":195,"source_publisher":"東京都都民安全総合対策本部","source_title":"自転車駐輪場情報","source_url":"https://www.tomin-anzen.metro.tokyo.lg.jp/kotsu/jitensha/seisaku-jyourei/churinjou","source_updated_at":"2026-04-02"},"geometry":{"type":"Point","coordinates":[139.72181,35.65326]}},{"type":"Feature","properties":{"id":"official-parking-tokyo-3007","name":"桜田公園自転車駐車場","municipality":"港区","address":"東京都港区新橋3-16-15","capacity":408,"source_publisher":"東京都都民安全総合対策本部","source_title":"自転車駐輪場情報","source_url":"https://www.tomin-anzen.metro.tokyo.lg.jp/kotsu/jitensha/seisaku-jyourei/churinjou","source_updated_at":"2026-04-02"},"geometry":{"type":"Point","coordinates":[139.75674,35.66503]}},{"type":"Feature","properties":{"id":"official-parking-tokyo-3006","name":"三河台公園自転車駐車場","municipality":"港区","address":"東京都港区六本木4-2-27","capacity":204,"source_publisher":"東京都都民安全総合対策本部","source_title":"自転車駐輪場情報","source_url":"https://www.tomin-anzen.metro.tokyo.lg.jp/kotsu/jitensha/seisaku-jyourei/churinjou","source_updated_at":"2026-04-02"},"geometry":{"type":"Point","coordinates":[139.73368,35.66428]}},{"type":"Feature","properties":{"id":"official-parking-tokyo-3035","name":"芝浦ふ頭駅前暫定自転車駐車場","municipality":"港区","address":"東京都港区海岸3-22先","capacity":95,"source_publisher":"東京都都民安全総合対策本部","source_title":"自転車駐輪場情報","source_url":"https://www.tomin-anzen.metro.tokyo.lg.jp/kotsu/jitensha/seisaku-jyourei/churinjou","source_updated_at":"2026-04-02"},"geometry":{"type":"Point","coordinates":[139.75752,35.64094]}},{"type":"Feature","properties":{"id":"official-parking-tokyo-3043","name":"芝公園駅第１暫定自転車駐車場","municipality":"港区","address":"東京都港区芝2-7先","capacity":32,"source_publisher":"東京都都民安全総合対策本部","source_title":"自転車駐輪場情報","source_url":"https://www.tomin-anzen.metro.tokyo.lg.jp/kotsu/jitensha/seisaku-jyourei/churinjou","source_updated_at":"2026-04-02"},"geometry":{"type":"Point","coordinates":[139.75011,35.65274]}},{"type":"Feature","properties":{"id":"official-parking-tokyo-3044","name":"芝公園駅第２暫定自転車駐車場","municipality":"港区","address":"東京都港区芝公園4-8先","capacity":35,"source_publisher":"東京都都民安全総合対策本部","source_title":"自転車駐輪場情報","source_url":"https://www.tomin-anzen.metro.tokyo.lg.jp/kotsu/jitensha/seisaku-jyourei/churinjou","source_updated_at":"2026-04-02"},"geometry":{"type":"Point","coordinates":[139.74971,35.65427]}},{"type":"Feature","properties":{"id":"official-parking-tokyo-3046","name":"松ヶ丘暫定自転車置場","municipality":"港区","address":"東京都港区高輪1-4-35","capacity":60,"source_publisher":"東京都都民安全総合対策本部","source_title":"自転車駐輪場情報","source_url":"https://www.tomin-anzen.metro.tokyo.lg.jp/kotsu/jitensha/seisaku-jyourei/churinjou","source_updated_at":"2026-04-02"},"geometry":{"type":"Point","coordinates":[139.73453,35.64215]}},{"type":"Feature","properties":{"id":"official-parking-tokyo-3038","name":"新橋駅第１暫定自転車駐車場","municipality":"港区","address":"東京都港区新橋2-7先","capacity":39,"source_publisher":"東京都都民安全総合対策本部","source_title":"自転車駐輪場情報","source_url":"https://www.tomin-anzen.metro.tokyo.lg.jp/kotsu/jitensha/seisaku-jyourei/churinjou","source_updated_at":"2026-04-02"},"geometry":{"type":"Point","coordinates":[139.75813,35.66741]}},{"type":"Feature","properties":{"id":"official-parking-tokyo-3039","name":"新橋駅第２暫定自転車駐車場","municipality":"港区","address":"東京都港区新橋3-25先","capacity":109,"source_publisher":"東京都都民安全総合対策本部","source_title":"自転車駐輪場情報","source_url":"https://www.tomin-anzen.metro.tokyo.lg.jp/kotsu/jitensha/seisaku-jyourei/churinjou","source_updated_at":"2026-04-02"},"geometry":{"type":"Point","coordinates":[139.75857,35.66471]}},{"type":"Feature","properties":{"id":"official-parking-tokyo-3034","name":"青山一丁目駅前暫定自転車駐車場","municipality":"港区","address":"東京都港区南青山1-1先","capacity":140,"source_publisher":"東京都都民安全総合対策本部","source_title":"自転車駐輪場情報","source_url":"https://www.tomin-anzen.metro.tokyo.lg.jp/kotsu/jitensha/seisaku-jyourei/churinjou","source_updated_at":"2026-04-02"},"geometry":{"type":"Point","coordinates":[139.72452,35.67205]}},{"type":"Feature","properties":{"id":"official-parking-tokyo-3033","name":"赤羽橋駅自転車駐車場","municipality":"港区","address":"東京都港区東麻布1-30先","capacity":58,"source_publisher":"東京都都民安全総合対策本部","source_title":"自転車駐輪場情報","source_url":"https://www.tomin-anzen.metro.tokyo.lg.jp/kotsu/jitensha/seisaku-jyourei/churinjou","source_updated_at":"2026-04-02"},"geometry":{"type":"Point","coordinates":[139.74308,35.65495]}},{"type":"Feature","properties":{"id":"official-parking-tokyo-3040","name":"赤坂見附駅前暫定自転車駐車場","municipality":"港区","address":"東京都港区元赤坂1-2先","capacity":68,"source_publisher":"東京都都民安全総合対策本部","source_title":"自転車駐輪場情報","source_url":"https://www.tomin-anzen.metro.tokyo.lg.jp/kotsu/jitensha/seisaku-jyourei/churinjou","source_updated_at":"2026-04-02"},"geometry":{"type":"Point","coordinates":[139.73631,35.67789]}},{"type":"Feature","properties":{"id":"official-parking-tokyo-3049","name":"田町タワー駐輪場","municipality":"港区","address":"東京都港区芝5-33-11 田町タワー内","capacity":51,"source_publisher":"東京都都民安全総合対策本部","source_title":"自転車駐輪場情報","source_url":"https://www.tomin-anzen.metro.tokyo.lg.jp/kotsu/jitensha/seisaku-jyourei/churinjou","source_updated_at":"2026-04-02"},"geometry":{"type":"Point","coordinates":[139.74874,35.64648]}},{"type":"Feature","properties":{"id":"official-parking-tokyo-3036","name":"田町駅西口第１暫定自転車駐車場","municipality":"港区","address":"東京都港区芝5-35","capacity":126,"source_publisher":"東京都都民安全総合対策本部","source_title":"自転車駐輪場情報","source_url":"https://www.tomin-anzen.metro.tokyo.lg.jp/kotsu/jitensha/seisaku-jyourei/churinjou","source_updated_at":"2026-04-02"},"geometry":{"type":"Point","coordinates":[139.74557,35.6458]}},{"type":"Feature","properties":{"id":"official-parking-tokyo-3037","name":"田町駅西口第２・第３・第６暫定自転車駐車場","municipality":"港区","address":"東京都港区芝5-18-2","capacity":112,"source_publisher":"東京都都民安全総合対策本部","source_title":"自転車駐輪場情報","source_url":"https://www.tomin-anzen.metro.tokyo.lg.jp/kotsu/jitensha/seisaku-jyourei/churinjou","source_updated_at":"2026-04-02"},"geometry":{"type":"Point","coordinates":[139.7484,35.64763]}},{"type":"Feature","properties":{"id":"official-parking-tokyo-3001","name":"田町駅東口自転車等駐車場","municipality":"港区","address":"東京都港区芝浦3-3先","capacity":926,"source_publisher":"東京都都民安全総合対策本部","source_title":"自転車駐輪場情報","source_url":"https://www.tomin-anzen.metro.tokyo.lg.jp/kotsu/jitensha/seisaku-jyourei/churinjou","source_updated_at":"2026-04-02"},"geometry":{"type":"Point","coordinates":[139.74833,35.64417]}},{"type":"Feature","properties":{"id":"official-parking-tokyo-3047","name":"日比谷フォートタワー駐輪場","municipality":"港区","address":"東京都港区西新橋1-1-1 日比谷FORT TOWER内","capacity":105,"source_publisher":"東京都都民安全総合対策本部","source_title":"自転車駐輪場情報","source_url":"https://www.tomin-anzen.metro.tokyo.lg.jp/kotsu/jitensha/seisaku-jyourei/churinjou","source_updated_at":"2026-04-02"},"geometry":{"type":"Point","coordinates":[139.75306,35.66987]}},{"type":"Feature","properties":{"id":"official-parking-tokyo-3045","name":"乃木坂駅暫定自転車置場","municipality":"港区","address":"東京都港区六本木7-1先","capacity":72,"source_publisher":"東京都都民安全総合対策本部","source_title":"自転車駐輪場情報","source_url":"https://www.tomin-anzen.metro.tokyo.lg.jp/kotsu/jitensha/seisaku-jyourei/churinjou","source_updated_at":"2026-04-02"},"geometry":{"type":"Point","coordinates":[139.72486,35.66559]}},{"type":"Feature","properties":{"id":"official-parking-tokyo-3003","name":"白金高輪駅自転車駐車場","municipality":"港区","address":"東京都港区高輪1-3-20先","capacity":215,"source_publisher":"東京都都民安全総合対策本部","source_title":"自転車駐輪場情報","source_url":"https://www.tomin-anzen.metro.tokyo.lg.jp/kotsu/jitensha/seisaku-jyourei/churinjou","source_updated_at":"2026-04-02"},"geometry":{"type":"Point","coordinates":[139.73464,35.64345]}},{"type":"Feature","properties":{"id":"official-parking-tokyo-3011","name":"白金台駅自転車駐車場","municipality":"港区","address":"東京都港区白金台4-6-2","capacity":202,"source_publisher":"東京都都民安全総合対策本部","source_title":"自転車駐輪場情報","source_url":"https://www.tomin-anzen.metro.tokyo.lg.jp/kotsu/jitensha/seisaku-jyourei/churinjou","source_updated_at":"2026-04-02"},"geometry":{"type":"Point","coordinates":[139.72683,35.63883]}},{"type":"Feature","properties":{"id":"official-parking-tokyo-3002","name":"品川駅港南口自転車等駐車場","municipality":"港区","address":"東京都港区港南2-14-6","capacity":693,"source_publisher":"東京都都民安全総合対策本部","source_title":"自転車駐輪場情報","source_url":"https://www.tomin-anzen.metro.tokyo.lg.jp/kotsu/jitensha/seisaku-jyourei/churinjou","source_updated_at":"2026-04-02"},"geometry":{"type":"Point","coordinates":[139.7418,35.62858]}},{"type":"Feature","properties":{"id":"official-parking-tokyo-3041","name":"品川駅高輪口第１暫定自転車等駐車場","municipality":"港区","address":"東京都港区港南2-66-14","capacity":150,"source_publisher":"東京都都民安全総合対策本部","source_title":"自転車駐輪場情報","source_url":"https://www.tomin-anzen.metro.tokyo.lg.jp/kotsu/jitensha/seisaku-jyourei/churinjou","source_updated_at":"2026-04-02"},"geometry":{"type":"Point","coordinates":[139.73812,35.62605]}},{"type":"Feature","properties":{"id":"official-parking-tokyo-3052","name":"浜松町２丁目駐輪場","municipality":"港区","address":"東京都港区浜松町2-3","capacity":100,"source_publisher":"東京都都民安全総合対策本部","source_title":"自転車駐輪場情報","source_url":"https://www.tomin-anzen.metro.tokyo.lg.jp/kotsu/jitensha/seisaku-jyourei/churinjou","source_updated_at":"2026-04-02"},"geometry":{"type":"Point","coordinates":[139.75577,35.65475]}},{"type":"Feature","properties":{"id":"official-parking-tokyo-3004","name":"浜松町駅北口自転車等駐車場","municipality":"港区","address":"東京都港区海岸1-2-34","capacity":290,"source_publisher":"東京都都民安全総合対策本部","source_title":"自転車駐輪場情報","source_url":"https://www.tomin-anzen.metro.tokyo.lg.jp/kotsu/jitensha/seisaku-jyourei/churinjou","source_updated_at":"2026-04-02"},"geometry":{"type":"Point","coordinates":[139.75816,35.6565]}},{"type":"Feature","properties":{"id":"official-parking-tokyo-3008","name":"麻布十番駅自転車等駐車場","municipality":"港区","address":"東京都港区麻布十番1-4-14","capacity":84,"source_publisher":"東京都都民安全総合対策本部","source_title":"自転車駐輪場情報","source_url":"https://www.tomin-anzen.metro.tokyo.lg.jp/kotsu/jitensha/seisaku-jyourei/churinjou","source_updated_at":"2026-04-02"},"geometry":{"type":"Point","coordinates":[139.73433,35.65673]}},{"type":"Feature","properties":{"id":"official-parking-tokyo-3051","name":"麻布台ヒルズガーデンプラザA駐輪場5","municipality":"港区","address":"東京都港区虎ノ門5-8-1 麻布台ヒルズガーデンプラザA内","capacity":302,"source_publisher":"東京都都民安全総合対策本部","source_title":"自転車駐輪場情報","source_url":"https://www.tomin-anzen.metro.tokyo.lg.jp/kotsu/jitensha/seisaku-jyourei/churinjou","source_updated_at":"2026-04-02"},"geometry":{"type":"Point","coordinates":[139.74422,35.66235]}},{"type":"Feature","properties":{"id":"official-parking-tokyo-3010","name":"六本木駅自転車駐車場","municipality":"港区","address":"東京都港区六本木6-5-19","capacity":320,"source_publisher":"東京都都民安全総合対策本部","source_title":"自転車駐輪場情報","source_url":"https://www.tomin-anzen.metro.tokyo.lg.jp/kotsu/jitensha/seisaku-jyourei/churinjou","source_updated_at":"2026-04-02"},"geometry":{"type":"Point","coordinates":[139.73068,35.66175]}},{"type":"Feature","properties":{"id":"official-parking-tokyo-18014","name":"センターまちや自転車駐車場","municipality":"荒川区","address":"東京都荒川区荒川7-50-9","capacity":1287,"source_publisher":"東京都都民安全総合対策本部","source_title":"自転車駐輪場情報","source_url":"https://www.tomin-anzen.metro.tokyo.lg.jp/kotsu/jitensha/seisaku-jyourei/churinjou","source_updated_at":"2026-04-02"},"geometry":{"type":"Point","coordinates":[139.781199,35.742398]}},{"type":"Feature","properties":{"id":"official-parking-tokyo-18003","name":"京成駅前自転車置場","municipality":"荒川区","address":"東京都荒川区荒川7-40","capacity":40,"source_publisher":"東京都都民安全総合対策本部","source_title":"自転車駐輪場情報","source_url":"https://www.tomin-anzen.metro.tokyo.lg.jp/kotsu/jitensha/seisaku-jyourei/churinjou","source_updated_at":"2026-04-02"},"geometry":{"type":"Point","coordinates":[139.781145,35.742054]}},{"type":"Feature","properties":{"id":"official-parking-tokyo-18009","name":"熊野前第１自転車置場","municipality":"荒川区","address":"東京都荒川区東尾久8-7","capacity":150,"source_publisher":"東京都都民安全総合対策本部","source_title":"自転車駐輪場情報","source_url":"https://www.tomin-anzen.metro.tokyo.lg.jp/kotsu/jitensha/seisaku-jyourei/churinjou","source_updated_at":"2026-04-02"},"geometry":{"type":"Point","coordinates":[139.769697,35.749508]}},{"type":"Feature","properties":{"id":"official-parking-tokyo-18010","name":"熊野前第２自転車置場","municipality":"荒川区","address":"東京都荒川区東尾久3-37","capacity":150,"source_publisher":"東京都都民安全総合対策本部","source_title":"自転車駐輪場情報","source_url":"https://www.tomin-anzen.metro.tokyo.lg.jp/kotsu/jitensha/seisaku-jyourei/churinjou","source_updated_at":"2026-04-02"},"geometry":{"type":"Point","coordinates":[139.769914,35.748748]}},{"type":"Feature","properties":{"id":"official-parking-tokyo-18016","name":"三河島駅前自転車駐車場","municipality":"荒川区","address":"東京都荒川区西日暮里1-6-20","capacity":486,"source_publisher":"東京都都民安全総合対策本部","source_title":"自転車駐輪場情報","source_url":"https://www.tomin-anzen.metro.tokyo.lg.jp/kotsu/jitensha/seisaku-jyourei/churinjou","source_updated_at":"2026-04-02"},"geometry":{"type":"Point","coordinates":[139.777976,35.7328647]}},{"type":"Feature","properties":{"id":"official-parking-tokyo-18004","name":"自然公園自転車置場","municipality":"荒川区","address":"東京都荒川区荒川8-32","capacity":70,"source_publisher":"東京都都民安全総合対策本部","source_title":"自転車駐輪場情報","source_url":"https://www.tomin-anzen.metro.tokyo.lg.jp/kotsu/jitensha/seisaku-jyourei/churinjou","source_updated_at":"2026-04-02"},"geometry":{"type":"Point","coordinates":[139.784954,35.743399]}},{"type":"Feature","properties":{"id":"official-parking-tokyo-18005","name":"西日暮里自転車置場","municipality":"荒川区","address":"東京都荒川区西日暮里5-38","capacity":436,"source_publisher":"東京都都民安全総合対策本部","source_title":"自転車駐輪場情報","source_url":"https://www.tomin-anzen.metro.tokyo.lg.jp/kotsu/jitensha/seisaku-jyourei/churinjou","source_updated_at":"2026-04-02"},"geometry":{"type":"Point","coordinates":[139.76661,35.732932]}},{"type":"Feature","properties":{"id":"official-parking-tokyo-18006","name":"西日暮里第２自転車置場","municipality":"荒川区","address":"東京都荒川区西日暮里5-20外","capacity":250,"source_publisher":"東京都都民安全総合対策本部","source_title":"自転車駐輪場情報","source_url":"https://www.tomin-anzen.metro.tokyo.lg.jp/kotsu/jitensha/seisaku-jyourei/churinjou","source_updated_at":"2026-04-02"},"geometry":{"type":"Point","coordinates":[139.767734,35.731434]}},{"type":"Feature","properties":{"id":"official-parking-tokyo-18007","name":"西日暮里第３自転車置場","municipality":"荒川区","address":"東京都荒川区西日暮里5-37外","capacity":1450,"source_publisher":"東京都都民安全総合対策本部","source_title":"自転車駐輪場情報","source_url":"https://www.tomin-anzen.metro.tokyo.lg.jp/kotsu/jitensha/seisaku-jyourei/churinjou","source_updated_at":"2026-04-02"},"geometry":{"type":"Point","coordinates":[139.766677,35.734201]}},{"type":"Feature","properties":{"id":"official-parking-tokyo-18018","name":"西日暮里第四自転車置場","municipality":"荒川区","address":"東京都荒川区西日暮里5-28","capacity":86,"source_publisher":"東京都都民安全総合対策本部","source_title":"自転車駐輪場情報","source_url":"https://www.tomin-anzen.metro.tokyo.lg.jp/kotsu/jitensha/seisaku-jyourei/churinjou","source_updated_at":"2026-04-02"},"geometry":{"type":"Point","coordinates":[139.76924,35.73429]}},{"type":"Feature","properties":{"id":"official-parking-tokyo-18011","name":"赤土小学校前自転車置場","municipality":"荒川区","address":"東京都荒川区東尾久4-7","capacity":50,"source_publisher":"東京都都民安全総合対策本部","source_title":"自転車駐輪場情報","source_url":"https://www.tomin-anzen.metro.tokyo.lg.jp/kotsu/jitensha/seisaku-jyourei/churinjou","source_updated_at":"2026-04-02"},"geometry":{"type":"Point","coordinates":[139.768831,35.742875]}},{"type":"Feature","properties":{"id":"official-parking-tokyo-18008","name":"道灌山通り第１自転車置場","municipality":"荒川区","address":"東京都荒川区西日暮里3-5","capacity":20,"source_publisher":"東京都都民安全総合対策本部","source_title":"自転車駐輪場情報","source_url":"https://www.tomin-anzen.metro.tokyo.lg.jp/kotsu/jitensha/seisaku-jyourei/churinjou","source_updated_at":"2026-04-02"},"geometry":{"type":"Point","coordinates":[139.766047,35.731876]}},{"type":"Feature","properties":{"id":"official-parking-tokyo-18017","name":"南千住一丁目自転車置場","municipality":"荒川区","address":"東京都荒川区南千住1-56-11","capacity":108,"source_publisher":"東京都都民安全総合対策本部","source_title":"自転車駐輪場情報","source_url":"https://www.tomin-anzen.metro.tokyo.lg.jp/kotsu/jitensha/seisaku-jyourei/churinjou","source_updated_at":"2026-04-02"},"geometry":{"type":"Point","coordinates":[139.7926,35.73333]}},{"type":"Feature","properties":{"id":"official-parking-tokyo-18013","name":"南千住駅東口自転車等駐車場","municipality":"荒川区","address":"東京都荒川区南千住4-1-2","capacity":1424,"source_publisher":"東京都都民安全総合対策本部","source_title":"自転車駐輪場情報","source_url":"https://www.tomin-anzen.metro.tokyo.lg.jp/kotsu/jitensha/seisaku-jyourei/churinjou","source_updated_at":"2026-04-02"},"geometry":{"type":"Point","coordinates":[139.7997,35.732797]}},{"type":"Feature","properties":{"id":"official-parking-tokyo-18001","name":"南千住第一自転車置場","municipality":"荒川区","address":"東京都荒川区南千住2-34","capacity":211,"source_publisher":"東京都都民安全総合対策本部","source_title":"自転車駐輪場情報","source_url":"https://www.tomin-anzen.metro.tokyo.lg.jp/kotsu/jitensha/seisaku-jyourei/churinjou","source_updated_at":"2026-04-02"},"geometry":{"type":"Point","coordinates":[139.798225,35.731791]}},{"type":"Feature","properties":{"id":"official-parking-tokyo-18002","name":"南千住第四自転車置場","municipality":"荒川区","address":"東京都荒川区南千住2-33","capacity":100,"source_publisher":"東京都都民安全総合対策本部","source_title":"自転車駐輪場情報","source_url":"https://www.tomin-anzen.metro.tokyo.lg.jp/kotsu/jitensha/seisaku-jyourei/churinjou","source_updated_at":"2026-04-02"},"geometry":{"type":"Point","coordinates":[139.797847,35.731257]}},{"type":"Feature","properties":{"id":"official-parking-tokyo-18012","name":"南千住二丁目自転車置場","municipality":"荒川区","address":"東京都荒川区南千住2-4","capacity":100,"source_publisher":"東京都都民安全総合対策本部","source_title":"自転車駐輪場情報","source_url":"https://www.tomin-anzen.metro.tokyo.lg.jp/kotsu/jitensha/seisaku-jyourei/churinjou","source_updated_at":"2026-04-02"},"geometry":{"type":"Point","coordinates":[139.79311,35.73102]}},{"type":"Feature","properties":{"id":"official-parking-tokyo-18015","name":"日暮里駅前自転車駐車場","municipality":"荒川区","address":"東京都荒川区西日暮里2-24-2","capacity":849,"source_publisher":"東京都都民安全総合対策本部","source_title":"自転車駐輪場情報","source_url":"https://www.tomin-anzen.metro.tokyo.lg.jp/kotsu/jitensha/seisaku-jyourei/churinjou","source_updated_at":"2026-04-02"},"geometry":{"type":"Point","coordinates":[139.771038,35.729361]}},{"type":"Feature","properties":{"id":"official-parking-tokyo-37018","name":"SOCP本町4丁目","municipality":"国分寺市","address":"東京都国分寺市本町4-13-12","capacity":500,"source_publisher":"東京都都民安全総合対策本部","source_title":"自転車駐輪場情報","source_url":"https://www.tomin-anzen.metro.tokyo.lg.jp/kotsu/jitensha/seisaku-jyourei/churinjou","source_updated_at":"2026-04-02"},"geometry":{"type":"Point","coordinates":[139.478817,35.701015]}},{"type":"Feature","properties":{"id":"official-parking-tokyo-37013","name":"アットパーク国立駅北口駐輪場","municipality":"国分寺市","address":"東京都国分寺市光町1-40-2","capacity":3000,"source_publisher":"東京都都民安全総合対策本部","source_title":"自転車駐輪場情報","source_url":"https://www.tomin-anzen.metro.tokyo.lg.jp/kotsu/jitensha/seisaku-jyourei/churinjou","source_updated_at":"2026-04-02"},"geometry":{"type":"Point","coordinates":[139.447537,35.700767]}},{"type":"Feature","properties":{"id":"official-parking-tokyo-37012","name":"アットパーク泉町二丁目自転車等駐車場","municipality":"国分寺市","address":"東京都国分寺市泉町2-9-2","capacity":300,"source_publisher":"東京都都民安全総合対策本部","source_title":"自転車駐輪場情報","source_url":"https://www.tomin-anzen.metro.tokyo.lg.jp/kotsu/jitensha/seisaku-jyourei/churinjou","source_updated_at":"2026-04-02"},"geometry":{"type":"Point","coordinates":[139.4678,35.69942]}},{"type":"Feature","properties":{"id":"official-parking-tokyo-37005","name":"国分寺駅南口自転車駐車場","municipality":"国分寺市","address":"東京都国分寺市南町3-22-17","capacity":1271,"source_publisher":"東京都都民安全総合対策本部","source_title":"自転車駐輪場情報","source_url":"https://www.tomin-anzen.metro.tokyo.lg.jp/kotsu/jitensha/seisaku-jyourei/churinjou","source_updated_at":"2026-04-02"},"geometry":{"type":"Point","coordinates":[139.47875,35.699588]}},{"type":"Feature","properties":{"id":"official-parking-tokyo-37001","name":"国分寺駅北口自転車駐車場","municipality":"国分寺市","address":"東京都国分寺市本町2-1-8","capacity":3055,"source_publisher":"東京都都民安全総合対策本部","source_title":"自転車駐輪場情報","source_url":"https://www.tomin-anzen.metro.tokyo.lg.jp/kotsu/jitensha/seisaku-jyourei/churinjou","source_updated_at":"2026-04-02"},"geometry":{"type":"Point","coordinates":[139.483213,35.70054]}},{"type":"Feature","properties":{"id":"official-parking-tokyo-37020","name":"国分寺駅北口地下自転車駐車場","municipality":"国分寺市","address":"東京都国分寺市本町3-1-10","capacity":3066,"source_publisher":"東京都都民安全総合対策本部","source_title":"自転車駐輪場情報","source_url":"https://www.tomin-anzen.metro.tokyo.lg.jp/kotsu/jitensha/seisaku-jyourei/churinjou","source_updated_at":"2026-04-02"},"geometry":{"type":"Point","coordinates":[139.480367,35.7017595]}},{"type":"Feature","properties":{"id":"official-parking-tokyo-37010","name":"西国分寺駅南口自転車駐車場","municipality":"国分寺市","address":"東京都国分寺市泉町3-35-1-113","capacity":994,"source_publisher":"東京都都民安全総合対策本部","source_title":"自転車駐輪場情報","source_url":"https://www.tomin-anzen.metro.tokyo.lg.jp/kotsu/jitensha/seisaku-jyourei/churinjou","source_updated_at":"2026-04-02"},"geometry":{"type":"Point","coordinates":[139.465977,35.698643]}},{"type":"Feature","properties":{"id":"official-parking-tokyo-37011","name":"西国分寺駅南口第２自転車駐車場","municipality":"国分寺市","address":"東京都国分寺市泉町3-35-31","capacity":108,"source_publisher":"東京都都民安全総合対策本部","source_title":"自転車駐輪場情報","source_url":"https://www.tomin-anzen.metro.tokyo.lg.jp/kotsu/jitensha/seisaku-jyourei/churinjou","source_updated_at":"2026-04-02"},"geometry":{"type":"Point","coordinates":[139.465934,35.699394]}},{"type":"Feature","properties":{"id":"official-parking-tokyo-37008","name":"西国分寺駅北口自転車駐車場","municipality":"国分寺市","address":"東京都国分寺市西恋ヶ窪2-3-3","capacity":2514,"source_publisher":"東京都都民安全総合対策本部","source_title":"自転車駐輪場情報","source_url":"https://www.tomin-anzen.metro.tokyo.lg.jp/kotsu/jitensha/seisaku-jyourei/churinjou","source_updated_at":"2026-04-02"},"geometry":{"type":"Point","coordinates":[139.465792,35.70047]}},{"type":"Feature","properties":{"id":"official-parking-tokyo-37009","name":"西国分寺駅北口第２自転車駐車場","municipality":"国分寺市","address":"東京都国分寺市西恋ヶ窪2-2-17","capacity":85,"source_publisher":"東京都都民安全総合対策本部","source_title":"自転車駐輪場情報","source_url":"https://www.tomin-anzen.metro.tokyo.lg.jp/kotsu/jitensha/seisaku-jyourei/churinjou","source_updated_at":"2026-04-02"},"geometry":{"type":"Point","coordinates":[139.465832,35.700738]}},{"type":"Feature","properties":{"id":"official-parking-tokyo-37015","name":"西武スマイルパーク恋ヶ窪駅第２駐輪場","municipality":"国分寺市","address":"東京都国分寺市戸倉1-1-1","capacity":123,"source_publisher":"東京都都民安全総合対策本部","source_title":"自転車駐輪場情報","source_url":"https://www.tomin-anzen.metro.tokyo.lg.jp/kotsu/jitensha/seisaku-jyourei/churinjou","source_updated_at":"2026-04-02"},"geometry":{"type":"Point","coordinates":[139.463636,35.711513]}},{"type":"Feature","properties":{"id":"official-parking-tokyo-37014","name":"西武スマイルパーク恋ヶ窪駅第３駐輪場","municipality":"国分寺市","address":"東京都国分寺市戸倉1-1-11","capacity":93,"source_publisher":"東京都都民安全総合対策本部","source_title":"自転車駐輪場情報","source_url":"https://www.tomin-anzen.metro.tokyo.lg.jp/kotsu/jitensha/seisaku-jyourei/churinjou","source_updated_at":"2026-04-02"},"geometry":{"type":"Point","coordinates":[139.463161,35.712055]}},{"type":"Feature","properties":{"id":"official-parking-tokyo-37016","name":"西武スマイルパーク恋ヶ窪駅第４駐輪場","municipality":"国分寺市","address":"東京都国分寺市東戸倉2-11-1","capacity":303,"source_publisher":"東京都都民安全総合対策本部","source_title":"自転車駐輪場情報","source_url":"https://www.tomin-anzen.metro.tokyo.lg.jp/kotsu/jitensha/seisaku-jyourei/churinjou","source_updated_at":"2026-04-02"},"geometry":{"type":"Point","coordinates":[139.464381,35.71123]}},{"type":"Feature","properties":{"id":"official-parking-tokyo-37007","name":"殿ヶ谷戸庭園西自転車駐車場","municipality":"国分寺市","address":"東京都国分寺市南町2-16先","capacity":191,"source_publisher":"東京都都民安全総合対策本部","source_title":"自転車駐輪場情報","source_url":"https://www.tomin-anzen.metro.tokyo.lg.jp/kotsu/jitensha/seisaku-jyourei/churinjou","source_updated_at":"2026-04-02"},"geometry":{"type":"Point","coordinates":[139.481411,35.69944]}},{"type":"Feature","properties":{"id":"official-parking-tokyo-38001","name":"国立駅南第１自転車駐車場","municipality":"国立市","address":"東京都国立市中1-1-46","capacity":2605,"source_publisher":"東京都都民安全総合対策本部","source_title":"自転車駐輪場情報","source_url":"https://www.tomin-anzen.metro.tokyo.lg.jp/kotsu/jitensha/seisaku-jyourei/churinjou","source_updated_at":"2026-04-02"},"geometry":{"type":"Point","coordinates":[139.444047,35.698956]}},{"type":"Feature","properties":{"id":"official-parking-tokyo-38002","name":"国立駅南第２Ａ自転車駐車場","municipality":"国立市","address":"東京都国立市中1-16-30","capacity":927,"source_publisher":"東京都都民安全総合対策本部","source_title":"自転車駐輪場情報","source_url":"https://www.tomin-anzen.metro.tokyo.lg.jp/kotsu/jitensha/seisaku-jyourei/churinjou","source_updated_at":"2026-04-02"},"geometry":{"type":"Point","coordinates":[139.446008,35.69739]}},{"type":"Feature","properties":{"id":"official-parking-tokyo-38016","name":"大学通り自転車駐車場","municipality":"国立市","address":"東京都国立市東2-29","capacity":1300,"source_publisher":"東京都都民安全総合対策本部","source_title":"自転車駐輪場情報","source_url":"https://www.tomin-anzen.metro.tokyo.lg.jp/kotsu/jitensha/seisaku-jyourei/churinjou","source_updated_at":"2026-04-02"},"geometry":{"type":"Point","coordinates":[139.446985,35.695826]}},{"type":"Feature","properties":{"id":"official-parking-tokyo-38011","name":"谷保駅南自転車駐車場","municipality":"国立市","address":"東京都国立市谷保5003-8","capacity":190,"source_publisher":"東京都都民安全総合対策本部","source_title":"自転車駐輪場情報","source_url":"https://www.tomin-anzen.metro.tokyo.lg.jp/kotsu/jitensha/seisaku-jyourei/churinjou","source_updated_at":"2026-04-02"},"geometry":{"type":"Point","coordinates":[139.446317,35.68132]}},{"type":"Feature","properties":{"id":"official-parking-tokyo-38005","name":"谷保駅北第１自転車駐車場","municipality":"国立市","address":"東京都国立市富士見台2-17-8","capacity":200,"source_publisher":"東京都都民安全総合対策本部","source_title":"自転車駐輪場情報","source_url":"https://www.tomin-anzen.metro.tokyo.lg.jp/kotsu/jitensha/seisaku-jyourei/churinjou","source_updated_at":"2026-04-02"},"geometry":{"type":"Point","coordinates":[139.445584,35.681936]}},{"type":"Feature","properties":{"id":"official-parking-tokyo-38006","name":"谷保駅北第２自転車駐車場","municipality":"国立市","address":"東京都国立市富士見台2-17-2","capacity":410,"source_publisher":"東京都都民安全総合対策本部","source_title":"自転車駐輪場情報","source_url":"https://www.tomin-anzen.metro.tokyo.lg.jp/kotsu/jitensha/seisaku-jyourei/churinjou","source_updated_at":"2026-04-02"},"geometry":{"type":"Point","coordinates":[139.445842,35.682374]}},{"type":"Feature","properties":{"id":"official-parking-tokyo-38007","name":"谷保駅北第３自転車駐車場","municipality":"国立市","address":"東京都国立市谷保5014-3","capacity":78,"source_publisher":"東京都都民安全総合対策本部","source_title":"自転車駐輪場情報","source_url":"https://www.tomin-anzen.metro.tokyo.lg.jp/kotsu/jitensha/seisaku-jyourei/churinjou","source_updated_at":"2026-04-02"},"geometry":{"type":"Point","coordinates":[139.446215,35.681677]}},{"type":"Feature","properties":{"id":"official-parking-tokyo-38008","name":"谷保駅北第４自転車駐車場","municipality":"国立市","address":"東京都国立市富士見台1-19-5","capacity":180,"source_publisher":"東京都都民安全総合対策本部","source_title":"自転車駐輪場情報","source_url":"https://www.tomin-anzen.metro.tokyo.lg.jp/kotsu/jitensha/seisaku-jyourei/churinjou","source_updated_at":"2026-04-02"},"geometry":{"type":"Point","coordinates":[139.448371,35.680919]}},{"type":"Feature","properties":{"id":"official-parking-tokyo-38009","name":"谷保駅北第５自転車駐車場","municipality":"国立市","address":"東京都国立市谷保4980-2","capacity":108,"source_publisher":"東京都都民安全総合対策本部","source_title":"自転車駐輪場情報","source_url":"https://www.tomin-anzen.metro.tokyo.lg.jp/kotsu/jitensha/seisaku-jyourei/churinjou","source_updated_at":"2026-04-02"},"geometry":{"type":"Point","coordinates":[139.447934,35.681048]}},{"type":"Feature","properties":{"id":"official-parking-tokyo-38010","name":"谷保駅北第６自転車駐車場","municipality":"国立市","address":"東京都国立市富士見台2-16-1","capacity":127,"source_publisher":"東京都都民安全総合対策本部","source_title":"自転車駐輪場情報","source_url":"https://www.tomin-anzen.metro.tokyo.lg.jp/kotsu/jitensha/seisaku-jyourei/churinjou","source_updated_at":"2026-04-02"},"geometry":{"type":"Point","coordinates":[139.446534,35.681928]}},{"type":"Feature","properties":{"id":"official-parking-tokyo-38017","name":"中央線高架下自転車駐車場","municipality":"国立市","address":"東京都国立市北2-37-6","capacity":1707,"source_publisher":"東京都都民安全総合対策本部","source_title":"自転車駐輪場情報","source_url":"https://www.tomin-anzen.metro.tokyo.lg.jp/kotsu/jitensha/seisaku-jyourei/churinjou","source_updated_at":"2026-04-02"},"geometry":{"type":"Point","coordinates":[139.441404,35.6992427]}},{"type":"Feature","properties":{"id":"official-parking-tokyo-38012","name":"矢川駅北第１自転車駐車場","municipality":"国立市","address":"東京都国立市富士見台4-8-1","capacity":350,"source_publisher":"東京都都民安全総合対策本部","source_title":"自転車駐輪場情報","source_url":"https://www.tomin-anzen.metro.tokyo.lg.jp/kotsu/jitensha/seisaku-jyourei/churinjou","source_updated_at":"2026-04-02"},"geometry":{"type":"Point","coordinates":[139.432619,35.686132]}},{"type":"Feature","properties":{"id":"official-parking-tokyo-38013","name":"矢川駅北第２自転車駐車場","municipality":"国立市","address":"東京都国立市富士見台3-35-5","capacity":400,"source_publisher":"東京都都民安全総合対策本部","source_title":"自転車駐輪場情報","source_url":"https://www.tomin-anzen.metro.tokyo.lg.jp/kotsu/jitensha/seisaku-jyourei/churinjou","source_updated_at":"2026-04-02"},"geometry":{"type":"Point","coordinates":[139.433324,35.684969]}},{"type":"Feature","properties":{"id":"official-parking-tokyo-38014","name":"矢川駅北第３Ａ自転車駐車場","municipality":"国立市","address":"東京都国立市富士見台4-11-4","capacity":350,"source_publisher":"東京都都民安全総合対策本部","source_title":"自転車駐輪場情報","source_url":"https://www.tomin-anzen.metro.tokyo.lg.jp/kotsu/jitensha/seisaku-jyourei/churinjou","source_updated_at":"2026-04-02"},"geometry":{"type":"Point","coordinates":[139.431004,35.685263]}},{"type":"Feature","properties":{"id":"official-parking-tokyo-38015","name":"矢川駅北第３Ｂ自転車駐車場","municipality":"国立市","address":"東京都国立市富士見台4-11-4","capacity":92,"source_publisher":"東京都都民安全総合対策本部","source_title":"自転車駐輪場情報","source_url":"https://www.tomin-anzen.metro.tokyo.lg.jp/kotsu/jitensha/seisaku-jyourei/churinjou","source_updated_at":"2026-04-02"},"geometry":{"type":"Point","coordinates":[139.430948,35.685427]}},{"type":"Feature","properties":{"id":"official-parking-tokyo-40007","name":"オダクル喜多見第2","municipality":"狛江市","address":"東京都狛江市岩戸北1-24","capacity":783,"source_publisher":"東京都都民安全総合対策本部","source_title":"自転車駐輪場情報","source_url":"https://www.tomin-anzen.metro.tokyo.lg.jp/kotsu/jitensha/seisaku-jyourei/churinjou","source_updated_at":"2026-04-02"},"geometry":{"type":"Point","coordinates":[139.585049,35.635988]}},{"type":"Feature","properties":{"id":"official-parking-tokyo-40006","name":"オダクル喜多見店舗","municipality":"狛江市","address":"東京都狛江市岩戸北2-20","capacity":290,"source_publisher":"東京都都民安全総合対策本部","source_title":"自転車駐輪場情報","source_url":"https://www.tomin-anzen.metro.tokyo.lg.jp/kotsu/jitensha/seisaku-jyourei/churinjou","source_updated_at":"2026-04-02"},"geometry":{"type":"Point","coordinates":[139.585226,35.636389]}},{"type":"Feature","properties":{"id":"official-parking-tokyo-40001","name":"オダクル狛江第1","municipality":"狛江市","address":"東京都狛江市和泉本町1-2","capacity":791,"source_publisher":"東京都都民安全総合対策本部","source_title":"自転車駐輪場情報","source_url":"https://www.tomin-anzen.metro.tokyo.lg.jp/kotsu/jitensha/seisaku-jyourei/churinjou","source_updated_at":"2026-04-02"},"geometry":{"type":"Point","coordinates":[139.579177,35.633645]}},{"type":"Feature","properties":{"id":"official-parking-tokyo-40002","name":"オダクル狛江第2","municipality":"狛江市","address":"東京都狛江市元和泉1-11","capacity":1595,"source_publisher":"東京都都民安全総合対策本部","source_title":"自転車駐輪場情報","source_url":"https://www.tomin-anzen.metro.tokyo.lg.jp/kotsu/jitensha/seisaku-jyourei/churinjou","source_updated_at":"2026-04-02"},"geometry":{"type":"Point","coordinates":[139.576364,35.631277]}},{"type":"Feature","properties":{"id":"official-parking-tokyo-40010","name":"オダクル和泉多摩川第1","municipality":"狛江市","address":"東京都狛江市東和泉4-1","capacity":510,"source_publisher":"東京都都民安全総合対策本部","source_title":"自転車駐輪場情報","source_url":"https://www.tomin-anzen.metro.tokyo.lg.jp/kotsu/jitensha/seisaku-jyourei/churinjou","source_updated_at":"2026-04-02"},"geometry":{"type":"Point","coordinates":[139.574392,35.628511]}},{"type":"Feature","properties":{"id":"official-parking-tokyo-40011","name":"オダクル和泉多摩川第2","municipality":"狛江市","address":"東京都狛江市東和泉4-6","capacity":207,"source_publisher":"東京都都民安全総合対策本部","source_title":"自転車駐輪場情報","source_url":"https://www.tomin-anzen.metro.tokyo.lg.jp/kotsu/jitensha/seisaku-jyourei/churinjou","source_updated_at":"2026-04-02"},"geometry":{"type":"Point","coordinates":[139.573145,35.626708]}},{"type":"Feature","properties":{"id":"official-parking-tokyo-40014","name":"オダクル和泉多摩川東口","municipality":"狛江市","address":"東京都狛江市東和泉4-2","capacity":23,"source_publisher":"東京都都民安全総合対策本部","source_title":"自転車駐輪場情報","source_url":"https://www.tomin-anzen.metro.tokyo.lg.jp/kotsu/jitensha/seisaku-jyourei/churinjou","source_updated_at":"2026-04-02"},"geometry":{"type":"Point","coordinates":[139.5738,35.62748]}},{"type":"Feature","properties":{"id":"official-parking-tokyo-40005","name":"狛江駅南口第１自転車等駐車場","municipality":"狛江市","address":"東京都狛江市東和泉1-17","capacity":95,"source_publisher":"東京都都民安全総合対策本部","source_title":"自転車駐輪場情報","source_url":"https://www.tomin-anzen.metro.tokyo.lg.jp/kotsu/jitensha/seisaku-jyourei/churinjou","source_updated_at":"2026-04-02"},"geometry":{"type":"Point","coordinates":[139.577804,35.632345]}},{"type":"Feature","properties":{"id":"official-parking-tokyo-40015","name":"狛江駅南口第2自転車駐車場","municipality":"狛江市","address":"東京都狛江市東和泉1-20","capacity":34,"source_publisher":"東京都都民安全総合対策本部","source_title":"自転車駐輪場情報","source_url":"https://www.tomin-anzen.metro.tokyo.lg.jp/kotsu/jitensha/seisaku-jyourei/churinjou","source_updated_at":"2026-04-02"},"geometry":{"type":"Point","coordinates":[139.5774,35.63168]}},{"type":"Feature","properties":{"id":"official-parking-tokyo-40004","name":"狛江駅北口自転車駐車場","municipality":"狛江市","address":"東京都狛江市元和泉1-3","capacity":177,"source_publisher":"東京都都民安全総合対策本部","source_title":"自転車駐輪場情報","source_url":"https://www.tomin-anzen.metro.tokyo.lg.jp/kotsu/jitensha/seisaku-jyourei/churinjou","source_updated_at":"2026-04-02"},"geometry":{"type":"Point","coordinates":[139.577115,35.633074]}},{"type":"Feature","properties":{"id":"official-parking-tokyo-40012","name":"中和泉一丁目自転車置場","municipality":"狛江市","address":"東京都狛江市中和泉1-25","capacity":200,"source_publisher":"東京都都民安全総合対策本部","source_title":"自転車駐輪場情報","source_url":"https://www.tomin-anzen.metro.tokyo.lg.jp/kotsu/jitensha/seisaku-jyourei/churinjou","source_updated_at":"2026-04-02"},"geometry":{"type":"Point","coordinates":[139.573671,35.634477]}},{"type":"Feature","properties":{"id":"official-parking-tokyo-40008","name":"東都サイクルパーク喜多見第１","municipality":"狛江市","address":"東京都狛江市岩戸北4-6","capacity":65,"source_publisher":"東京都都民安全総合対策本部","source_title":"自転車駐輪場情報","source_url":"https://www.tomin-anzen.metro.tokyo.lg.jp/kotsu/jitensha/seisaku-jyourei/churinjou","source_updated_at":"2026-04-02"},"geometry":{"type":"Point","coordinates":[139.58639,35.636193]}},{"type":"Feature","properties":{"id":"official-parking-tokyo-40016","name":"東都サイクルパーク狛江駅前","municipality":"狛江市","address":"東京都狛江市東和泉1-14","capacity":134,"source_publisher":"東京都都民安全総合対策本部","source_title":"自転車駐輪場情報","source_url":"https://www.tomin-anzen.metro.tokyo.lg.jp/kotsu/jitensha/seisaku-jyourei/churinjou","source_updated_at":"2026-04-02"},"geometry":{"type":"Point","coordinates":[139.57829,35.6327584]}},{"type":"Feature","properties":{"id":"official-parking-tokyo-40017","name":"東都サイクルパーク和泉多摩川","municipality":"狛江市","address":"東京都狛江市東和泉3-1","capacity":85,"source_publisher":"東京都都民安全総合対策本部","source_title":"自転車駐輪場情報","source_url":"https://www.tomin-anzen.metro.tokyo.lg.jp/kotsu/jitensha/seisaku-jyourei/churinjou","source_updated_at":"2026-04-02"},"geometry":{"type":"Point","coordinates":[139.57474,35.6283]}},{"type":"Feature","properties":{"id":"official-parking-tokyo-40009","name":"宝島駐輪場","municipality":"狛江市","address":"東京都狛江市岩戸北4-2","capacity":200,"source_publisher":"東京都都民安全総合対策本部","source_title":"自転車駐輪場情報","source_url":"https://www.tomin-anzen.metro.tokyo.lg.jp/kotsu/jitensha/seisaku-jyourei/churinjou","source_updated_at":"2026-04-02"},"geometry":{"type":"Point","coordinates":[139.587379,35.634924]}},{"type":"Feature","properties":{"id":"official-parking-tokyo-40013","name":"和泉多摩川自転車置場（高架下）","municipality":"狛江市","address":"東京都狛江市東和泉4-8","capacity":400,"source_publisher":"東京都都民安全総合対策本部","source_title":"自転車駐輪場情報","source_url":"https://www.tomin-anzen.metro.tokyo.lg.jp/kotsu/jitensha/seisaku-jyourei/churinjou","source_updated_at":"2026-04-02"},"geometry":{"type":"Point","coordinates":[139.571396,35.626845]}},{"type":"Feature","properties":{"id":"official-parking-tokyo-27001","name":"さくら通り第１駐輪場","municipality":"三鷹市","address":"東京都三鷹市下連雀3-21-32","capacity":336,"source_publisher":"東京都都民安全総合対策本部","source_title":"自転車駐輪場情報","source_url":"https://www.tomin-anzen.metro.tokyo.lg.jp/kotsu/jitensha/seisaku-jyourei/churinjou","source_updated_at":"2026-04-02"},"geometry":{"type":"Point","coordinates":[139.561601,35.700423]}},{"type":"Feature","properties":{"id":"official-parking-tokyo-27002","name":"さくら通り第２駐輪場","municipality":"三鷹市","address":"東京都三鷹市下連雀3-21-30","capacity":415,"source_publisher":"東京都都民安全総合対策本部","source_title":"自転車駐輪場情報","source_url":"https://www.tomin-anzen.metro.tokyo.lg.jp/kotsu/jitensha/seisaku-jyourei/churinjou","source_updated_at":"2026-04-02"},"geometry":{"type":"Point","coordinates":[139.561622,35.699813]}},{"type":"Feature","properties":{"id":"official-parking-tokyo-27003","name":"しろがね通り第１駐輪場","municipality":"三鷹市","address":"東京都三鷹市下連雀3-30-2","capacity":291,"source_publisher":"東京都都民安全総合対策本部","source_title":"自転車駐輪場情報","source_url":"https://www.tomin-anzen.metro.tokyo.lg.jp/kotsu/jitensha/seisaku-jyourei/churinjou","source_updated_at":"2026-04-02"},"geometry":{"type":"Point","coordinates":[139.561634,35.698]}},{"type":"Feature","properties":{"id":"official-parking-tokyo-27027","name":"しろがね通り第２駐輪場","municipality":"三鷹市","address":"東京都三鷹市下連雀3-28-9","capacity":347,"source_publisher":"東京都都民安全総合対策本部","source_title":"自転車駐輪場情報","source_url":"https://www.tomin-anzen.metro.tokyo.lg.jp/kotsu/jitensha/seisaku-jyourei/churinjou","source_updated_at":"2026-04-02"},"geometry":{"type":"Point","coordinates":[139.561515,35.699556]}},{"type":"Feature","properties":{"id":"official-parking-tokyo-27004","name":"すずかけ駐輪場","municipality":"三鷹市","address":"東京都三鷹市下連雀3-16-7","capacity":1559,"source_publisher":"東京都都民安全総合対策本部","source_title":"自転車駐輪場情報","source_url":"https://www.tomin-anzen.metro.tokyo.lg.jp/kotsu/jitensha/seisaku-jyourei/churinjou","source_updated_at":"2026-04-02"},"geometry":{"type":"Point","coordinates":[139.562767,35.700046]}},{"type":"Feature","properties":{"id":"official-parking-tokyo-27005","name":"つつじケ丘駐輪場","municipality":"三鷹市","address":"東京都三鷹市中原1-13-9","capacity":470,"source_publisher":"東京都都民安全総合対策本部","source_title":"自転車駐輪場情報","source_url":"https://www.tomin-anzen.metro.tokyo.lg.jp/kotsu/jitensha/seisaku-jyourei/churinjou","source_updated_at":"2026-04-02"},"geometry":{"type":"Point","coordinates":[139.575336,35.661936]}},{"type":"Feature","properties":{"id":"official-parking-tokyo-27007","name":"井の頭第１駐輪場","municipality":"三鷹市","address":"東京都三鷹市井の頭3-3-12","capacity":159,"source_publisher":"東京都都民安全総合対策本部","source_title":"自転車駐輪場情報","source_url":"https://www.tomin-anzen.metro.tokyo.lg.jp/kotsu/jitensha/seisaku-jyourei/churinjou","source_updated_at":"2026-04-02"},"geometry":{"type":"Point","coordinates":[139.583659,35.696323]}},{"type":"Feature","properties":{"id":"official-parking-tokyo-27009","name":"下連雀四丁目駐輪場","municipality":"三鷹市","address":"東京都三鷹市下連雀4-12-37","capacity":530,"source_publisher":"東京都都民安全総合対策本部","source_title":"自転車駐輪場情報","source_url":"https://www.tomin-anzen.metro.tokyo.lg.jp/kotsu/jitensha/seisaku-jyourei/churinjou","source_updated_at":"2026-04-02"},"geometry":{"type":"Point","coordinates":[139.561853,35.69631]}},{"type":"Feature","properties":{"id":"official-parking-tokyo-27011","name":"三鷹駅南口西駐輪場","municipality":"三鷹市","address":"東京都三鷹市下連雀3-44-17エルヴェ三鷹地下1階","capacity":795,"source_publisher":"東京都都民安全総合対策本部","source_title":"自転車駐輪場情報","source_url":"https://www.tomin-anzen.metro.tokyo.lg.jp/kotsu/jitensha/seisaku-jyourei/churinjou","source_updated_at":"2026-04-02"},"geometry":{"type":"Point","coordinates":[139.559613,35.702084]}},{"type":"Feature","properties":{"id":"official-parking-tokyo-27010","name":"三鷹駅南口中央駐輪場","municipality":"三鷹市","address":"東京都三鷹市下連雀3-25-11","capacity":129,"source_publisher":"東京都都民安全総合対策本部","source_title":"自転車駐輪場情報","source_url":"https://www.tomin-anzen.metro.tokyo.lg.jp/kotsu/jitensha/seisaku-jyourei/churinjou","source_updated_at":"2026-04-02"},"geometry":{"type":"Point","coordinates":[139.56149,35.70191]}},{"type":"Feature","properties":{"id":"official-parking-tokyo-27030","name":"三鷹駅南口駐輪場","municipality":"三鷹市","address":"東京都三鷹市下連雀3-36-1","capacity":277,"source_publisher":"東京都都民安全総合対策本部","source_title":"自転車駐輪場情報","source_url":"https://www.tomin-anzen.metro.tokyo.lg.jp/kotsu/jitensha/seisaku-jyourei/churinjou","source_updated_at":"2026-04-02"},"geometry":{"type":"Point","coordinates":[139.56042,35.7013154]}},{"type":"Feature","properties":{"id":"official-parking-tokyo-27012","name":"三鷹駅南口東駐輪場","municipality":"三鷹市","address":"東京都三鷹市下連雀3-15-3","capacity":633,"source_publisher":"東京都都民安全総合対策本部","source_title":"自転車駐輪場情報","source_url":"https://www.tomin-anzen.metro.tokyo.lg.jp/kotsu/jitensha/seisaku-jyourei/churinjou","source_updated_at":"2026-04-02"},"geometry":{"type":"Point","coordinates":[139.562781,35.701573]}},{"type":"Feature","properties":{"id":"official-parking-tokyo-27013","name":"三鷹産業プラザ駐輪場","municipality":"三鷹市","address":"東京都三鷹市下連雀3-38-4","capacity":62,"source_publisher":"東京都都民安全総合対策本部","source_title":"自転車駐輪場情報","source_url":"https://www.tomin-anzen.metro.tokyo.lg.jp/kotsu/jitensha/seisaku-jyourei/churinjou","source_updated_at":"2026-04-02"},"geometry":{"type":"Point","coordinates":[139.560335,35.698377]}},{"type":"Feature","properties":{"id":"official-parking-tokyo-27029","name":"三鷹台第１駐輪場","municipality":"三鷹市","address":"東京都三鷹市井の頭2-1-19","capacity":683,"source_publisher":"東京都都民安全総合対策本部","source_title":"自転車駐輪場情報","source_url":"https://www.tomin-anzen.metro.tokyo.lg.jp/kotsu/jitensha/seisaku-jyourei/churinjou","source_updated_at":"2026-04-02"},"geometry":{"type":"Point","coordinates":[139.58847,35.692623]}},{"type":"Feature","properties":{"id":"official-parking-tokyo-27014","name":"三鷹台第３駐輪場","municipality":"三鷹市","address":"東京都三鷹市井の頭1-30-17","capacity":140,"source_publisher":"東京都都民安全総合対策本部","source_title":"自転車駐輪場情報","source_url":"https://www.tomin-anzen.metro.tokyo.lg.jp/kotsu/jitensha/seisaku-jyourei/churinjou","source_updated_at":"2026-04-02"},"geometry":{"type":"Point","coordinates":[139.587986,35.691276]}},{"type":"Feature","properties":{"id":"official-parking-tokyo-27015","name":"三鷹台第４駐輪場","municipality":"三鷹市","address":"東京都三鷹市井の頭1-29-15","capacity":287,"source_publisher":"東京都都民安全総合対策本部","source_title":"自転車駐輪場情報","source_url":"https://www.tomin-anzen.metro.tokyo.lg.jp/kotsu/jitensha/seisaku-jyourei/churinjou","source_updated_at":"2026-04-02"},"geometry":{"type":"Point","coordinates":[139.587146,35.690646]}},{"type":"Feature","properties":{"id":"official-parking-tokyo-27016","name":"上連雀二丁目駐輪場","municipality":"三鷹市","address":"東京都三鷹市上連雀2-7-25","capacity":430,"source_publisher":"東京都都民安全総合対策本部","source_title":"自転車駐輪場情報","source_url":"https://www.tomin-anzen.metro.tokyo.lg.jp/kotsu/jitensha/seisaku-jyourei/churinjou","source_updated_at":"2026-04-02"},"geometry":{"type":"Point","coordinates":[139.558066,35.700081]}},{"type":"Feature","properties":{"id":"official-parking-tokyo-27017","name":"新川天神社前駐輪場","municipality":"三鷹市","address":"東京都三鷹市新川2-1先","capacity":50,"source_publisher":"東京都都民安全総合対策本部","source_title":"自転車駐輪場情報","source_url":"https://www.tomin-anzen.metro.tokyo.lg.jp/kotsu/jitensha/seisaku-jyourei/churinjou","source_updated_at":"2026-04-02"},"geometry":{"type":"Point","coordinates":[139.577694,35.681679]}},{"type":"Feature","properties":{"id":"official-parking-tokyo-27018","name":"赤鳥居通り駐輪場","municipality":"三鷹市","address":"東京都三鷹市下連雀3-37-2","capacity":157,"source_publisher":"東京都都民安全総合対策本部","source_title":"自転車駐輪場情報","source_url":"https://www.tomin-anzen.metro.tokyo.lg.jp/kotsu/jitensha/seisaku-jyourei/churinjou","source_updated_at":"2026-04-02"},"geometry":{"type":"Point","coordinates":[139.560297,35.70098]}},{"type":"Feature","properties":{"id":"official-parking-tokyo-27019","name":"禅林寺通り第１駐輪場","municipality":"三鷹市","address":"東京都三鷹市下連雀3-43-7","capacity":137,"source_publisher":"東京都都民安全総合対策本部","source_title":"自転車駐輪場情報","source_url":"https://www.tomin-anzen.metro.tokyo.lg.jp/kotsu/jitensha/seisaku-jyourei/churinjou","source_updated_at":"2026-04-02"},"geometry":{"type":"Point","coordinates":[139.559691,35.700675]}},{"type":"Feature","properties":{"id":"official-parking-tokyo-27020","name":"禅林寺通り第２駐輪場","municipality":"三鷹市","address":"東京都三鷹市下連雀3-37-26","capacity":286,"source_publisher":"東京都都民安全総合対策本部","source_title":"自転車駐輪場情報","source_url":"https://www.tomin-anzen.metro.tokyo.lg.jp/kotsu/jitensha/seisaku-jyourei/churinjou","source_updated_at":"2026-04-02"},"geometry":{"type":"Point","coordinates":[139.559777,35.699983]}},{"type":"Feature","properties":{"id":"official-parking-tokyo-27021","name":"禅林寺通り第３駐輪場","municipality":"三鷹市","address":"東京都三鷹市下連雀3-41-4","capacity":290,"source_publisher":"東京都都民安全総合対策本部","source_title":"自転車駐輪場情報","source_url":"https://www.tomin-anzen.metro.tokyo.lg.jp/kotsu/jitensha/seisaku-jyourei/churinjou","source_updated_at":"2026-04-02"},"geometry":{"type":"Point","coordinates":[139.55975,35.698545]}},{"type":"Feature","properties":{"id":"official-parking-tokyo-27031","name":"禅林寺通り第４駐輪場","municipality":"三鷹市","address":"東京都三鷹市下連雀3-38-16","capacity":88,"source_publisher":"東京都都民安全総合対策本部","source_title":"自転車駐輪場情報","source_url":"https://www.tomin-anzen.metro.tokyo.lg.jp/kotsu/jitensha/seisaku-jyourei/churinjou","source_updated_at":"2026-04-02"},"geometry":{"type":"Point","coordinates":[139.56001,35.69903]}},{"type":"Feature","properties":{"id":"official-parking-tokyo-27022","name":"中原高架下駐輪場","municipality":"三鷹市","address":"東京都三鷹市中原2-12先","capacity":100,"source_publisher":"東京都都民安全総合対策本部","source_title":"自転車駐輪場情報","source_url":"https://www.tomin-anzen.metro.tokyo.lg.jp/kotsu/jitensha/seisaku-jyourei/churinjou","source_updated_at":"2026-04-02"},"geometry":{"type":"Point","coordinates":[139.57057,35.67133]}},{"type":"Feature","properties":{"id":"official-parking-tokyo-27023","name":"天文台下駐輪場","municipality":"三鷹市","address":"東京都三鷹市大沢2-21-3","capacity":52,"source_publisher":"東京都都民安全総合対策本部","source_title":"自転車駐輪場情報","source_url":"https://www.tomin-anzen.metro.tokyo.lg.jp/kotsu/jitensha/seisaku-jyourei/churinjou","source_updated_at":"2026-04-02"},"geometry":{"type":"Point","coordinates":[139.53844,35.67174]}},{"type":"Feature","properties":{"id":"official-parking-tokyo-27024","name":"電車庫通り駐輪場","municipality":"三鷹市","address":"東京都三鷹市上連雀3-1-6","capacity":300,"source_publisher":"東京都都民安全総合対策本部","source_title":"自転車駐輪場情報","source_url":"https://www.tomin-anzen.metro.tokyo.lg.jp/kotsu/jitensha/seisaku-jyourei/churinjou","source_updated_at":"2026-04-02"},"geometry":{"type":"Point","coordinates":[139.554273,35.701607]}},{"type":"Feature","properties":{"id":"official-parking-tokyo-27025","name":"牟礼駐在所前駐輪場","municipality":"三鷹市","address":"東京都三鷹市牟礼2-14先","capacity":50,"source_publisher":"東京都都民安全総合対策本部","source_title":"自転車駐輪場情報","source_url":"https://www.tomin-anzen.metro.tokyo.lg.jp/kotsu/jitensha/seisaku-jyourei/churinjou","source_updated_at":"2026-04-02"},"geometry":{"type":"Point","coordinates":[139.580891,35.687819]}},{"type":"Feature","properties":{"id":"official-parking-tokyo-13004","name":"ＮＨＫ西門前自転車等駐車場","municipality":"渋谷区","address":"東京都渋谷区神山町6","capacity":238,"source_publisher":"東京都都民安全総合対策本部","source_title":"自転車駐輪場情報","source_url":"https://www.tomin-anzen.metro.tokyo.lg.jp/kotsu/jitensha/seisaku-jyourei/churinjou","source_updated_at":"2026-04-02"},"geometry":{"type":"Point","coordinates":[139.69448,35.664832]}},{"type":"Feature","properties":{"id":"official-parking-tokyo-13048","name":"あおい通り自転車等駐車場","municipality":"渋谷区","address":"東京都渋谷区代々木2-9～11","capacity":51,"source_publisher":"東京都都民安全総合対策本部","source_title":"自転車駐輪場情報","source_url":"https://www.tomin-anzen.metro.tokyo.lg.jp/kotsu/jitensha/seisaku-jyourei/churinjou","source_updated_at":"2026-04-02"},"geometry":{"type":"Point","coordinates":[139.698704,35.688058]}},{"type":"Feature","properties":{"id":"official-parking-tokyo-13019","name":"サイカパーク恵比寿","municipality":"渋谷区","address":"東京都渋谷区恵比寿4-2-6","capacity":748,"source_publisher":"東京都都民安全総合対策本部","source_title":"自転車駐輪場情報","source_url":"https://www.tomin-anzen.metro.tokyo.lg.jp/kotsu/jitensha/seisaku-jyourei/churinjou","source_updated_at":"2026-04-02"},"geometry":{"type":"Point","coordinates":[139.710879,35.646591]}},{"type":"Feature","properties":{"id":"official-parking-tokyo-13017","name":"サイカパーク笹塚","municipality":"渋谷区","address":"東京都渋谷区笹塚1-46-1","capacity":942,"source_publisher":"東京都都民安全総合対策本部","source_title":"自転車駐輪場情報","source_url":"https://www.tomin-anzen.metro.tokyo.lg.jp/kotsu/jitensha/seisaku-jyourei/churinjou","source_updated_at":"2026-04-02"},"geometry":{"type":"Point","coordinates":[139.666582,35.673483]}},{"type":"Feature","properties":{"id":"official-parking-tokyo-13018","name":"サイカパーク初台","municipality":"渋谷区","address":"東京都渋谷区本町1-1-11","capacity":376,"source_publisher":"東京都都民安全総合対策本部","source_title":"自転車駐輪場情報","source_url":"https://www.tomin-anzen.metro.tokyo.lg.jp/kotsu/jitensha/seisaku-jyourei/churinjou","source_updated_at":"2026-04-02"},"geometry":{"type":"Point","coordinates":[139.685304,35.682085]}},{"type":"Feature","properties":{"id":"official-parking-tokyo-13053","name":"宇田川自転車駐車場","municipality":"渋谷区","address":"東京都渋谷区宇田川町11-9","capacity":85,"source_publisher":"東京都都民安全総合対策本部","source_title":"自転車駐輪場情報","source_url":"https://www.tomin-anzen.metro.tokyo.lg.jp/kotsu/jitensha/seisaku-jyourei/churinjou","source_updated_at":"2026-04-02"},"geometry":{"type":"Point","coordinates":[139.6972,35.66232]}},{"type":"Feature","properties":{"id":"official-parking-tokyo-13038","name":"金王坂上自転車駐車場","municipality":"渋谷区","address":"東京都渋谷区渋谷2-16","capacity":27,"source_publisher":"東京都都民安全総合対策本部","source_title":"自転車駐輪場情報","source_url":"https://www.tomin-anzen.metro.tokyo.lg.jp/kotsu/jitensha/seisaku-jyourei/churinjou","source_updated_at":"2026-04-02"},"geometry":{"type":"Point","coordinates":[139.70549,35.65982]}},{"type":"Feature","properties":{"id":"official-parking-tokyo-13039","name":"金王坂中央第一自転車駐車場","municipality":"渋谷区","address":"東京都渋谷区渋谷2-15","capacity":31,"source_publisher":"東京都都民安全総合対策本部","source_title":"自転車駐輪場情報","source_url":"https://www.tomin-anzen.metro.tokyo.lg.jp/kotsu/jitensha/seisaku-jyourei/churinjou","source_updated_at":"2026-04-02"},"geometry":{"type":"Point","coordinates":[139.704804,35.658674]}},{"type":"Feature","properties":{"id":"official-parking-tokyo-13040","name":"金王坂中央第二自転車駐車場","municipality":"渋谷区","address":"東京都渋谷区渋谷2-17","capacity":26,"source_publisher":"東京都都民安全総合対策本部","source_title":"自転車駐輪場情報","source_url":"https://www.tomin-anzen.metro.tokyo.lg.jp/kotsu/jitensha/seisaku-jyourei/churinjou","source_updated_at":"2026-04-02"},"geometry":{"type":"Point","coordinates":[139.704659,35.658896]}},{"type":"Feature","properties":{"id":"official-parking-tokyo-13001","name":"恵比寿駅西口第一自転車駐車場","municipality":"渋谷区","address":"東京都渋谷区恵比寿西1-2","capacity":207,"source_publisher":"東京都都民安全総合対策本部","source_title":"自転車駐輪場情報","source_url":"https://www.tomin-anzen.metro.tokyo.lg.jp/kotsu/jitensha/seisaku-jyourei/churinjou","source_updated_at":"2026-04-02"},"geometry":{"type":"Point","coordinates":[139.709069,35.64823]}},{"type":"Feature","properties":{"id":"official-parking-tokyo-13002","name":"恵比寿駅西口第二自転車等駐車場","municipality":"渋谷区","address":"東京都渋谷区恵比寿南1-6","capacity":97,"source_publisher":"東京都都民安全総合対策本部","source_title":"自転車駐輪場情報","source_url":"https://www.tomin-anzen.metro.tokyo.lg.jp/kotsu/jitensha/seisaku-jyourei/churinjou","source_updated_at":"2026-04-02"},"geometry":{"type":"Point","coordinates":[139.70982,35.646726]}},{"type":"Feature","properties":{"id":"official-parking-tokyo-13005","name":"恵比寿駅東口公園自転車駐車場","municipality":"渋谷区","address":"東京都恵比寿4-2-6","capacity":37,"source_publisher":"東京都都民安全総合対策本部","source_title":"自転車駐輪場情報","source_url":"https://www.tomin-anzen.metro.tokyo.lg.jp/kotsu/jitensha/seisaku-jyourei/churinjou","source_updated_at":"2026-04-02"},"geometry":{"type":"Point","coordinates":[139.71057,35.6468543]}},{"type":"Feature","properties":{"id":"official-parking-tokyo-13051","name":"恵比寿南まちかど公園自転車等駐車場","municipality":"渋谷区","address":"東京都渋谷区恵比寿南1-15","capacity":8,"source_publisher":"東京都都民安全総合対策本部","source_title":"自転車駐輪場情報","source_url":"https://www.tomin-anzen.metro.tokyo.lg.jp/kotsu/jitensha/seisaku-jyourei/churinjou","source_updated_at":"2026-04-02"},"geometry":{"type":"Point","coordinates":[139.709734,35.644768]}},{"type":"Feature","properties":{"id":"official-parking-tokyo-13008","name":"五輪橋第一自転車駐車場","municipality":"渋谷区","address":"東京都渋谷区代々木神園町2","capacity":26,"source_publisher":"東京都都民安全総合対策本部","source_title":"自転車駐輪場情報","source_url":"https://www.tomin-anzen.metro.tokyo.lg.jp/kotsu/jitensha/seisaku-jyourei/churinjou","source_updated_at":"2026-04-02"},"geometry":{"type":"Point","coordinates":[139.701792,35.669168]}},{"type":"Feature","properties":{"id":"official-parking-tokyo-13009","name":"五輪橋第二自転車駐車場","municipality":"渋谷区","address":"東京都渋谷区神南2-1","capacity":31,"source_publisher":"東京都都民安全総合対策本部","source_title":"自転車駐輪場情報","source_url":"https://www.tomin-anzen.metro.tokyo.lg.jp/kotsu/jitensha/seisaku-jyourei/churinjou","source_updated_at":"2026-04-02"},"geometry":{"type":"Point","coordinates":[139.702116,35.668955]}},{"type":"Feature","properties":{"id":"official-parking-tokyo-13047","name":"広尾橋自転車駐車場","municipality":"渋谷区","address":"東京都渋谷区広尾5-6","capacity":50,"source_publisher":"東京都都民安全総合対策本部","source_title":"自転車駐輪場情報","source_url":"https://www.tomin-anzen.metro.tokyo.lg.jp/kotsu/jitensha/seisaku-jyourei/churinjou","source_updated_at":"2026-04-02"},"geometry":{"type":"Point","coordinates":[139.722244,35.650427]}},{"type":"Feature","properties":{"id":"official-parking-tokyo-13049","name":"甲州街道代々木第一自転車駐車場","municipality":"渋谷区","address":"東京都渋谷区代々木2-9","capacity":104,"source_publisher":"東京都都民安全総合対策本部","source_title":"自転車駐輪場情報","source_url":"https://www.tomin-anzen.metro.tokyo.lg.jp/kotsu/jitensha/seisaku-jyourei/churinjou","source_updated_at":"2026-04-02"},"geometry":{"type":"Point","coordinates":[139.698747,35.688411]}},{"type":"Feature","properties":{"id":"official-parking-tokyo-13050","name":"甲州街道代々木第二自転車駐車場","municipality":"渋谷区","address":"東京都渋谷区代々木2-11","capacity":125,"source_publisher":"東京都都民安全総合対策本部","source_title":"自転車駐輪場情報","source_url":"https://www.tomin-anzen.metro.tokyo.lg.jp/kotsu/jitensha/seisaku-jyourei/churinjou","source_updated_at":"2026-04-02"},"geometry":{"type":"Point","coordinates":[139.696934,35.687601]}},{"type":"Feature","properties":{"id":"official-parking-tokyo-13037","name":"桜丘自転車等駐車場","municipality":"渋谷区","address":"東京都渋谷区桜丘町19-1","capacity":15,"source_publisher":"東京都都民安全総合対策本部","source_title":"自転車駐輪場情報","source_url":"https://www.tomin-anzen.metro.tokyo.lg.jp/kotsu/jitensha/seisaku-jyourei/churinjou","source_updated_at":"2026-04-02"},"geometry":{"type":"Point","coordinates":[139.701043,35.655629]}},{"type":"Feature","properties":{"id":"official-parking-tokyo-13014","name":"笹塚駅南自転車駐車場","municipality":"渋谷区","address":"東京都渋谷区笹塚1-29","capacity":77,"source_publisher":"東京都都民安全総合対策本部","source_title":"自転車駐輪場情報","source_url":"https://www.tomin-anzen.metro.tokyo.lg.jp/kotsu/jitensha/seisaku-jyourei/churinjou","source_updated_at":"2026-04-02"},"geometry":{"type":"Point","coordinates":[139.6668,35.67338]}},{"type":"Feature","properties":{"id":"official-parking-tokyo-13016","name":"笹塚交差点前自転車等駐車場","municipality":"渋谷区","address":"東京都渋谷区幡ヶ谷2-31","capacity":20,"source_publisher":"東京都都民安全総合対策本部","source_title":"自転車駐輪場情報","source_url":"https://www.tomin-anzen.metro.tokyo.lg.jp/kotsu/jitensha/seisaku-jyourei/churinjou","source_updated_at":"2026-04-02"},"geometry":{"type":"Point","coordinates":[139.671094,35.675533]}},{"type":"Feature","properties":{"id":"official-parking-tokyo-13015","name":"笹塚東自転車等駐車場","municipality":"渋谷区","address":"東京都渋谷区笹塚1-52","capacity":160,"source_publisher":"東京都都民安全総合対策本部","source_title":"自転車駐輪場情報","source_url":"https://www.tomin-anzen.metro.tokyo.lg.jp/kotsu/jitensha/seisaku-jyourei/churinjou","source_updated_at":"2026-04-02"},"geometry":{"type":"Point","coordinates":[139.670603,35.675389]}},{"type":"Feature","properties":{"id":"official-parking-tokyo-13023","name":"参宮橋高架下自転車等駐車場","municipality":"渋谷区","address":"東京都渋谷区代々木4-1","capacity":68,"source_publisher":"東京都都民安全総合対策本部","source_title":"自転車駐輪場情報","source_url":"https://www.tomin-anzen.metro.tokyo.lg.jp/kotsu/jitensha/seisaku-jyourei/churinjou","source_updated_at":"2026-04-02"},"geometry":{"type":"Point","coordinates":[139.693745,35.679812]}},{"type":"Feature","properties":{"id":"official-parking-tokyo-13056","name":"渋谷フクラス西自転車駐車場","municipality":"渋谷区","address":"東京都渋谷区道玄坂1-2-3","capacity":204,"source_publisher":"東京都都民安全総合対策本部","source_title":"自転車駐輪場情報","source_url":"https://www.tomin-anzen.metro.tokyo.lg.jp/kotsu/jitensha/seisaku-jyourei/churinjou","source_updated_at":"2026-04-02"},"geometry":{"type":"Point","coordinates":[139.7001,35.65745]}},{"type":"Feature","properties":{"id":"official-parking-tokyo-13033","name":"渋谷駅ハチ公口自転車駐車場","municipality":"渋谷区","address":"東京都渋谷区渋谷1-26.27","capacity":193,"source_publisher":"東京都都民安全総合対策本部","source_title":"自転車駐輪場情報","source_url":"https://www.tomin-anzen.metro.tokyo.lg.jp/kotsu/jitensha/seisaku-jyourei/churinjou","source_updated_at":"2026-04-02"},"geometry":{"type":"Point","coordinates":[139.701143,35.660081]}},{"type":"Feature","properties":{"id":"official-parking-tokyo-13036","name":"渋谷駅新南口自転車駐車場","municipality":"渋谷区","address":"東京都渋谷区渋谷3-16","capacity":71,"source_publisher":"東京都都民安全総合対策本部","source_title":"自転車駐輪場情報","source_url":"https://www.tomin-anzen.metro.tokyo.lg.jp/kotsu/jitensha/seisaku-jyourei/churinjou","source_updated_at":"2026-04-02"},"geometry":{"type":"Point","coordinates":[139.704788,35.656259]}},{"type":"Feature","properties":{"id":"official-parking-tokyo-13031","name":"渋谷道玄坂自転車駐車場","municipality":"渋谷区","address":"東京都渋谷区道玄坂1-12","capacity":122,"source_publisher":"東京都都民安全総合対策本部","source_title":"自転車駐輪場情報","source_url":"https://www.tomin-anzen.metro.tokyo.lg.jp/kotsu/jitensha/seisaku-jyourei/churinjou","source_updated_at":"2026-04-02"},"geometry":{"type":"Point","coordinates":[139.697379,35.657549]}},{"type":"Feature","properties":{"id":"official-parking-tokyo-13006","name":"渋谷二丁目交差点自転車等駐車場","municipality":"渋谷区","address":"東京都渋谷区渋谷4-5-8","capacity":24,"source_publisher":"東京都都民安全総合対策本部","source_title":"自転車駐輪場情報","source_url":"https://www.tomin-anzen.metro.tokyo.lg.jp/kotsu/jitensha/seisaku-jyourei/churinjou","source_updated_at":"2026-04-02"},"geometry":{"type":"Point","coordinates":[139.709353,35.658634]}},{"type":"Feature","properties":{"id":"official-parking-tokyo-13013","name":"初台駅南口自転車等駐車場","municipality":"渋谷区","address":"東京都渋谷区初台1-37・53","capacity":175,"source_publisher":"東京都都民安全総合対策本部","source_title":"自転車駐輪場情報","source_url":"https://www.tomin-anzen.metro.tokyo.lg.jp/kotsu/jitensha/seisaku-jyourei/churinjou","source_updated_at":"2026-04-02"},"geometry":{"type":"Point","coordinates":[139.686667,35.680416]}},{"type":"Feature","properties":{"id":"official-parking-tokyo-13012","name":"初台中央自転車等駐車場","municipality":"渋谷区","address":"東京都渋谷区初台1-47","capacity":56,"source_publisher":"東京都都民安全総合対策本部","source_title":"自転車駐輪場情報","source_url":"https://www.tomin-anzen.metro.tokyo.lg.jp/kotsu/jitensha/seisaku-jyourei/churinjou","source_updated_at":"2026-04-02"},"geometry":{"type":"Point","coordinates":[139.688378,35.681745]}},{"type":"Feature","properties":{"id":"official-parking-tokyo-13011","name":"初台東自転車等駐車場","municipality":"渋谷区","address":"東京都渋谷区代々木4-32","capacity":72,"source_publisher":"東京都都民安全総合対策本部","source_title":"自転車駐輪場情報","source_url":"https://www.tomin-anzen.metro.tokyo.lg.jp/kotsu/jitensha/seisaku-jyourei/churinjou","source_updated_at":"2026-04-02"},"geometry":{"type":"Point","coordinates":[139.688694,35.682178]}},{"type":"Feature","properties":{"id":"official-parking-tokyo-13055","name":"神宮前4丁目自転車駐車場","municipality":"渋谷区","address":"東京都渋谷区神宮前4-26-35","capacity":22,"source_publisher":"東京都都民安全総合対策本部","source_title":"自転車駐輪場情報","source_url":"https://www.tomin-anzen.metro.tokyo.lg.jp/kotsu/jitensha/seisaku-jyourei/churinjou","source_updated_at":"2026-04-02"},"geometry":{"type":"Point","coordinates":[139.7024,35.66151]}},{"type":"Feature","properties":{"id":"official-parking-tokyo-13030","name":"千駄ヶ谷駅前自転車駐車場","municipality":"渋谷区","address":"東京都渋谷区千駄ヶ谷1-36","capacity":82,"source_publisher":"東京都都民安全総合対策本部","source_title":"自転車駐輪場情報","source_url":"https://www.tomin-anzen.metro.tokyo.lg.jp/kotsu/jitensha/seisaku-jyourei/churinjou","source_updated_at":"2026-04-02"},"geometry":{"type":"Point","coordinates":[139.711027,35.681004]}},{"type":"Feature","properties":{"id":"official-parking-tokyo-13029","name":"千駄ヶ谷駅第一自転車駐車場","municipality":"渋谷区","address":"東京都渋谷区千駄ヶ谷1-35","capacity":92,"source_publisher":"東京都都民安全総合対策本部","source_title":"自転車駐輪場情報","source_url":"https://www.tomin-anzen.metro.tokyo.lg.jp/kotsu/jitensha/seisaku-jyourei/churinjou","source_updated_at":"2026-04-02"},"geometry":{"type":"Point","coordinates":[139.711869,35.680991]}},{"type":"Feature","properties":{"id":"official-parking-tokyo-13028","name":"代々木一丁目自転車等駐車場","municipality":"渋谷区","address":"東京都渋谷区代々木1-20","capacity":22,"source_publisher":"東京都都民安全総合対策本部","source_title":"自転車駐輪場情報","source_url":"https://www.tomin-anzen.metro.tokyo.lg.jp/kotsu/jitensha/seisaku-jyourei/churinjou","source_updated_at":"2026-04-02"},"geometry":{"type":"Point","coordinates":[139.702715,35.6804587]}},{"type":"Feature","properties":{"id":"official-parking-tokyo-13025","name":"代々木駅西口自転車駐車場","municipality":"渋谷区","address":"東京都渋谷区代々木1-34","capacity":48,"source_publisher":"東京都都民安全総合対策本部","source_title":"自転車駐輪場情報","source_url":"https://www.tomin-anzen.metro.tokyo.lg.jp/kotsu/jitensha/seisaku-jyourei/churinjou","source_updated_at":"2026-04-02"},"geometry":{"type":"Point","coordinates":[139.701971,35.682867]}},{"type":"Feature","properties":{"id":"official-parking-tokyo-13024","name":"代々木駅東口自転車等駐車場","municipality":"渋谷区","address":"東京都渋谷区千駄ヶ谷5-24","capacity":64,"source_publisher":"東京都都民安全総合対策本部","source_title":"自転車駐輪場情報","source_url":"https://www.tomin-anzen.metro.tokyo.lg.jp/kotsu/jitensha/seisaku-jyourei/churinjou","source_updated_at":"2026-04-02"},"geometry":{"type":"Point","coordinates":[139.70295,35.683801]}},{"type":"Feature","properties":{"id":"official-parking-tokyo-13026","name":"代々木駅北口第一自転車駐車場","municipality":"渋谷区","address":"東京都渋谷区代々木1-57","capacity":54,"source_publisher":"東京都都民安全総合対策本部","source_title":"自転車駐輪場情報","source_url":"https://www.tomin-anzen.metro.tokyo.lg.jp/kotsu/jitensha/seisaku-jyourei/churinjou","source_updated_at":"2026-04-02"},"geometry":{"type":"Point","coordinates":[139.701548,35.6842]}},{"type":"Feature","properties":{"id":"official-parking-tokyo-13027","name":"代々木駅北口第二自転車駐車場","municipality":"渋谷区","address":"東京都渋谷区代々木1-55","capacity":24,"source_publisher":"東京都都民安全総合対策本部","source_title":"自転車駐輪場情報","source_url":"https://www.tomin-anzen.metro.tokyo.lg.jp/kotsu/jitensha/seisaku-jyourei/churinjou","source_updated_at":"2026-04-02"},"geometry":{"type":"Point","coordinates":[139.701226,35.684584]}},{"type":"Feature","properties":{"id":"official-parking-tokyo-13046","name":"代々木公園駅自転車駐車場","municipality":"渋谷区","address":"東京都渋谷区富ヶ谷1-8","capacity":100,"source_publisher":"東京都都民安全総合対策本部","source_title":"自転車駐輪場情報","source_url":"https://www.tomin-anzen.metro.tokyo.lg.jp/kotsu/jitensha/seisaku-jyourei/churinjou","source_updated_at":"2026-04-02"},"geometry":{"type":"Point","coordinates":[139.690864,35.668761]}},{"type":"Feature","properties":{"id":"official-parking-tokyo-13041","name":"代々木上原駅自転車等駐車場","municipality":"渋谷区","address":"東京都渋谷区上原1-31","capacity":245,"source_publisher":"東京都都民安全総合対策本部","source_title":"自転車駐輪場情報","source_url":"https://www.tomin-anzen.metro.tokyo.lg.jp/kotsu/jitensha/seisaku-jyourei/churinjou","source_updated_at":"2026-04-02"},"geometry":{"type":"Point","coordinates":[139.679108,35.668537]}},{"type":"Feature","properties":{"id":"official-parking-tokyo-13042","name":"代々木上原駅第二自転車駐車場","municipality":"渋谷区","address":"東京都渋谷区西原3-12","capacity":109,"source_publisher":"東京都都民安全総合対策本部","source_title":"自転車駐輪場情報","source_url":"https://www.tomin-anzen.metro.tokyo.lg.jp/kotsu/jitensha/seisaku-jyourei/churinjou","source_updated_at":"2026-04-02"},"geometry":{"type":"Point","coordinates":[139.679323,35.668728]}},{"type":"Feature","properties":{"id":"official-parking-tokyo-13045","name":"代々木八幡駅八幡橋高架下自転車駐車場","municipality":"渋谷区","address":"東京都渋谷区上原1-47","capacity":206,"source_publisher":"東京都都民安全総合対策本部","source_title":"自転車駐輪場情報","source_url":"https://www.tomin-anzen.metro.tokyo.lg.jp/kotsu/jitensha/seisaku-jyourei/churinjou","source_updated_at":"2026-04-02"},"geometry":{"type":"Point","coordinates":[139.68762,35.6693804]}},{"type":"Feature","properties":{"id":"official-parking-tokyo-13043","name":"代々木八幡駅北自転車等駐車場","municipality":"渋谷区","address":"東京都渋谷区元代々木町1","capacity":57,"source_publisher":"東京都都民安全総合対策本部","source_title":"自転車駐輪場情報","source_url":"https://www.tomin-anzen.metro.tokyo.lg.jp/kotsu/jitensha/seisaku-jyourei/churinjou","source_updated_at":"2026-04-02"},"geometry":{"type":"Point","coordinates":[139.687691,35.669661]}},{"type":"Feature","properties":{"id":"official-parking-tokyo-13020","name":"幡ヶ谷高架下第一自転車等駐車場","municipality":"渋谷区","address":"東京都渋谷区幡ヶ谷2-13","capacity":340,"source_publisher":"東京都都民安全総合対策本部","source_title":"自転車駐輪場情報","source_url":"https://www.tomin-anzen.metro.tokyo.lg.jp/kotsu/jitensha/seisaku-jyourei/churinjou","source_updated_at":"2026-04-02"},"geometry":{"type":"Point","coordinates":[139.676836,35.677252]}},{"type":"Feature","properties":{"id":"official-parking-tokyo-13021","name":"幡ヶ谷南第一自転車等駐車場","municipality":"渋谷区","address":"東京都渋谷区幡ヶ谷1-30","capacity":32,"source_publisher":"東京都都民安全総合対策本部","source_title":"自転車駐輪場情報","source_url":"https://www.tomin-anzen.metro.tokyo.lg.jp/kotsu/jitensha/seisaku-jyourei/churinjou","source_updated_at":"2026-04-02"},"geometry":{"type":"Point","coordinates":[139.675098,35.676307]}},{"type":"Feature","properties":{"id":"official-parking-tokyo-13022","name":"幡ヶ谷南第二自転車等駐車場","municipality":"渋谷区","address":"東京都渋谷区幡ヶ谷1-2","capacity":31,"source_publisher":"東京都都民安全総合対策本部","source_title":"自転車駐輪場情報","source_url":"https://www.tomin-anzen.metro.tokyo.lg.jp/kotsu/jitensha/seisaku-jyourei/churinjou","source_updated_at":"2026-04-02"},"geometry":{"type":"Point","coordinates":[139.676981,35.676816]}},{"type":"Feature","properties":{"id":"official-parking-tokyo-13010","name":"北参道第二自転車等駐車場","municipality":"渋谷区","address":"東京都渋谷区千駄ヶ谷4-28","capacity":60,"source_publisher":"東京都都民安全総合対策本部","source_title":"自転車駐輪場情報","source_url":"https://www.tomin-anzen.metro.tokyo.lg.jp/kotsu/jitensha/seisaku-jyourei/churinjou","source_updated_at":"2026-04-02"},"geometry":{"type":"Point","coordinates":[139.703699,35.680416]}},{"type":"Feature","properties":{"id":"official-parking-tokyo-33008","name":"新小金井西第１自転車駐車場","municipality":"小金井市","address":"東京都小金井市東町4-24","capacity":323,"source_publisher":"東京都都民安全総合対策本部","source_title":"自転車駐輪場情報","source_url":"https://www.tomin-anzen.metro.tokyo.lg.jp/kotsu/jitensha/seisaku-jyourei/churinjou","source_updated_at":"2026-04-02"},"geometry":{"type":"Point","coordinates":[139.52653,35.69611]}},{"type":"Feature","properties":{"id":"official-parking-tokyo-33006","name":"東小金井駅西側高架下自転車駐車場（Ａ）","municipality":"小金井市","address":"東京都小金井市緑町１-１","capacity":708,"source_publisher":"東京都都民安全総合対策本部","source_title":"自転車駐輪場情報","source_url":"https://www.tomin-anzen.metro.tokyo.lg.jp/kotsu/jitensha/seisaku-jyourei/churinjou","source_updated_at":"2026-04-02"},"geometry":{"type":"Point","coordinates":[139.52131,35.70157]}},{"type":"Feature","properties":{"id":"official-parking-tokyo-33007","name":"東小金井駅西側高架下自転車駐車場（Ｂ）","municipality":"小金井市","address":"東京都小金井市緑町１-２","capacity":630,"source_publisher":"東京都都民安全総合対策本部","source_title":"自転車駐輪場情報","source_url":"https://www.tomin-anzen.metro.tokyo.lg.jp/kotsu/jitensha/seisaku-jyourei/churinjou","source_updated_at":"2026-04-02"},"geometry":{"type":"Point","coordinates":[139.52074,35.70154]}},{"type":"Feature","properties":{"id":"official-parking-tokyo-33020","name":"東小金井駅前第一駐輪場","municipality":"小金井市","address":"東京都小金井市梶野町5-1","capacity":48,"source_publisher":"東京都都民安全総合対策本部","source_title":"自転車駐輪場情報","source_url":"https://www.tomin-anzen.metro.tokyo.lg.jp/kotsu/jitensha/seisaku-jyourei/churinjou","source_updated_at":"2026-04-02"},"geometry":{"type":"Point","coordinates":[139.522162,35.701366]}},{"type":"Feature","properties":{"id":"official-parking-tokyo-33021","name":"東小金井駅前第二駐輪場","municipality":"小金井市","address":"東京都小金井市緑町1-2","capacity":195,"source_publisher":"東京都都民安全総合対策本部","source_title":"自転車駐輪場情報","source_url":"https://www.tomin-anzen.metro.tokyo.lg.jp/kotsu/jitensha/seisaku-jyourei/churinjou","source_updated_at":"2026-04-02"},"geometry":{"type":"Point","coordinates":[139.52143,35.70157]}},{"type":"Feature","properties":{"id":"official-parking-tokyo-33009","name":"東小金井北第１自転車駐車場","municipality":"小金井市","address":"東京都小金井市梶野町5-2","capacity":529,"source_publisher":"東京都都民安全総合対策本部","source_title":"自転車駐輪場情報","source_url":"https://www.tomin-anzen.metro.tokyo.lg.jp/kotsu/jitensha/seisaku-jyourei/churinjou","source_updated_at":"2026-04-02"},"geometry":{"type":"Point","coordinates":[139.52283,35.70195]}},{"type":"Feature","properties":{"id":"official-parking-tokyo-33001","name":"武蔵小金井南第３自転車駐車場","municipality":"小金井市","address":"東京都小金井市本町6-5","capacity":96,"source_publisher":"東京都都民安全総合対策本部","source_title":"自転車駐輪場情報","source_url":"https://www.tomin-anzen.metro.tokyo.lg.jp/kotsu/jitensha/seisaku-jyourei/churinjou","source_updated_at":"2026-04-02"},"geometry":{"type":"Point","coordinates":[139.50431,35.69899]}},{"type":"Feature","properties":{"id":"official-parking-tokyo-33002","name":"武蔵小金井南第７自転車駐車場","municipality":"小金井市","address":"東京都小金井市本町6-14-45","capacity":165,"source_publisher":"東京都都民安全総合対策本部","source_title":"自転車駐輪場情報","source_url":"https://www.tomin-anzen.metro.tokyo.lg.jp/kotsu/jitensha/seisaku-jyourei/churinjou","source_updated_at":"2026-04-02"},"geometry":{"type":"Point","coordinates":[139.50588,35.70005]}},{"type":"Feature","properties":{"id":"official-parking-tokyo-33004","name":"武蔵小金井北第５自転車駐車場","municipality":"小金井市","address":"東京都小金井市本町2-1","capacity":878,"source_publisher":"東京都都民安全総合対策本部","source_title":"自転車駐輪場情報","source_url":"https://www.tomin-anzen.metro.tokyo.lg.jp/kotsu/jitensha/seisaku-jyourei/churinjou","source_updated_at":"2026-04-02"},"geometry":{"type":"Point","coordinates":[139.51028,35.70143]}},{"type":"Feature","properties":{"id":"official-parking-tokyo-34012","name":"一橋学園駅東有料自転車駐車場","municipality":"小平市","address":"東京都小平市学園東町2-1-2","capacity":650,"source_publisher":"東京都都民安全総合対策本部","source_title":"自転車駐輪場情報","source_url":"https://www.tomin-anzen.metro.tokyo.lg.jp/kotsu/jitensha/seisaku-jyourei/churinjou","source_updated_at":"2026-04-02"},"geometry":{"type":"Point","coordinates":[139.482942,35.721988]}},{"type":"Feature","properties":{"id":"official-parking-tokyo-34011","name":"一橋学園駅北有料自転車駐車場","municipality":"小平市","address":"東京都小平市学園東町1-6-1","capacity":470,"source_publisher":"東京都都民安全総合対策本部","source_title":"自転車駐輪場情報","source_url":"https://www.tomin-anzen.metro.tokyo.lg.jp/kotsu/jitensha/seisaku-jyourei/churinjou","source_updated_at":"2026-04-02"},"geometry":{"type":"Point","coordinates":[139.479391,35.724213]}},{"type":"Feature","properties":{"id":"official-parking-tokyo-34010","name":"一橋学園駅有料自転車駐車場","municipality":"小平市","address":"東京都小平市喜平町2-3-1","capacity":209,"source_publisher":"東京都都民安全総合対策本部","source_title":"自転車駐輪場情報","source_url":"https://www.tomin-anzen.metro.tokyo.lg.jp/kotsu/jitensha/seisaku-jyourei/churinjou","source_updated_at":"2026-04-02"},"geometry":{"type":"Point","coordinates":[139.48069,35.72156]}},{"type":"Feature","properties":{"id":"official-parking-tokyo-34025","name":"花小金井駅西第一自転車駐車場","municipality":"小平市","address":"東京都小平市鈴木町2-147-32","capacity":950,"source_publisher":"東京都都民安全総合対策本部","source_title":"自転車駐輪場情報","source_url":"https://www.tomin-anzen.metro.tokyo.lg.jp/kotsu/jitensha/seisaku-jyourei/churinjou","source_updated_at":"2026-04-02"},"geometry":{"type":"Point","coordinates":[139.510636,35.725783]}},{"type":"Feature","properties":{"id":"official-parking-tokyo-34020","name":"花小金井駅東有料自転車駐車場","municipality":"小平市","address":"東京都小平市花小金井南町2-21-3","capacity":280,"source_publisher":"東京都都民安全総合対策本部","source_title":"自転車駐輪場情報","source_url":"https://www.tomin-anzen.metro.tokyo.lg.jp/kotsu/jitensha/seisaku-jyourei/churinjou","source_updated_at":"2026-04-02"},"geometry":{"type":"Point","coordinates":[139.515909,35.725089]}},{"type":"Feature","properties":{"id":"official-parking-tokyo-34019","name":"花小金井駅南有料自転車駐車場","municipality":"小平市","address":"東京都小平市花小金井南町2-19-13","capacity":1399,"source_publisher":"東京都都民安全総合対策本部","source_title":"自転車駐輪場情報","source_url":"https://www.tomin-anzen.metro.tokyo.lg.jp/kotsu/jitensha/seisaku-jyourei/churinjou","source_updated_at":"2026-04-02"},"geometry":{"type":"Point","coordinates":[139.514646,35.724943]}},{"type":"Feature","properties":{"id":"official-parking-tokyo-34021","name":"花小金井駅北有料自転車駐車場","municipality":"小平市","address":"東京都小平市花小金井1-3-29","capacity":2444,"source_publisher":"東京都都民安全総合対策本部","source_title":"自転車駐輪場情報","source_url":"https://www.tomin-anzen.metro.tokyo.lg.jp/kotsu/jitensha/seisaku-jyourei/churinjou","source_updated_at":"2026-04-02"},"geometry":{"type":"Point","coordinates":[139.512315,35.72731]}},{"type":"Feature","properties":{"id":"official-parking-tokyo-34006","name":"小川駅西口有料自転車駐車場","municipality":"小平市","address":"東京都小平市小川東町1-20-5","capacity":133,"source_publisher":"東京都都民安全総合対策本部","source_title":"自転車駐輪場情報","source_url":"https://www.tomin-anzen.metro.tokyo.lg.jp/kotsu/jitensha/seisaku-jyourei/churinjou","source_updated_at":"2026-04-02"},"geometry":{"type":"Point","coordinates":[139.46322,35.737227]}},{"type":"Feature","properties":{"id":"official-parking-tokyo-34022","name":"小川駅西自転車駐車場","municipality":"小平市","address":"東京都小平市小川西町5-25-20","capacity":900,"source_publisher":"東京都都民安全総合対策本部","source_title":"自転車駐輪場情報","source_url":"https://www.tomin-anzen.metro.tokyo.lg.jp/kotsu/jitensha/seisaku-jyourei/churinjou","source_updated_at":"2026-04-02"},"geometry":{"type":"Point","coordinates":[139.458995,35.736208]}},{"type":"Feature","properties":{"id":"official-parking-tokyo-34023","name":"小川駅東自転車駐車場","municipality":"小平市","address":"東京都小平市小川東町1-29-6","capacity":800,"source_publisher":"東京都都民安全総合対策本部","source_title":"自転車駐輪場情報","source_url":"https://www.tomin-anzen.metro.tokyo.lg.jp/kotsu/jitensha/seisaku-jyourei/churinjou","source_updated_at":"2026-04-02"},"geometry":{"type":"Point","coordinates":[139.464266,35.739585]}},{"type":"Feature","properties":{"id":"official-parking-tokyo-34024","name":"小平駅あかしあ通り自転車駐車場","municipality":"小平市","address":"東京都小平市仲町213-1","capacity":460,"source_publisher":"東京都都民安全総合対策本部","source_title":"自転車駐輪場情報","source_url":"https://www.tomin-anzen.metro.tokyo.lg.jp/kotsu/jitensha/seisaku-jyourei/churinjou","source_updated_at":"2026-04-02"},"geometry":{"type":"Point","coordinates":[139.487877,35.731751]}},{"type":"Feature","properties":{"id":"official-parking-tokyo-34016","name":"小平駅ルネこだいら東有料自転車駐車場","municipality":"小平市","address":"東京都小平市仲町210-1","capacity":550,"source_publisher":"東京都都民安全総合対策本部","source_title":"自転車駐輪場情報","source_url":"https://www.tomin-anzen.metro.tokyo.lg.jp/kotsu/jitensha/seisaku-jyourei/churinjou","source_updated_at":"2026-04-02"},"geometry":{"type":"Point","coordinates":[139.48795,35.734199]}},{"type":"Feature","properties":{"id":"official-parking-tokyo-34015","name":"小平駅西有料自転車駐車場","municipality":"小平市","address":"東京都小平市美園町1-3-6","capacity":299,"source_publisher":"東京都都民安全総合対策本部","source_title":"自転車駐輪場情報","source_url":"https://www.tomin-anzen.metro.tokyo.lg.jp/kotsu/jitensha/seisaku-jyourei/churinjou","source_updated_at":"2026-04-02"},"geometry":{"type":"Point","coordinates":[139.486633,35.736896]}},{"type":"Feature","properties":{"id":"official-parking-tokyo-34014","name":"小平駅東有料自転車駐車場","municipality":"小平市","address":"東京都小平市美園町1-31-1","capacity":983,"source_publisher":"東京都都民安全総合対策本部","source_title":"自転車駐輪場情報","source_url":"https://www.tomin-anzen.metro.tokyo.lg.jp/kotsu/jitensha/seisaku-jyourei/churinjou","source_updated_at":"2026-04-02"},"geometry":{"type":"Point","coordinates":[139.489575,35.735753]}},{"type":"Feature","properties":{"id":"official-parking-tokyo-34013","name":"小平駅南口有料自転車駐車場","municipality":"小平市","address":"東京都小平市美園町1-34-5","capacity":337,"source_publisher":"東京都都民安全総合対策本部","source_title":"自転車駐輪場情報","source_url":"https://www.tomin-anzen.metro.tokyo.lg.jp/kotsu/jitensha/seisaku-jyourei/churinjou","source_updated_at":"2026-04-02"},"geometry":{"type":"Point","coordinates":[139.488441,35.736774]}},{"type":"Feature","properties":{"id":"official-parking-tokyo-34017","name":"小平駅北第一有料自転車駐車場","municipality":"小平市","address":"東京都小平市美園町2-11-11","capacity":609,"source_publisher":"東京都都民安全総合対策本部","source_title":"自転車駐輪場情報","source_url":"https://www.tomin-anzen.metro.tokyo.lg.jp/kotsu/jitensha/seisaku-jyourei/churinjou","source_updated_at":"2026-04-02"},"geometry":{"type":"Point","coordinates":[139.490128,35.736663]}},{"type":"Feature","properties":{"id":"official-parking-tokyo-34018","name":"小平駅北第二有料自転車駐車場","municipality":"小平市","address":"東京都小平市美園町3-18-1","capacity":681,"source_publisher":"東京都都民安全総合対策本部","source_title":"自転車駐輪場情報","source_url":"https://www.tomin-anzen.metro.tokyo.lg.jp/kotsu/jitensha/seisaku-jyourei/churinjou","source_updated_at":"2026-04-02"},"geometry":{"type":"Point","coordinates":[139.490927,35.738845]}},{"type":"Feature","properties":{"id":"official-parking-tokyo-34008","name":"新小平駅西有料自転車駐車場","municipality":"小平市","address":"東京都小平市小川町2-1169","capacity":350,"source_publisher":"東京都都民安全総合対策本部","source_title":"自転車駐輪場情報","source_url":"https://www.tomin-anzen.metro.tokyo.lg.jp/kotsu/jitensha/seisaku-jyourei/churinjou","source_updated_at":"2026-04-02"},"geometry":{"type":"Point","coordinates":[139.468238,35.730073]}},{"type":"Feature","properties":{"id":"official-parking-tokyo-34009","name":"新小平駅北有料自転車駐車場","municipality":"小平市","address":"東京都小平市小川東町5-12-24","capacity":987,"source_publisher":"東京都都民安全総合対策本部","source_title":"自転車駐輪場情報","source_url":"https://www.tomin-anzen.metro.tokyo.lg.jp/kotsu/jitensha/seisaku-jyourei/churinjou","source_updated_at":"2026-04-02"},"geometry":{"type":"Point","coordinates":[139.469636,35.732442]}},{"type":"Feature","properties":{"id":"official-parking-tokyo-34005","name":"鷹の台駅西有料自転車駐車場","municipality":"小平市","address":"東京都小平市上水新町3-1-12","capacity":400,"source_publisher":"東京都都民安全総合対策本部","source_title":"自転車駐輪場情報","source_url":"https://www.tomin-anzen.metro.tokyo.lg.jp/kotsu/jitensha/seisaku-jyourei/churinjou","source_updated_at":"2026-04-02"},"geometry":{"type":"Point","coordinates":[139.457263,35.722256]}},{"type":"Feature","properties":{"id":"official-parking-tokyo-34004","name":"鷹の台駅南有料自転車駐車場","municipality":"小平市","address":"東京都小平市上水本町1-16-2","capacity":1039,"source_publisher":"東京都都民安全総合対策本部","source_title":"自転車駐輪場情報","source_url":"https://www.tomin-anzen.metro.tokyo.lg.jp/kotsu/jitensha/seisaku-jyourei/churinjou","source_updated_at":"2026-04-02"},"geometry":{"type":"Point","coordinates":[139.460999,35.721526]}},{"type":"Feature","properties":{"id":"official-parking-tokyo-34002","name":"鷹の台駅北第一有料自転車駐車場","municipality":"小平市","address":"東京都小平市たかの台30-2","capacity":390,"source_publisher":"東京都都民安全総合対策本部","source_title":"自転車駐輪場情報","source_url":"https://www.tomin-anzen.metro.tokyo.lg.jp/kotsu/jitensha/seisaku-jyourei/churinjou","source_updated_at":"2026-04-02"},"geometry":{"type":"Point","coordinates":[139.461098,35.724638]}},{"type":"Feature","properties":{"id":"official-parking-tokyo-34003","name":"鷹の台駅北第二有料自転車駐車場","municipality":"小平市","address":"東京都小平市津田町1-1-5","capacity":280,"source_publisher":"東京都都民安全総合対策本部","source_title":"自転車駐輪場情報","source_url":"https://www.tomin-anzen.metro.tokyo.lg.jp/kotsu/jitensha/seisaku-jyourei/churinjou","source_updated_at":"2026-04-02"},"geometry":{"type":"Point","coordinates":[139.461326,35.724729]}},{"type":"Feature","properties":{"id":"official-parking-tokyo-34001","name":"東大和市駅有料自転車駐車場","municipality":"小平市","address":"東京都小平市栄町1-1-1","capacity":330,"source_publisher":"東京都都民安全総合対策本部","source_title":"自転車駐輪場情報","source_url":"https://www.tomin-anzen.metro.tokyo.lg.jp/kotsu/jitensha/seisaku-jyourei/churinjou","source_updated_at":"2026-04-02"},"geometry":{"type":"Point","coordinates":[139.436996,35.733768]}},{"type":"Feature","properties":{"id":"official-parking-tokyo-34026","name":"東部公園南自転車駐車場","municipality":"小平市","address":"東京都小平市花小金井6-28-6","capacity":400,"source_publisher":"東京都都民安全総合対策本部","source_title":"自転車駐輪場情報","source_url":"https://www.tomin-anzen.metro.tokyo.lg.jp/kotsu/jitensha/seisaku-jyourei/churinjou","source_updated_at":"2026-04-02"},"geometry":{"type":"Point","coordinates":[139.50978,35.72747]}},{"type":"Feature","properties":{"id":"official-parking-tokyo-30008","name":"昭島駅南口駅舎下自転車等駐車場","municipality":"昭島市","address":"東京都昭島市昭和町2-227-2","capacity":208,"source_publisher":"東京都都民安全総合対策本部","source_title":"自転車駐輪場情報","source_url":"https://www.tomin-anzen.metro.tokyo.lg.jp/kotsu/jitensha/seisaku-jyourei/churinjou","source_updated_at":"2026-04-02"},"geometry":{"type":"Point","coordinates":[139.3607,35.71338]}},{"type":"Feature","properties":{"id":"official-parking-tokyo-30010","name":"昭島駅南口第二自転車等駐車場","municipality":"昭島市","address":"東京都昭島市昭和町5-557-6","capacity":457,"source_publisher":"東京都都民安全総合対策本部","source_title":"自転車駐輪場情報","source_url":"https://www.tomin-anzen.metro.tokyo.lg.jp/kotsu/jitensha/seisaku-jyourei/churinjou","source_updated_at":"2026-04-02"},"geometry":{"type":"Point","coordinates":[139.35904,35.71302]}},{"type":"Feature","properties":{"id":"official-parking-tokyo-30007","name":"昭島駅南口立体自転車等駐車場","municipality":"昭島市","address":"東京都昭島市昭和町2-1-4","capacity":1284,"source_publisher":"東京都都民安全総合対策本部","source_title":"自転車駐輪場情報","source_url":"https://www.tomin-anzen.metro.tokyo.lg.jp/kotsu/jitensha/seisaku-jyourei/churinjou","source_updated_at":"2026-04-02"},"geometry":{"type":"Point","coordinates":[139.36296,35.71282]}},{"type":"Feature","properties":{"id":"official-parking-tokyo-30009","name":"昭島駅北口第一自転車等駐車場","municipality":"昭島市","address":"東京都昭島市代官山2-10-2","capacity":2483,"source_publisher":"東京都都民安全総合対策本部","source_title":"自転車駐輪場情報","source_url":"https://www.tomin-anzen.metro.tokyo.lg.jp/kotsu/jitensha/seisaku-jyourei/churinjou","source_updated_at":"2026-04-02"},"geometry":{"type":"Point","coordinates":[139.3596,35.71421]}},{"type":"Feature","properties":{"id":"official-parking-tokyo-30006","name":"昭島駅北口第二自転車等駐車場","municipality":"昭島市","address":"東京都昭島市代官山2-562-1","capacity":1503,"source_publisher":"東京都都民安全総合対策本部","source_title":"自転車駐輪場情報","source_url":"https://www.tomin-anzen.metro.tokyo.lg.jp/kotsu/jitensha/seisaku-jyourei/churinjou","source_updated_at":"2026-04-02"},"geometry":{"type":"Point","coordinates":[139.36169,35.71348]}},{"type":"Feature","properties":{"id":"official-parking-tokyo-30001","name":"西立川駅南口自転車等駐車場","municipality":"昭島市","address":"東京都昭島市東町1-84-2","capacity":288,"source_publisher":"東京都都民安全総合対策本部","source_title":"自転車駐輪場情報","source_url":"https://www.tomin-anzen.metro.tokyo.lg.jp/kotsu/jitensha/seisaku-jyourei/churinjou","source_updated_at":"2026-04-02"},"geometry":{"type":"Point","coordinates":[139.39199,35.70379]}},{"type":"Feature","properties":{"id":"official-parking-tokyo-30003","name":"中神駅南口第一自転車等駐車場","municipality":"昭島市","address":"東京都昭島市朝日町1-1209-18","capacity":455,"source_publisher":"東京都都民安全総合対策本部","source_title":"自転車駐輪場情報","source_url":"https://www.tomin-anzen.metro.tokyo.lg.jp/kotsu/jitensha/seisaku-jyourei/churinjou","source_updated_at":"2026-04-02"},"geometry":{"type":"Point","coordinates":[139.37657,35.70863]}},{"type":"Feature","properties":{"id":"official-parking-tokyo-30004","name":"中神駅南口第二自転車等駐車場","municipality":"昭島市","address":"東京都昭島市朝日町1-1204-44","capacity":340,"source_publisher":"東京都都民安全総合対策本部","source_title":"自転車駐輪場情報","source_url":"https://www.tomin-anzen.metro.tokyo.lg.jp/kotsu/jitensha/seisaku-jyourei/churinjou","source_updated_at":"2026-04-02"},"geometry":{"type":"Point","coordinates":[139.375557,35.70816]}},{"type":"Feature","properties":{"id":"official-parking-tokyo-30002","name":"中神駅北口第一自転車等駐車場","municipality":"昭島市","address":"東京都昭島市中神町1175-3","capacity":600,"source_publisher":"東京都都民安全総合対策本部","source_title":"自転車駐輪場情報","source_url":"https://www.tomin-anzen.metro.tokyo.lg.jp/kotsu/jitensha/seisaku-jyourei/churinjou","source_updated_at":"2026-04-02"},"geometry":{"type":"Point","coordinates":[139.3771,35.70938]}},{"type":"Feature","properties":{"id":"official-parking-tokyo-30005","name":"中神駅北口第二自転車等駐車場","municipality":"昭島市","address":"東京都昭島市中神町1245-1","capacity":925,"source_publisher":"東京都都民安全総合対策本部","source_title":"自転車駐輪場情報","source_url":"https://www.tomin-anzen.metro.tokyo.lg.jp/kotsu/jitensha/seisaku-jyourei/churinjou","source_updated_at":"2026-04-02"},"geometry":{"type":"Point","coordinates":[139.37453,35.70983]}},{"type":"Feature","properties":{"id":"official-parking-tokyo-30012","name":"東中神駅公団西側自転車等駐車場","municipality":"昭島市","address":"東京都昭島市玉川町1-7-3先","capacity":148,"source_publisher":"東京都都民安全総合対策本部","source_title":"自転車駐輪場情報","source_url":"https://www.tomin-anzen.metro.tokyo.lg.jp/kotsu/jitensha/seisaku-jyourei/churinjou","source_updated_at":"2026-04-02"},"geometry":{"type":"Point","coordinates":[139.38249,35.70658]}},{"type":"Feature","properties":{"id":"official-parking-tokyo-30019","name":"東中神駅西側自転車等駐車場","municipality":"昭島市","address":"東京都昭島市玉川町1-7-2先","capacity":93,"source_publisher":"東京都都民安全総合対策本部","source_title":"自転車駐輪場情報","source_url":"https://www.tomin-anzen.metro.tokyo.lg.jp/kotsu/jitensha/seisaku-jyourei/churinjou","source_updated_at":"2026-04-02"},"geometry":{"type":"Point","coordinates":[139.383944,35.7063981]}},{"type":"Feature","properties":{"id":"official-parking-tokyo-30016","name":"東中神駅南側自転車等駐車場","municipality":"昭島市","address":"昭島市玉川町1-866-2","capacity":291,"source_publisher":"東京都都民安全総合対策本部","source_title":"自転車駐輪場情報","source_url":"https://www.tomin-anzen.metro.tokyo.lg.jp/kotsu/jitensha/seisaku-jyourei/churinjou","source_updated_at":"2026-04-02"},"geometry":{"type":"Point","coordinates":[139.382965,35.7050196]}},{"type":"Feature","properties":{"id":"official-parking-tokyo-30020","name":"東中神駅南側第二自転車等駐車場","municipality":"昭島市","address":"東京都昭島市玉川町3-827-552","capacity":202,"source_publisher":"東京都都民安全総合対策本部","source_title":"自転車駐輪場情報","source_url":"https://www.tomin-anzen.metro.tokyo.lg.jp/kotsu/jitensha/seisaku-jyourei/churinjou","source_updated_at":"2026-04-02"},"geometry":{"type":"Point","coordinates":[139.38391,35.70417]}},{"type":"Feature","properties":{"id":"official-parking-tokyo-30017","name":"東中神駅北口自転車等駐車場","municipality":"昭島市","address":"東京都昭島市福島町1026-4","capacity":200,"source_publisher":"東京都都民安全総合対策本部","source_title":"自転車駐輪場情報","source_url":"https://www.tomin-anzen.metro.tokyo.lg.jp/kotsu/jitensha/seisaku-jyourei/churinjou","source_updated_at":"2026-04-02"},"geometry":{"type":"Point","coordinates":[139.385181,35.7063161]}},{"type":"Feature","properties":{"id":"official-parking-tokyo-30018","name":"東中神駅北口第二自転車等駐車場","municipality":"昭島市","address":"東京都昭島市福島町905-6","capacity":168,"source_publisher":"東京都都民安全総合対策本部","source_title":"自転車駐輪場情報","source_url":"https://www.tomin-anzen.metro.tokyo.lg.jp/kotsu/jitensha/seisaku-jyourei/churinjou","source_updated_at":"2026-04-02"},"geometry":{"type":"Point","coordinates":[139.383913,35.7066114]}},{"type":"Feature","properties":{"id":"official-parking-tokyo-30013","name":"拝島駅南口地下自転車等駐車場","municipality":"昭島市","address":"東京都昭島市松原町4-12-1","capacity":2450,"source_publisher":"東京都都民安全総合対策本部","source_title":"自転車駐輪場情報","source_url":"https://www.tomin-anzen.metro.tokyo.lg.jp/kotsu/jitensha/seisaku-jyourei/churinjou","source_updated_at":"2026-04-02"},"geometry":{"type":"Point","coordinates":[139.342657,35.7207889]}},{"type":"Feature","properties":{"id":"official-parking-tokyo-30011","name":"拝島駅北口自転車等駐車場","municipality":"昭島市","address":"東京都昭島市美堀町5-3849-5","capacity":470,"source_publisher":"東京都都民安全総合対策本部","source_title":"自転車駐輪場情報","source_url":"https://www.tomin-anzen.metro.tokyo.lg.jp/kotsu/jitensha/seisaku-jyourei/churinjou","source_updated_at":"2026-04-02"},"geometry":{"type":"Point","coordinates":[139.345035,35.7207408]}},{"type":"Feature","properties":{"id":"official-parking-tokyo-4053","name":"下落合駅自転車等駐輪場","municipality":"新宿区","address":"東京都新宿区上落合1-17","capacity":93,"source_publisher":"東京都都民安全総合対策本部","source_title":"自転車駐輪場情報","source_url":"https://www.tomin-anzen.metro.tokyo.lg.jp/kotsu/jitensha/seisaku-jyourei/churinjou","source_updated_at":"2026-04-02"},"geometry":{"type":"Point","coordinates":[139.69343,35.71623]}},{"type":"Feature","properties":{"id":"official-parking-tokyo-4012","name":"牛込神楽坂駅駐輪場Ａ","municipality":"新宿区","address":"東京都新宿区箪笥町43地先","capacity":20,"source_publisher":"東京都都民安全総合対策本部","source_title":"自転車駐輪場情報","source_url":"https://www.tomin-anzen.metro.tokyo.lg.jp/kotsu/jitensha/seisaku-jyourei/churinjou","source_updated_at":"2026-04-02"},"geometry":{"type":"Point","coordinates":[139.73586,35.70076]}},{"type":"Feature","properties":{"id":"official-parking-tokyo-4013","name":"牛込神楽坂駅駐輪場Ｂ","municipality":"新宿区","address":"東京都新宿区箪笥町15地先","capacity":37,"source_publisher":"東京都都民安全総合対策本部","source_title":"自転車駐輪場情報","source_url":"https://www.tomin-anzen.metro.tokyo.lg.jp/kotsu/jitensha/seisaku-jyourei/churinjou","source_updated_at":"2026-04-02"},"geometry":{"type":"Point","coordinates":[139.73431,35.70042]}},{"type":"Feature","properties":{"id":"official-parking-tokyo-4014","name":"牛込柳町駅自転車等駐車場Ａ","municipality":"新宿区","address":"東京都新宿区原町1-10","capacity":133,"source_publisher":"東京都都民安全総合対策本部","source_title":"自転車駐輪場情報","source_url":"https://www.tomin-anzen.metro.tokyo.lg.jp/kotsu/jitensha/seisaku-jyourei/churinjou","source_updated_at":"2026-04-02"},"geometry":{"type":"Point","coordinates":[139.7252,35.69959]}},{"type":"Feature","properties":{"id":"official-parking-tokyo-4015","name":"牛込柳町駅自転車等駐車場Ｂ","municipality":"新宿区","address":"東京都新宿区原町2-6","capacity":50,"source_publisher":"東京都都民安全総合対策本部","source_title":"自転車駐輪場情報","source_url":"https://www.tomin-anzen.metro.tokyo.lg.jp/kotsu/jitensha/seisaku-jyourei/churinjou","source_updated_at":"2026-04-02"},"geometry":{"type":"Point","coordinates":[139.72424,35.69946]}},{"type":"Feature","properties":{"id":"official-parking-tokyo-4045","name":"高田馬場駅自転車等駐輪場①","municipality":"新宿区","address":"東京都新宿区高田馬場1-26","capacity":91,"source_publisher":"東京都都民安全総合対策本部","source_title":"自転車駐輪場情報","source_url":"https://www.tomin-anzen.metro.tokyo.lg.jp/kotsu/jitensha/seisaku-jyourei/churinjou","source_updated_at":"2026-04-02"},"geometry":{"type":"Point","coordinates":[139.70551,35.71296]}},{"type":"Feature","properties":{"id":"official-parking-tokyo-4046","name":"高田馬場駅自転車等駐輪場②","municipality":"新宿区","address":"東京都新宿区高田馬場2-18","capacity":9,"source_publisher":"東京都都民安全総合対策本部","source_title":"自転車駐輪場情報","source_url":"https://www.tomin-anzen.metro.tokyo.lg.jp/kotsu/jitensha/seisaku-jyourei/churinjou","source_updated_at":"2026-04-02"},"geometry":{"type":"Point","coordinates":[139.70497,35.71426]}},{"type":"Feature","properties":{"id":"official-parking-tokyo-4047","name":"高田馬場駅自転車等駐輪場③","municipality":"新宿区","address":"東京都新宿区高田馬場2-19","capacity":76,"source_publisher":"東京都都民安全総合対策本部","source_title":"自転車駐輪場情報","source_url":"https://www.tomin-anzen.metro.tokyo.lg.jp/kotsu/jitensha/seisaku-jyourei/churinjou","source_updated_at":"2026-04-02"},"geometry":{"type":"Point","coordinates":[139.70493,35.71458]}},{"type":"Feature","properties":{"id":"official-parking-tokyo-4048","name":"高田馬場駅自転車等駐輪場④","municipality":"新宿区","address":"東京都新宿区高田馬場3-5","capacity":80,"source_publisher":"東京都都民安全総合対策本部","source_title":"自転車駐輪場情報","source_url":"https://www.tomin-anzen.metro.tokyo.lg.jp/kotsu/jitensha/seisaku-jyourei/churinjou","source_updated_at":"2026-04-02"},"geometry":{"type":"Point","coordinates":[139.7024,35.71482]}},{"type":"Feature","properties":{"id":"official-parking-tokyo-4032","name":"高田馬場駅自転車等駐輪場⑤","municipality":"新宿区","address":"東京都新宿区高田馬場2-18","capacity":27,"source_publisher":"東京都都民安全総合対策本部","source_title":"自転車駐輪場情報","source_url":"https://www.tomin-anzen.metro.tokyo.lg.jp/kotsu/jitensha/seisaku-jyourei/churinjou","source_updated_at":"2026-04-02"},"geometry":{"type":"Point","coordinates":[139.70485,35.71358]}},{"type":"Feature","properties":{"id":"official-parking-tokyo-4033","name":"高田馬場駅第一自転車等駐輪場","municipality":"新宿区","address":"東京都新宿区高田馬場4-10-2","capacity":490,"source_publisher":"東京都都民安全総合対策本部","source_title":"自転車駐輪場情報","source_url":"https://www.tomin-anzen.metro.tokyo.lg.jp/kotsu/jitensha/seisaku-jyourei/churinjou","source_updated_at":"2026-04-02"},"geometry":{"type":"Point","coordinates":[139.70322,35.71265]}},{"type":"Feature","properties":{"id":"official-parking-tokyo-4044","name":"高田馬場駅第三自転車等駐輪場","municipality":"新宿区","address":"東京都新宿区高田馬場1-35","capacity":178,"source_publisher":"東京都都民安全総合対策本部","source_title":"自転車駐輪場情報","source_url":"https://www.tomin-anzen.metro.tokyo.lg.jp/kotsu/jitensha/seisaku-jyourei/churinjou","source_updated_at":"2026-04-02"},"geometry":{"type":"Point","coordinates":[139.70341,35.71117]}},{"type":"Feature","properties":{"id":"official-parking-tokyo-4034","name":"高田馬場駅第二自転車駐輪場","municipality":"新宿区","address":"東京都新宿区高田馬場2-19","capacity":85,"source_publisher":"東京都都民安全総合対策本部","source_title":"自転車駐輪場情報","source_url":"https://www.tomin-anzen.metro.tokyo.lg.jp/kotsu/jitensha/seisaku-jyourei/churinjou","source_updated_at":"2026-04-02"},"geometry":{"type":"Point","coordinates":[139.70396,35.71392]}},{"type":"Feature","properties":{"id":"official-parking-tokyo-4017","name":"国立競技場駅駐輪場","municipality":"新宿区","address":"東京都新宿区霞が丘町10","source_publisher":"東京都都民安全総合対策本部","source_title":"自転車駐輪場情報","source_url":"https://www.tomin-anzen.metro.tokyo.lg.jp/kotsu/jitensha/seisaku-jyourei/churinjou","source_updated_at":"2026-04-02"},"geometry":{"type":"Point","coordinates":[139.71439,35.67978]}},{"type":"Feature","properties":{"id":"official-parking-tokyo-4025","name":"四ツ谷駅自転車駐輪場","municipality":"新宿区","address":"東京都新宿区四谷1-6","capacity":253,"source_publisher":"東京都都民安全総合対策本部","source_title":"自転車駐輪場情報","source_url":"https://www.tomin-anzen.metro.tokyo.lg.jp/kotsu/jitensha/seisaku-jyourei/churinjou","source_updated_at":"2026-04-02"},"geometry":{"type":"Point","coordinates":[139.72815,35.68757]}},{"type":"Feature","properties":{"id":"official-parking-tokyo-4024","name":"四ツ谷駅駐輪場","municipality":"新宿区","address":"東京都新宿区四谷1-5","capacity":60,"source_publisher":"東京都都民安全総合対策本部","source_title":"自転車駐輪場情報","source_url":"https://www.tomin-anzen.metro.tokyo.lg.jp/kotsu/jitensha/seisaku-jyourei/churinjou","source_updated_at":"2026-04-02"},"geometry":{"type":"Point","coordinates":[139.72984,35.68625]}},{"type":"Feature","properties":{"id":"official-parking-tokyo-4026","name":"四谷三丁目駅駐輪場","municipality":"新宿区","address":"東京都新宿区四谷3-4,5,7,8,10,12","capacity":256,"source_publisher":"東京都都民安全総合対策本部","source_title":"自転車駐輪場情報","source_url":"https://www.tomin-anzen.metro.tokyo.lg.jp/kotsu/jitensha/seisaku-jyourei/churinjou","source_updated_at":"2026-04-02"},"geometry":{"type":"Point","coordinates":[139.71952,35.68802]}},{"type":"Feature","properties":{"id":"official-parking-tokyo-4011","name":"市ヶ谷駅駐輪場","municipality":"新宿区","address":"東京都新宿区市谷田町1-10地先、14地先、市谷田町2-5先、7先","capacity":88,"source_publisher":"東京都都民安全総合対策本部","source_title":"自転車駐輪場情報","source_url":"https://www.tomin-anzen.metro.tokyo.lg.jp/kotsu/jitensha/seisaku-jyourei/churinjou","source_updated_at":"2026-04-02"},"geometry":{"type":"Point","coordinates":[139.73773,35.69445]}},{"type":"Feature","properties":{"id":"official-parking-tokyo-4027","name":"若松河田駅駐輪場Ａ","municipality":"新宿区","address":"東京都新宿区河田町10-10","capacity":56,"source_publisher":"東京都都民安全総合対策本部","source_title":"自転車駐輪場情報","source_url":"https://www.tomin-anzen.metro.tokyo.lg.jp/kotsu/jitensha/seisaku-jyourei/churinjou","source_updated_at":"2026-04-02"},"geometry":{"type":"Point","coordinates":[139.71756,35.69871]}},{"type":"Feature","properties":{"id":"official-parking-tokyo-4029","name":"若松河田駅駐輪場Ｃ","municipality":"新宿区","address":"東京都新宿区河田町10先","capacity":30,"source_publisher":"東京都都民安全総合対策本部","source_title":"自転車駐輪場情報","source_url":"https://www.tomin-anzen.metro.tokyo.lg.jp/kotsu/jitensha/seisaku-jyourei/churinjou","source_updated_at":"2026-04-02"},"geometry":{"type":"Point","coordinates":[139.71715,35.69879]}},{"type":"Feature","properties":{"id":"official-parking-tokyo-4007","name":"曙橋駅自転車等駐車場","municipality":"新宿区","address":"東京都新宿区片町5先","capacity":267,"source_publisher":"東京都都民安全総合対策本部","source_title":"自転車駐輪場情報","source_url":"https://www.tomin-anzen.metro.tokyo.lg.jp/kotsu/jitensha/seisaku-jyourei/churinjou","source_updated_at":"2026-04-02"},"geometry":{"type":"Point","coordinates":[139.72399,35.69278]}},{"type":"Feature","properties":{"id":"official-parking-tokyo-4018","name":"信濃町駅駐輪場Ａ","municipality":"新宿区","address":"東京都新宿区霞が丘町12先","capacity":150,"source_publisher":"東京都都民安全総合対策本部","source_title":"自転車駐輪場情報","source_url":"https://www.tomin-anzen.metro.tokyo.lg.jp/kotsu/jitensha/seisaku-jyourei/churinjou","source_updated_at":"2026-04-02"},"geometry":{"type":"Point","coordinates":[139.71883,35.67999]}},{"type":"Feature","properties":{"id":"official-parking-tokyo-4019","name":"信濃町駅駐輪場Ｂ","municipality":"新宿区","address":"東京都新宿区南元町19先","capacity":41,"source_publisher":"東京都都民安全総合対策本部","source_title":"自転車駐輪場情報","source_url":"https://www.tomin-anzen.metro.tokyo.lg.jp/kotsu/jitensha/seisaku-jyourei/churinjou","source_updated_at":"2026-04-02"},"geometry":{"type":"Point","coordinates":[139.71986,35.67967]}},{"type":"Feature","properties":{"id":"official-parking-tokyo-4072","name":"新宿駅西口自転車駐輪場","municipality":"新宿区","address":"東京都新宿区西新宿1-8,13,24先","capacity":135,"source_publisher":"東京都都民安全総合対策本部","source_title":"自転車駐輪場情報","source_url":"https://www.tomin-anzen.metro.tokyo.lg.jp/kotsu/jitensha/seisaku-jyourei/churinjou","source_updated_at":"2026-04-02"},"geometry":{"type":"Point","coordinates":[139.69645,35.69018]}},{"type":"Feature","properties":{"id":"official-parking-tokyo-4065","name":"新宿駅東口自転車駐輪場","municipality":"新宿区","address":"東京都新宿区新宿3-23,27","capacity":91,"source_publisher":"東京都都民安全総合対策本部","source_title":"自転車駐輪場情報","source_url":"https://www.tomin-anzen.metro.tokyo.lg.jp/kotsu/jitensha/seisaku-jyourei/churinjou","source_updated_at":"2026-04-02"},"geometry":{"type":"Point","coordinates":[139.70051,35.69246]}},{"type":"Feature","properties":{"id":"official-parking-tokyo-4066","name":"新宿駅東南口自転車駐輪場","municipality":"新宿区","address":"東京都新宿区新宿3-37","capacity":564,"source_publisher":"東京都都民安全総合対策本部","source_title":"自転車駐輪場情報","source_url":"https://www.tomin-anzen.metro.tokyo.lg.jp/kotsu/jitensha/seisaku-jyourei/churinjou","source_updated_at":"2026-04-02"},"geometry":{"type":"Point","coordinates":[139.7014,35.68955]}},{"type":"Feature","properties":{"id":"official-parking-tokyo-4073","name":"新宿駅南口自転車駐輪場","municipality":"新宿区","address":"東京都新宿区西新宿1-18,19先","capacity":202,"source_publisher":"東京都都民安全総合対策本部","source_title":"自転車駐輪場情報","source_url":"https://www.tomin-anzen.metro.tokyo.lg.jp/kotsu/jitensha/seisaku-jyourei/churinjou","source_updated_at":"2026-04-02"},"geometry":{"type":"Point","coordinates":[139.69868,35.68864]}},{"type":"Feature","properties":{"id":"official-parking-tokyo-4063","name":"新宿駅靖国通り自転車駐輪場","municipality":"新宿区","address":"東京都新宿区歌舞伎町1-1,5,6,16,17、5-17、新宿3-14,15,20,21,22,23","capacity":559,"source_publisher":"東京都都民安全総合対策本部","source_title":"自転車駐輪場情報","source_url":"https://www.tomin-anzen.metro.tokyo.lg.jp/kotsu/jitensha/seisaku-jyourei/churinjou","source_updated_at":"2026-04-02"},"geometry":{"type":"Point","coordinates":[139.7009,35.69383]}},{"type":"Feature","properties":{"id":"official-parking-tokyo-4067","name":"新宿駅路上自転車駐輪場","municipality":"新宿区","address":"東京都新宿区西新宿1-1,4,5,6,7,9,10,17,18","capacity":592,"source_publisher":"東京都都民安全総合対策本部","source_title":"自転車駐輪場情報","source_url":"https://www.tomin-anzen.metro.tokyo.lg.jp/kotsu/jitensha/seisaku-jyourei/churinjou","source_updated_at":"2026-04-02"},"geometry":{"type":"Point","coordinates":[139.69901,35.689]}},{"type":"Feature","properties":{"id":"official-parking-tokyo-4020","name":"新宿御苑前駅駐輪場","municipality":"新宿区","address":"東京都新宿区新宿1-4,6,7,8先","capacity":36,"source_publisher":"東京都都民安全総合対策本部","source_title":"自転車駐輪場情報","source_url":"https://www.tomin-anzen.metro.tokyo.lg.jp/kotsu/jitensha/seisaku-jyourei/churinjou","source_updated_at":"2026-04-02"},"geometry":{"type":"Point","coordinates":[139.71064,35.68866]}},{"type":"Feature","properties":{"id":"official-parking-tokyo-4021","name":"新宿三丁目駅駐輪場","municipality":"新宿区","address":"東京都新宿区新宿2-12,19先、3-2,8,9,11先","capacity":223,"source_publisher":"東京都都民安全総合対策本部","source_title":"自転車駐輪場情報","source_url":"https://www.tomin-anzen.metro.tokyo.lg.jp/kotsu/jitensha/seisaku-jyourei/churinjou","source_updated_at":"2026-04-02"},"geometry":{"type":"Point","coordinates":[139.70686,35.69172]}},{"type":"Feature","properties":{"id":"official-parking-tokyo-4068","name":"新宿西口駅自転車等駐輪場","municipality":"新宿区","address":"東京都新宿区西新宿7-10","capacity":70,"source_publisher":"東京都都民安全総合対策本部","source_title":"自転車駐輪場情報","source_url":"https://www.tomin-anzen.metro.tokyo.lg.jp/kotsu/jitensha/seisaku-jyourei/churinjou","source_updated_at":"2026-04-02"},"geometry":{"type":"Point","coordinates":[139.69954,35.69394]}},{"type":"Feature","properties":{"id":"official-parking-tokyo-4054","name":"新大久保駅自転車等駐輪場","municipality":"新宿区","address":"東京都新宿区百人町2-3","capacity":475,"source_publisher":"東京都都民安全総合対策本部","source_title":"自転車駐輪場情報","source_url":"https://www.tomin-anzen.metro.tokyo.lg.jp/kotsu/jitensha/seisaku-jyourei/churinjou","source_updated_at":"2026-04-02"},"geometry":{"type":"Point","coordinates":[139.70085,35.70247]}},{"type":"Feature","properties":{"id":"official-parking-tokyo-4016","name":"神楽坂駅駐輪場","municipality":"新宿区","address":"東京都新宿区矢来町104","capacity":104,"source_publisher":"東京都都民安全総合対策本部","source_title":"自転車駐輪場情報","source_url":"https://www.tomin-anzen.metro.tokyo.lg.jp/kotsu/jitensha/seisaku-jyourei/churinjou","source_updated_at":"2026-04-02"},"geometry":{"type":"Point","coordinates":[139.7339,35.70355]}},{"type":"Feature","properties":{"id":"official-parking-tokyo-4060","name":"西新宿駅自転車駐輪場","municipality":"新宿区","address":"東京都新宿区西新宿6-2、6-3,4,7、8-5,11","capacity":249,"source_publisher":"東京都都民安全総合対策本部","source_title":"自転車駐輪場情報","source_url":"https://www.tomin-anzen.metro.tokyo.lg.jp/kotsu/jitensha/seisaku-jyourei/churinjou","source_updated_at":"2026-04-02"},"geometry":{"type":"Point","coordinates":[139.69428,35.69383]}},{"type":"Feature","properties":{"id":"official-parking-tokyo-4061","name":"西新宿駅第二自転車駐輪場","municipality":"新宿区","address":"東京都新宿区西新宿6-4,5,6","capacity":108,"source_publisher":"東京都都民安全総合対策本部","source_title":"自転車駐輪場情報","source_url":"https://www.tomin-anzen.metro.tokyo.lg.jp/kotsu/jitensha/seisaku-jyourei/churinjou","source_updated_at":"2026-04-02"},"geometry":{"type":"Point","coordinates":[139.69215,35.69248]}},{"type":"Feature","properties":{"id":"official-parking-tokyo-4049","name":"西新宿五丁目駅自転車等駐輪場","municipality":"新宿区","address":"東京都新宿区西新宿4-5、5-25","capacity":266,"source_publisher":"東京都都民安全総合対策本部","source_title":"自転車駐輪場情報","source_url":"https://www.tomin-anzen.metro.tokyo.lg.jp/kotsu/jitensha/seisaku-jyourei/churinjou","source_updated_at":"2026-04-02"},"geometry":{"type":"Point","coordinates":[139.68421,35.68965]}},{"type":"Feature","properties":{"id":"official-parking-tokyo-4059","name":"西早稲田駅自転車駐輪場","municipality":"新宿区","address":"東京都新宿区高田馬場1-1","capacity":68,"source_publisher":"東京都都民安全総合対策本部","source_title":"自転車駐輪場情報","source_url":"https://www.tomin-anzen.metro.tokyo.lg.jp/kotsu/jitensha/seisaku-jyourei/churinjou","source_updated_at":"2026-04-02"},"geometry":{"type":"Point","coordinates":[139.70897,35.70868]}},{"type":"Feature","properties":{"id":"official-parking-tokyo-4062","name":"西武新宿駅自転車駐輪場","municipality":"新宿区","address":"東京都新宿区歌舞伎町1-23,30","capacity":188,"source_publisher":"東京都都民安全総合対策本部","source_title":"自転車駐輪場情報","source_url":"https://www.tomin-anzen.metro.tokyo.lg.jp/kotsu/jitensha/seisaku-jyourei/churinjou","source_updated_at":"2026-04-02"},"geometry":{"type":"Point","coordinates":[139.70042,35.69423]}},{"type":"Feature","properties":{"id":"official-parking-tokyo-4030","name":"早稲田駅駐輪場","municipality":"新宿区","address":"東京都新宿区戸塚町1-100、馬場下町62先","capacity":114,"source_publisher":"東京都都民安全総合対策本部","source_title":"自転車駐輪場情報","source_url":"https://www.tomin-anzen.metro.tokyo.lg.jp/kotsu/jitensha/seisaku-jyourei/churinjou","source_updated_at":"2026-04-02"},"geometry":{"type":"Point","coordinates":[139.72002,35.70626]}},{"type":"Feature","properties":{"id":"official-parking-tokyo-4031","name":"早大通り自転車等駐輪場","municipality":"新宿区","address":"東京都新宿区早稲田鶴巻町517,518,538先","capacity":45,"source_publisher":"東京都都民安全総合対策本部","source_title":"自転車駐輪場情報","source_url":"https://www.tomin-anzen.metro.tokyo.lg.jp/kotsu/jitensha/seisaku-jyourei/churinjou","source_updated_at":"2026-04-02"},"geometry":{"type":"Point","coordinates":[139.72188,35.70839]}},{"type":"Feature","properties":{"id":"official-parking-tokyo-4055","name":"大久保駅自転車等駐輪場","municipality":"新宿区","address":"東京都新宿区百人町2-27、1-25","capacity":180,"source_publisher":"東京都都民安全総合対策本部","source_title":"自転車駐輪場情報","source_url":"https://www.tomin-anzen.metro.tokyo.lg.jp/kotsu/jitensha/seisaku-jyourei/churinjou","source_updated_at":"2026-04-02"},"geometry":{"type":"Point","coordinates":[139.69664,35.70204]}},{"type":"Feature","properties":{"id":"official-parking-tokyo-4058","name":"中井駅南自転車等駐輪場","municipality":"新宿区","address":"東京都新宿区上落合2-20","capacity":257,"source_publisher":"東京都都民安全総合対策本部","source_title":"自転車駐輪場情報","source_url":"https://www.tomin-anzen.metro.tokyo.lg.jp/kotsu/jitensha/seisaku-jyourei/churinjou","source_updated_at":"2026-04-02"},"geometry":{"type":"Point","coordinates":[139.68645,35.71425]}},{"type":"Feature","properties":{"id":"official-parking-tokyo-4057","name":"中井駅北自転車等駐輪場","municipality":"新宿区","address":"東京都新宿区中落合1-18","capacity":269,"source_publisher":"東京都都民安全総合対策本部","source_title":"自転車駐輪場情報","source_url":"https://www.tomin-anzen.metro.tokyo.lg.jp/kotsu/jitensha/seisaku-jyourei/churinjou","source_updated_at":"2026-04-02"},"geometry":{"type":"Point","coordinates":[139.6872,35.71587]}},{"type":"Feature","properties":{"id":"official-parking-tokyo-4070","name":"都庁前駅自転車駐輪場","municipality":"新宿区","address":"東京都新宿区西新宿2-1,6,7","capacity":108,"source_publisher":"東京都都民安全総合対策本部","source_title":"自転車駐輪場情報","source_url":"https://www.tomin-anzen.metro.tokyo.lg.jp/kotsu/jitensha/seisaku-jyourei/churinjou","source_updated_at":"2026-04-02"},"geometry":{"type":"Point","coordinates":[139.6933,35.69227]}},{"type":"Feature","properties":{"id":"official-parking-tokyo-4071","name":"都庁前駅第二自転車駐輪場","municipality":"新宿区","address":"東京都新宿区西新宿2-7,8先","capacity":104,"source_publisher":"東京都都民安全総合対策本部","source_title":"自転車駐輪場情報","source_url":"https://www.tomin-anzen.metro.tokyo.lg.jp/kotsu/jitensha/seisaku-jyourei/churinjou","source_updated_at":"2026-04-02"},"geometry":{"type":"Point","coordinates":[139.69093,35.69053]}},{"type":"Feature","properties":{"id":"official-parking-tokyo-4069","name":"都庁前高架下自転車駐輪場","municipality":"新宿区","address":"東京都新宿区西新宿2-1","capacity":690,"source_publisher":"東京都都民安全総合対策本部","source_title":"自転車駐輪場情報","source_url":"https://www.tomin-anzen.metro.tokyo.lg.jp/kotsu/jitensha/seisaku-jyourei/churinjou","source_updated_at":"2026-04-02"},"geometry":{"type":"Point","coordinates":[139.69327,35.69151]}},{"type":"Feature","properties":{"id":"official-parking-tokyo-4023","name":"都電早稲田駅駐輪場","municipality":"新宿区","address":"東京都新宿区西早稲田1-23","capacity":17,"source_publisher":"東京都都民安全総合対策本部","source_title":"自転車駐輪場情報","source_url":"https://www.tomin-anzen.metro.tokyo.lg.jp/kotsu/jitensha/seisaku-jyourei/churinjou","source_updated_at":"2026-04-02"},"geometry":{"type":"Point","coordinates":[139.71925,35.71174]}},{"type":"Feature","properties":{"id":"official-parking-tokyo-4056","name":"東新宿駅自転車駐輪場","municipality":"新宿区","address":"東京都新宿区新宿7-27、6-29、歌舞伎町2-3","capacity":274,"source_publisher":"東京都都民安全総合対策本部","source_title":"自転車駐輪場情報","source_url":"https://www.tomin-anzen.metro.tokyo.lg.jp/kotsu/jitensha/seisaku-jyourei/churinjou","source_updated_at":"2026-04-02"},"geometry":{"type":"Point","coordinates":[139.70789,35.69921]}},{"type":"Feature","properties":{"id":"official-parking-tokyo-4009","name":"飯田橋駅自転車等駐車場","municipality":"新宿区","address":"東京都新宿区神楽河岸1先","capacity":171,"source_publisher":"東京都都民安全総合対策本部","source_title":"自転車駐輪場情報","source_url":"https://www.tomin-anzen.metro.tokyo.lg.jp/kotsu/jitensha/seisaku-jyourei/churinjou","source_updated_at":"2026-04-02"},"geometry":{"type":"Point","coordinates":[139.74295,35.7006]}},{"type":"Feature","properties":{"id":"official-parking-tokyo-4010","name":"飯田橋駅駐輪場","municipality":"新宿区","address":"東京都新宿区下宮比町1先","capacity":47,"source_publisher":"東京都都民安全総合対策本部","source_title":"自転車駐輪場情報","source_url":"https://www.tomin-anzen.metro.tokyo.lg.jp/kotsu/jitensha/seisaku-jyourei/churinjou","source_updated_at":"2026-04-02"},"geometry":{"type":"Point","coordinates":[139.74436,35.7028]}},{"type":"Feature","properties":{"id":"official-parking-tokyo-4050","name":"落合駅自転車駐輪場","municipality":"新宿区","address":"東京都新宿区上落合2-29、3-8","capacity":114,"source_publisher":"東京都都民安全総合対策本部","source_title":"自転車駐輪場情報","source_url":"https://www.tomin-anzen.metro.tokyo.lg.jp/kotsu/jitensha/seisaku-jyourei/churinjou","source_updated_at":"2026-04-02"},"geometry":{"type":"Point","coordinates":[139.68241,35.71039]}},{"type":"Feature","properties":{"id":"official-parking-tokyo-4051","name":"落合南長崎駅自転車駐輪場①","municipality":"新宿区","address":"東京都新宿区西落合3-1","capacity":10,"source_publisher":"東京都都民安全総合対策本部","source_title":"自転車駐輪場情報","source_url":"https://www.tomin-anzen.metro.tokyo.lg.jp/kotsu/jitensha/seisaku-jyourei/churinjou","source_updated_at":"2026-04-02"},"geometry":{"type":"Point","coordinates":[139.68379,35.72277]}},{"type":"Feature","properties":{"id":"official-parking-tokyo-4052","name":"落合南長崎駅自転車駐輪場②","municipality":"新宿区","address":"東京都新宿区西落合3-8","capacity":30,"source_publisher":"東京都都民安全総合対策本部","source_title":"自転車駐輪場情報","source_url":"https://www.tomin-anzen.metro.tokyo.lg.jp/kotsu/jitensha/seisaku-jyourei/churinjou","source_updated_at":"2026-04-02"},"geometry":{"type":"Point","coordinates":[139.68241,35.72317]}},{"type":"Feature","properties":{"id":"official-parking-tokyo-50001","name":"箱根ケ崎駅自転車等駐車場","municipality":"瑞穂町","address":"東京都西多摩郡瑞穂町大字箱根ケ崎249-7","capacity":1370,"source_publisher":"東京都都民安全総合対策本部","source_title":"自転車駐輪場情報","source_url":"https://www.tomin-anzen.metro.tokyo.lg.jp/kotsu/jitensha/seisaku-jyourei/churinjou","source_updated_at":"2026-04-02"},"geometry":{"type":"Point","coordinates":[139.34706,35.77139]}},{"type":"Feature","properties":{"id":"official-parking-tokyo-15132","name":"Cycle DAICHI　No.35　荻窪駅西口駐輪場","municipality":"杉並区","address":"東京都杉並区上荻1-16-16","capacity":19,"source_publisher":"東京都都民安全総合対策本部","source_title":"自転車駐輪場情報","source_url":"https://www.tomin-anzen.metro.tokyo.lg.jp/kotsu/jitensha/seisaku-jyourei/churinjou","source_updated_at":"2026-04-02"},"geometry":{"type":"Point","coordinates":[139.61889,35.70515]}},{"type":"Feature","properties":{"id":"official-parking-tokyo-15135","name":"Cycle DAICHI　No.53　荻窪ルーフ駐輪場","municipality":"杉並区","address":"東京都杉並区天沼3-2-7","capacity":155,"source_publisher":"東京都都民安全総合対策本部","source_title":"自転車駐輪場情報","source_url":"https://www.tomin-anzen.metro.tokyo.lg.jp/kotsu/jitensha/seisaku-jyourei/churinjou","source_updated_at":"2026-04-02"},"geometry":{"type":"Point","coordinates":[139.62116,35.70563]}},{"type":"Feature","properties":{"id":"official-parking-tokyo-15131","name":"Cycle DAICHI　No.59　荻窪駅西口第二駐輪場","municipality":"杉並区","address":"東京都杉並区上荻1-10-10","capacity":80,"source_publisher":"東京都都民安全総合対策本部","source_title":"自転車駐輪場情報","source_url":"https://www.tomin-anzen.metro.tokyo.lg.jp/kotsu/jitensha/seisaku-jyourei/churinjou","source_updated_at":"2026-04-02"},"geometry":{"type":"Point","coordinates":[139.61843,35.70494]}},{"type":"Feature","properties":{"id":"official-parking-tokyo-15130","name":"Cycle DAICHI No.68 東高円寺駅前駐輪場","municipality":"杉並区","address":"東京都杉並区高円寺南1-7-3","capacity":58,"source_publisher":"東京都都民安全総合対策本部","source_title":"自転車駐輪場情報","source_url":"https://www.tomin-anzen.metro.tokyo.lg.jp/kotsu/jitensha/seisaku-jyourei/churinjou","source_updated_at":"2026-04-02"},"geometry":{"type":"Point","coordinates":[139.65781,35.69828]}},{"type":"Feature","properties":{"id":"official-parking-tokyo-15098","name":"Nちゃりパーク","municipality":"杉並区","address":"東京都杉並区荻窪5-18-11","capacity":205,"source_publisher":"東京都都民安全総合対策本部","source_title":"自転車駐輪場情報","source_url":"https://www.tomin-anzen.metro.tokyo.lg.jp/kotsu/jitensha/seisaku-jyourei/churinjou","source_updated_at":"2026-04-02"},"geometry":{"type":"Point","coordinates":[139.61853,35.70426]}},{"type":"Feature","properties":{"id":"official-parking-tokyo-15106","name":"Parking in ビーンズ阿佐ヶ谷駐輪場","municipality":"杉並区","address":"東京都杉並区阿佐谷南3-581","capacity":20,"source_publisher":"東京都都民安全総合対策本部","source_title":"自転車駐輪場情報","source_url":"https://www.tomin-anzen.metro.tokyo.lg.jp/kotsu/jitensha/seisaku-jyourei/churinjou","source_updated_at":"2026-04-02"},"geometry":{"type":"Point","coordinates":[139.63639,35.70513]}},{"type":"Feature","properties":{"id":"official-parking-tokyo-15101","name":"Parking in 阿佐ヶ谷駅西駐輪場","municipality":"杉並区","address":"東京都杉並区阿佐谷南3-56-1","capacity":531,"source_publisher":"東京都都民安全総合対策本部","source_title":"自転車駐輪場情報","source_url":"https://www.tomin-anzen.metro.tokyo.lg.jp/kotsu/jitensha/seisaku-jyourei/churinjou","source_updated_at":"2026-04-02"},"geometry":{"type":"Point","coordinates":[139.63392,35.70507]}},{"type":"Feature","properties":{"id":"official-parking-tokyo-15010","name":"Parking in 阿佐ヶ谷駅前駐輪場","municipality":"杉並区","address":"東京都杉並区阿佐谷南3-58-1","capacity":634,"source_publisher":"東京都都民安全総合対策本部","source_title":"自転車駐輪場情報","source_url":"https://www.tomin-anzen.metro.tokyo.lg.jp/kotsu/jitensha/seisaku-jyourei/churinjou","source_updated_at":"2026-04-02"},"geometry":{"type":"Point","coordinates":[139.634522,35.704717]}},{"type":"Feature","properties":{"id":"official-parking-tokyo-15009","name":"Parking in 阿佐ヶ谷駅東第２駐輪場","municipality":"杉並区","address":"東京都杉並区阿佐谷南2-41-1","capacity":1782,"source_publisher":"東京都都民安全総合対策本部","source_title":"自転車駐輪場情報","source_url":"https://www.tomin-anzen.metro.tokyo.lg.jp/kotsu/jitensha/seisaku-jyourei/churinjou","source_updated_at":"2026-04-02"},"geometry":{"type":"Point","coordinates":[139.638274,35.705073]}},{"type":"Feature","properties":{"id":"official-parking-tokyo-15100","name":"Parking in 阿佐ヶ谷駅東駐輪場","municipality":"杉並区","address":"東京都杉並区阿佐谷南2-41-1","capacity":314,"source_publisher":"東京都都民安全総合対策本部","source_title":"自転車駐輪場情報","source_url":"https://www.tomin-anzen.metro.tokyo.lg.jp/kotsu/jitensha/seisaku-jyourei/churinjou","source_updated_at":"2026-04-02"},"geometry":{"type":"Point","coordinates":[139.63875,35.7052]}},{"type":"Feature","properties":{"id":"official-parking-tokyo-15111","name":"Parking in 阿佐ヶ谷南２丁目駐輪場","municipality":"杉並区","address":"東京都杉並区阿佐谷南2-40-1","capacity":56,"source_publisher":"東京都都民安全総合対策本部","source_title":"自転車駐輪場情報","source_url":"https://www.tomin-anzen.metro.tokyo.lg.jp/kotsu/jitensha/seisaku-jyourei/churinjou","source_updated_at":"2026-04-02"},"geometry":{"type":"Point","coordinates":[139.64037,35.70507]}},{"type":"Feature","properties":{"id":"official-parking-tokyo-15008","name":"Parking in 高円寺駅東駐輪場","municipality":"杉並区","address":"東京都杉並区高円寺南4-50-2","capacity":443,"source_publisher":"東京都都民安全総合対策本部","source_title":"自転車駐輪場情報","source_url":"https://www.tomin-anzen.metro.tokyo.lg.jp/kotsu/jitensha/seisaku-jyourei/churinjou","source_updated_at":"2026-04-02"},"geometry":{"type":"Point","coordinates":[139.652149,35.705295]}},{"type":"Feature","properties":{"id":"official-parking-tokyo-15112","name":"Parking in 高円寺南３丁目駐輪場","municipality":"杉並区","address":"東京都杉並区高円寺南3-65","capacity":173,"source_publisher":"東京都都民安全総合対策本部","source_title":"自転車駐輪場情報","source_url":"https://www.tomin-anzen.metro.tokyo.lg.jp/kotsu/jitensha/seisaku-jyourei/churinjou","source_updated_at":"2026-04-02"},"geometry":{"type":"Point","coordinates":[139.64589,35.7052]}},{"type":"Feature","properties":{"id":"official-parking-tokyo-15019","name":"Parking in 西荻窪駅西駐輪場","municipality":"杉並区","address":"東京都杉並区松庵3-41-1","capacity":1359,"source_publisher":"東京都都民安全総合対策本部","source_title":"自転車駐輪場情報","source_url":"https://www.tomin-anzen.metro.tokyo.lg.jp/kotsu/jitensha/seisaku-jyourei/churinjou","source_updated_at":"2026-04-02"},"geometry":{"type":"Point","coordinates":[139.597988,35.703855]}},{"type":"Feature","properties":{"id":"official-parking-tokyo-15093","name":"Parking in 西荻窪駅前第２駐輪場","municipality":"杉並区","address":"東京都杉並区松庵3-41-1","capacity":317,"source_publisher":"東京都都民安全総合対策本部","source_title":"自転車駐輪場情報","source_url":"https://www.tomin-anzen.metro.tokyo.lg.jp/kotsu/jitensha/seisaku-jyourei/churinjou","source_updated_at":"2026-04-02"},"geometry":{"type":"Point","coordinates":[139.59782,35.70396]}},{"type":"Feature","properties":{"id":"official-parking-tokyo-15094","name":"Parking in 西荻窪駅前駐輪場","municipality":"杉並区","address":"東京都杉並区西荻南3-24-1","capacity":910,"source_publisher":"東京都都民安全総合対策本部","source_title":"自転車駐輪場情報","source_url":"https://www.tomin-anzen.metro.tokyo.lg.jp/kotsu/jitensha/seisaku-jyourei/churinjou","source_updated_at":"2026-04-02"},"geometry":{"type":"Point","coordinates":[139.60263,35.7039]}},{"type":"Feature","properties":{"id":"official-parking-tokyo-15062","name":"SKYパーク","municipality":"杉並区","address":"東京都杉並区阿佐谷北1-8-2","capacity":30,"source_publisher":"東京都都民安全総合対策本部","source_title":"自転車駐輪場情報","source_url":"https://www.tomin-anzen.metro.tokyo.lg.jp/kotsu/jitensha/seisaku-jyourei/churinjou","source_updated_at":"2026-04-02"},"geometry":{"type":"Point","coordinates":[139.6388749,35.70570259]}},{"type":"Feature","properties":{"id":"official-parking-tokyo-15113","name":"TACY サイクルパーク高円寺駐輪場","municipality":"杉並区","address":"東京都杉並区高円寺南4-48","capacity":62,"source_publisher":"東京都都民安全総合対策本部","source_title":"自転車駐輪場情報","source_url":"https://www.tomin-anzen.metro.tokyo.lg.jp/kotsu/jitensha/seisaku-jyourei/churinjou","source_updated_at":"2026-04-02"},"geometry":{"type":"Point","coordinates":[139.64985,35.7056]}},{"type":"Feature","properties":{"id":"official-parking-tokyo-15115","name":"TOBUPARK 高円寺駅南口時間貸駐輪場","municipality":"杉並区","address":"東京都杉並区高円寺南3-58-18","capacity":114,"source_publisher":"東京都都民安全総合対策本部","source_title":"自転車駐輪場情報","source_url":"https://www.tomin-anzen.metro.tokyo.lg.jp/kotsu/jitensha/seisaku-jyourei/churinjou","source_updated_at":"2026-04-02"},"geometry":{"type":"Point","coordinates":[139.64866,35.70557]}},{"type":"Feature","properties":{"id":"official-parking-tokyo-15124","name":"アップルパークピーコックストア久我山駐輪場","municipality":"杉並区","address":"東京都杉並区久我山4-2-6","capacity":108,"source_publisher":"東京都都民安全総合対策本部","source_title":"自転車駐輪場情報","source_url":"https://www.tomin-anzen.metro.tokyo.lg.jp/kotsu/jitensha/seisaku-jyourei/churinjou","source_updated_at":"2026-04-02"},"geometry":{"type":"Point","coordinates":[139.59914,35.68897]}},{"type":"Feature","properties":{"id":"official-parking-tokyo-15120","name":"アップルパーク成城石井浜田山店駐輪場","municipality":"杉並区","address":"東京都杉並区浜田山3-34-26","capacity":45,"source_publisher":"東京都都民安全総合対策本部","source_title":"自転車駐輪場情報","source_url":"https://www.tomin-anzen.metro.tokyo.lg.jp/kotsu/jitensha/seisaku-jyourei/churinjou","source_updated_at":"2026-04-02"},"geometry":{"type":"Point","coordinates":[139.62686,35.68275]}},{"type":"Feature","properties":{"id":"official-parking-tokyo-15068","name":"アップルパーク西荻窪駅前駐輪場第1","municipality":"杉並区","address":"東京都杉並区西荻北3-4-11","capacity":51,"source_publisher":"東京都都民安全総合対策本部","source_title":"自転車駐輪場情報","source_url":"https://www.tomin-anzen.metro.tokyo.lg.jp/kotsu/jitensha/seisaku-jyourei/churinjou","source_updated_at":"2026-04-02"},"geometry":{"type":"Point","coordinates":[139.5982086,35.70426435]}},{"type":"Feature","properties":{"id":"official-parking-tokyo-15048","name":"アップルパーク西荻窪駅前駐輪場第２","municipality":"杉並区","address":"東京都杉並区西荻北3-22-16","capacity":171,"source_publisher":"東京都都民安全総合対策本部","source_title":"自転車駐輪場情報","source_url":"https://www.tomin-anzen.metro.tokyo.lg.jp/kotsu/jitensha/seisaku-jyourei/churinjou","source_updated_at":"2026-04-02"},"geometry":{"type":"Point","coordinates":[139.599886,35.7054714]}},{"type":"Feature","properties":{"id":"official-parking-tokyo-15069","name":"アップルパーク西荻窪駅北駐輪場","municipality":"杉並区","address":"東京都杉並区西荻北3-22-8","capacity":124,"source_publisher":"東京都都民安全総合対策本部","source_title":"自転車駐輪場情報","source_url":"https://www.tomin-anzen.metro.tokyo.lg.jp/kotsu/jitensha/seisaku-jyourei/churinjou","source_updated_at":"2026-04-02"},"geometry":{"type":"Point","coordinates":[139.5993689,35.70520854]}},{"type":"Feature","properties":{"id":"official-parking-tokyo-15095","name":"エコステーション21 タウンセブン指定駐輪場","municipality":"杉並区","address":"東京都杉並区上荻1-9-1","capacity":359,"source_publisher":"東京都都民安全総合対策本部","source_title":"自転車駐輪場情報","source_url":"https://www.tomin-anzen.metro.tokyo.lg.jp/kotsu/jitensha/seisaku-jyourei/churinjou","source_updated_at":"2026-04-02"},"geometry":{"type":"Point","coordinates":[139.61958,35.7051]}},{"type":"Feature","properties":{"id":"official-parking-tokyo-15108","name":"エコステーション21 パークハウス阿佐ヶ谷レジデンス駐輪場","municipality":"杉並区","address":"東京都杉並区阿佐谷南3-35-8","capacity":72,"source_publisher":"東京都都民安全総合対策本部","source_title":"自転車駐輪場情報","source_url":"https://www.tomin-anzen.metro.tokyo.lg.jp/kotsu/jitensha/seisaku-jyourei/churinjou","source_updated_at":"2026-04-02"},"geometry":{"type":"Point","coordinates":[139.63586,35.70426]}},{"type":"Feature","properties":{"id":"official-parking-tokyo-15099","name":"エコステーション21 荻窪駅南口駐輪場","municipality":"杉並区","address":"東京都杉並区荻窪5-30","capacity":403,"source_publisher":"東京都都民安全総合対策本部","source_title":"自転車駐輪場情報","source_url":"https://www.tomin-anzen.metro.tokyo.lg.jp/kotsu/jitensha/seisaku-jyourei/churinjou","source_updated_at":"2026-04-02"},"geometry":{"type":"Point","coordinates":[139.6219,35.70388]}},{"type":"Feature","properties":{"id":"official-parking-tokyo-15107","name":"エコステーション21 西友阿佐ヶ谷店駐輪場","municipality":"杉並区","address":"東京都杉並区阿佐谷北1-5-6","capacity":206,"source_publisher":"東京都都民安全総合対策本部","source_title":"自転車駐輪場情報","source_url":"https://www.tomin-anzen.metro.tokyo.lg.jp/kotsu/jitensha/seisaku-jyourei/churinjou","source_updated_at":"2026-04-02"},"geometry":{"type":"Point","coordinates":[139.63681,35.70581]}},{"type":"Feature","properties":{"id":"official-parking-tokyo-15122","name":"エコステーション21 西友富士見ヶ丘店駐輪場","municipality":"杉並区","address":"東京都杉並区高井戸西2-10-13","capacity":54,"source_publisher":"東京都都民安全総合対策本部","source_title":"自転車駐輪場情報","source_url":"https://www.tomin-anzen.metro.tokyo.lg.jp/kotsu/jitensha/seisaku-jyourei/churinjou","source_updated_at":"2026-04-02"},"geometry":{"type":"Point","coordinates":[139.64159,35.66696]}},{"type":"Feature","properties":{"id":"official-parking-tokyo-15082","name":"エコステーション21西友下井草店駐輪場","municipality":"杉並区","address":"東京都杉並区下井草2-41-8","capacity":60,"source_publisher":"東京都都民安全総合対策本部","source_title":"自転車駐輪場情報","source_url":"https://www.tomin-anzen.metro.tokyo.lg.jp/kotsu/jitensha/seisaku-jyourei/churinjou","source_updated_at":"2026-04-02"},"geometry":{"type":"Point","coordinates":[139.62583,35.72337]}},{"type":"Feature","properties":{"id":"official-parking-tokyo-15114","name":"エコプール高円寺北口駐輪場","municipality":"杉並区","address":"東京都杉並区高円寺北2-3-18","capacity":14,"source_publisher":"東京都都民安全総合対策本部","source_title":"自転車駐輪場情報","source_url":"https://www.tomin-anzen.metro.tokyo.lg.jp/kotsu/jitensha/seisaku-jyourei/churinjou","source_updated_at":"2026-04-02"},"geometry":{"type":"Point","coordinates":[139.65185,35.70612]}},{"type":"Feature","properties":{"id":"official-parking-tokyo-15080","name":"キプト阿佐谷南駐輪場","municipality":"杉並区","address":"東京都杉並区阿佐谷南1-47-8","capacity":52,"source_publisher":"東京都都民安全総合対策本部","source_title":"自転車駐輪場情報","source_url":"https://www.tomin-anzen.metro.tokyo.lg.jp/kotsu/jitensha/seisaku-jyourei/churinjou","source_updated_at":"2026-04-02"},"geometry":{"type":"Point","coordinates":[139.63715,35.70382]}},{"type":"Feature","properties":{"id":"official-parking-tokyo-15045","name":"サイカパーク南阿佐ヶ谷駐輪場","municipality":"杉並区","address":"東京都杉並区成田東5-36-15","capacity":76,"source_publisher":"東京都都民安全総合対策本部","source_title":"自転車駐輪場情報","source_url":"https://www.tomin-anzen.metro.tokyo.lg.jp/kotsu/jitensha/seisaku-jyourei/churinjou","source_updated_at":"2026-04-02"},"geometry":{"type":"Point","coordinates":[139.632998,35.6997077]}},{"type":"Feature","properties":{"id":"official-parking-tokyo-15090","name":"サイカパーク南阿佐ヶ谷駐輪場","municipality":"杉並区","address":"東京都杉並区成田東5-36-15","capacity":76,"source_publisher":"東京都都民安全総合対策本部","source_title":"自転車駐輪場情報","source_url":"https://www.tomin-anzen.metro.tokyo.lg.jp/kotsu/jitensha/seisaku-jyourei/churinjou","source_updated_at":"2026-04-02"},"geometry":{"type":"Point","coordinates":[139.63297,35.69987]}},{"type":"Feature","properties":{"id":"official-parking-tokyo-15109","name":"サイクルパーク阿佐ヶ谷南第３駐輪場","municipality":"杉並区","address":"東京都杉並区阿佐谷南3-32-14","capacity":58,"source_publisher":"東京都都民安全総合対策本部","source_title":"自転車駐輪場情報","source_url":"https://www.tomin-anzen.metro.tokyo.lg.jp/kotsu/jitensha/seisaku-jyourei/churinjou","source_updated_at":"2026-04-02"},"geometry":{"type":"Point","coordinates":[139.63609,35.70349]}},{"type":"Feature","properties":{"id":"official-parking-tokyo-15105","name":"サイクルパーク阿佐谷南第２駐輪場","municipality":"杉並区","address":"東京都杉並区阿佐谷南3-37","capacity":119,"source_publisher":"東京都都民安全総合対策本部","source_title":"自転車駐輪場情報","source_url":"https://www.tomin-anzen.metro.tokyo.lg.jp/kotsu/jitensha/seisaku-jyourei/churinjou","source_updated_at":"2026-04-02"},"geometry":{"type":"Point","coordinates":[139.63474,35.70484]}},{"type":"Feature","properties":{"id":"official-parking-tokyo-15103","name":"サイクルパーク阿佐谷南第４駐輪場","municipality":"杉並区","address":"東京都杉並区阿佐谷南3-32-17","capacity":33,"source_publisher":"東京都都民安全総合対策本部","source_title":"自転車駐輪場情報","source_url":"https://www.tomin-anzen.metro.tokyo.lg.jp/kotsu/jitensha/seisaku-jyourei/churinjou","source_updated_at":"2026-04-02"},"geometry":{"type":"Point","coordinates":[139.63584,35.70316]}},{"type":"Feature","properties":{"id":"official-parking-tokyo-15102","name":"サイクルパーク阿佐谷南第５駐輪場","municipality":"杉並区","address":"東京都杉並区阿佐谷南1-35-13","capacity":33,"source_publisher":"東京都都民安全総合対策本部","source_title":"自転車駐輪場情報","source_url":"https://www.tomin-anzen.metro.tokyo.lg.jp/kotsu/jitensha/seisaku-jyourei/churinjou","source_updated_at":"2026-04-02"},"geometry":{"type":"Point","coordinates":[139.63657,35.70342]}},{"type":"Feature","properties":{"id":"official-parking-tokyo-15060","name":"サイクルプラザ西荻窪２","municipality":"杉並区","address":"東京都杉並区西荻北3-3-6","capacity":70,"source_publisher":"東京都都民安全総合対策本部","source_title":"自転車駐輪場情報","source_url":"https://www.tomin-anzen.metro.tokyo.lg.jp/kotsu/jitensha/seisaku-jyourei/churinjou","source_updated_at":"2026-04-02"},"geometry":{"type":"Point","coordinates":[139.5984094,35.70447781]}},{"type":"Feature","properties":{"id":"official-parking-tokyo-15064","name":"サイクルプラザ西荻窪３","municipality":"杉並区","address":"東京都杉並区松庵3-35-15","capacity":92,"source_publisher":"東京都都民安全総合対策本部","source_title":"自転車駐輪場情報","source_url":"https://www.tomin-anzen.metro.tokyo.lg.jp/kotsu/jitensha/seisaku-jyourei/churinjou","source_updated_at":"2026-04-02"},"geometry":{"type":"Point","coordinates":[139.5974875,35.70323664]}},{"type":"Feature","properties":{"id":"official-parking-tokyo-15089","name":"サイクルポート杉並上井草２","municipality":"杉並区","address":"東京都杉並区上井草2-45-7","capacity":6,"source_publisher":"東京都都民安全総合対策本部","source_title":"自転車駐輪場情報","source_url":"https://www.tomin-anzen.metro.tokyo.lg.jp/kotsu/jitensha/seisaku-jyourei/churinjou","source_updated_at":"2026-04-02"},"geometry":{"type":"Point","coordinates":[139.60395,35.7253]}},{"type":"Feature","properties":{"id":"official-parking-tokyo-15088","name":"システムパーク上井草駅前　自転車エリア","municipality":"杉並区","address":"東京都杉並区井草5-19-3","capacity":24,"source_publisher":"東京都都民安全総合対策本部","source_title":"自転車駐輪場情報","source_url":"https://www.tomin-anzen.metro.tokyo.lg.jp/kotsu/jitensha/seisaku-jyourei/churinjou","source_updated_at":"2026-04-02"},"geometry":{"type":"Point","coordinates":[139.6041,35.72702]}},{"type":"Feature","properties":{"id":"official-parking-tokyo-15091","name":"ジャンジャンマールゴット南阿佐ヶ谷駅前店駐輪場","municipality":"杉並区","address":"東京都杉並区成田東5-42-20","capacity":103,"source_publisher":"東京都都民安全総合対策本部","source_title":"自転車駐輪場情報","source_url":"https://www.tomin-anzen.metro.tokyo.lg.jp/kotsu/jitensha/seisaku-jyourei/churinjou","source_updated_at":"2026-04-02"},"geometry":{"type":"Point","coordinates":[139.63543,35.69951]}},{"type":"Feature","properties":{"id":"official-parking-tokyo-15049","name":"タイムパーキング下井草駐輪場","municipality":"杉並区","address":"東京都杉並区下井草3-41-2","capacity":43,"source_publisher":"東京都都民安全総合対策本部","source_title":"自転車駐輪場情報","source_url":"https://www.tomin-anzen.metro.tokyo.lg.jp/kotsu/jitensha/seisaku-jyourei/churinjou","source_updated_at":"2026-04-02"},"geometry":{"type":"Point","coordinates":[139.623617,35.7238108]}},{"type":"Feature","properties":{"id":"official-parking-tokyo-15083","name":"ティップネス下井草駐輪場A","municipality":"杉並区","address":"東京都杉並区下井草2-40-17","capacity":35,"source_publisher":"東京都都民安全総合対策本部","source_title":"自転車駐輪場情報","source_url":"https://www.tomin-anzen.metro.tokyo.lg.jp/kotsu/jitensha/seisaku-jyourei/churinjou","source_updated_at":"2026-04-02"},"geometry":{"type":"Point","coordinates":[139.6252,35.7232]}},{"type":"Feature","properties":{"id":"official-parking-tokyo-15084","name":"ティップネス下井草駐輪場B","municipality":"杉並区","address":"東京都杉並区下井草2-40-17","capacity":160,"source_publisher":"東京都都民安全総合対策本部","source_title":"自転車駐輪場情報","source_url":"https://www.tomin-anzen.metro.tokyo.lg.jp/kotsu/jitensha/seisaku-jyourei/churinjou","source_updated_at":"2026-04-02"},"geometry":{"type":"Point","coordinates":[139.6252,35.7232]}},{"type":"Feature","properties":{"id":"official-parking-tokyo-15127","name":"ナビパーク永福第４駐車場","municipality":"杉並区","address":"東京都杉並区永福3-37-14の隣","capacity":41,"source_publisher":"東京都都民安全総合対策本部","source_title":"自転車駐輪場情報","source_url":"https://www.tomin-anzen.metro.tokyo.lg.jp/kotsu/jitensha/seisaku-jyourei/churinjou","source_updated_at":"2026-04-02"},"geometry":{"type":"Point","coordinates":[139.63626,35.67811]}},{"type":"Feature","properties":{"id":"official-parking-tokyo-15085","name":"ネットパーク井荻駅前自転車駐車場２","municipality":"杉並区","address":"東京都杉並区井草3-4","capacity":177,"source_publisher":"東京都都民安全総合対策本部","source_title":"自転車駐輪場情報","source_url":"https://www.tomin-anzen.metro.tokyo.lg.jp/kotsu/jitensha/seisaku-jyourei/churinjou","source_updated_at":"2026-04-02"},"geometry":{"type":"Point","coordinates":[139.61343,35.72594]}},{"type":"Feature","properties":{"id":"official-parking-tokyo-15118","name":"パーク浜田山駅前 BC","municipality":"杉並区","address":"東京都杉並区浜田山3-34-5","capacity":35,"source_publisher":"東京都都民安全総合対策本部","source_title":"自転車駐輪場情報","source_url":"https://www.tomin-anzen.metro.tokyo.lg.jp/kotsu/jitensha/seisaku-jyourei/churinjou","source_updated_at":"2026-04-02"},"geometry":{"type":"Point","coordinates":[139.62644,35.68251]}},{"type":"Feature","properties":{"id":"official-parking-tokyo-15096","name":"パートナー天沼３丁目駐輪場","municipality":"杉並区","address":"東京都杉並区天沼3-2","capacity":80,"source_publisher":"東京都都民安全総合対策本部","source_title":"自転車駐輪場情報","source_url":"https://www.tomin-anzen.metro.tokyo.lg.jp/kotsu/jitensha/seisaku-jyourei/churinjou","source_updated_at":"2026-04-02"},"geometry":{"type":"Point","coordinates":[139.62188,35.70629]}},{"type":"Feature","properties":{"id":"official-parking-tokyo-15043","name":"バイパーク東高円寺自転車駐輪場","municipality":"杉並区","address":"東京都杉並区和田3-55-40","capacity":746,"source_publisher":"東京都都民安全総合対策本部","source_title":"自転車駐輪場情報","source_url":"https://www.tomin-anzen.metro.tokyo.lg.jp/kotsu/jitensha/seisaku-jyourei/churinjou","source_updated_at":"2026-04-02"},"geometry":{"type":"Point","coordinates":[139.657256,35.697933]}},{"type":"Feature","properties":{"id":"official-parking-tokyo-15092","name":"ピーコックストア阿佐谷店自転車駐車場","municipality":"杉並区","address":"東京都杉並区阿佐谷南1-32-10","capacity":33,"source_publisher":"東京都都民安全総合対策本部","source_title":"自転車駐輪場情報","source_url":"https://www.tomin-anzen.metro.tokyo.lg.jp/kotsu/jitensha/seisaku-jyourei/churinjou","source_updated_at":"2026-04-02"},"geometry":{"type":"Point","coordinates":[139.63736,35.70128]}},{"type":"Feature","properties":{"id":"official-parking-tokyo-15086","name":"ピーコックストア井荻店駐輪場","municipality":"杉並区","address":"東京都杉並区下井草5-18-22","capacity":168,"source_publisher":"東京都都民安全総合対策本部","source_title":"自転車駐輪場情報","source_url":"https://www.tomin-anzen.metro.tokyo.lg.jp/kotsu/jitensha/seisaku-jyourei/churinjou","source_updated_at":"2026-04-02"},"geometry":{"type":"Point","coordinates":[139.615,35.72373]}},{"type":"Feature","properties":{"id":"official-parking-tokyo-15110","name":"ユアーズ阿佐ヶ谷駅前駐輪場第１","municipality":"杉並区","address":"東京都杉並区阿佐谷北2-11-17","capacity":128,"source_publisher":"東京都都民安全総合対策本部","source_title":"自転車駐輪場情報","source_url":"https://www.tomin-anzen.metro.tokyo.lg.jp/kotsu/jitensha/seisaku-jyourei/churinjou","source_updated_at":"2026-04-02"},"geometry":{"type":"Point","coordinates":[139.63435,35.70519]}},{"type":"Feature","properties":{"id":"official-parking-tokyo-15104","name":"阿佐谷北口駅前ビル駐輪場","municipality":"杉並区","address":"東京都杉並区阿佐谷北2-13-2","capacity":96,"source_publisher":"東京都都民安全総合対策本部","source_title":"自転車駐輪場情報","source_url":"https://www.tomin-anzen.metro.tokyo.lg.jp/kotsu/jitensha/seisaku-jyourei/churinjou","source_updated_at":"2026-04-02"},"geometry":{"type":"Point","coordinates":[139.63609,35.70584]}},{"type":"Feature","properties":{"id":"official-parking-tokyo-15004","name":"井荻南地下自転車駐車場","municipality":"杉並区","address":"東京都杉並区上井草1-24-16","capacity":688,"source_publisher":"東京都都民安全総合対策本部","source_title":"自転車駐輪場情報","source_url":"https://www.tomin-anzen.metro.tokyo.lg.jp/kotsu/jitensha/seisaku-jyourei/churinjou","source_updated_at":"2026-04-02"},"geometry":{"type":"Point","coordinates":[139.614328,35.724414]}},{"type":"Feature","properties":{"id":"official-parking-tokyo-15005","name":"井荻北地下自転車駐車場","municipality":"杉並区","address":"東京都杉並区井草3-3-10","capacity":315,"source_publisher":"東京都都民安全総合対策本部","source_title":"自転車駐輪場情報","source_url":"https://www.tomin-anzen.metro.tokyo.lg.jp/kotsu/jitensha/seisaku-jyourei/churinjou","source_updated_at":"2026-04-02"},"geometry":{"type":"Point","coordinates":[139.61436,35.725258]}},{"type":"Feature","properties":{"id":"official-parking-tokyo-15027","name":"永福町南自転車駐車場","municipality":"杉並区","address":"東京都杉並区永福2-53-5","capacity":130,"source_publisher":"東京都都民安全総合対策本部","source_title":"自転車駐輪場情報","source_url":"https://www.tomin-anzen.metro.tokyo.lg.jp/kotsu/jitensha/seisaku-jyourei/churinjou","source_updated_at":"2026-04-02"},"geometry":{"type":"Point","coordinates":[139.641986,35.6756853]}},{"type":"Feature","properties":{"id":"official-parking-tokyo-15028","name":"永福町北第一自転車駐車場","municipality":"杉並区","address":"東京都杉並区永福4-7-8","capacity":295,"source_publisher":"東京都都民安全総合対策本部","source_title":"自転車駐輪場情報","source_url":"https://www.tomin-anzen.metro.tokyo.lg.jp/kotsu/jitensha/seisaku-jyourei/churinjou","source_updated_at":"2026-04-02"},"geometry":{"type":"Point","coordinates":[139.642817,35.677679]}},{"type":"Feature","properties":{"id":"official-parking-tokyo-15030","name":"永福町北第三自転車駐車場","municipality":"杉並区","address":"東京都杉並区和泉3-7-3","capacity":315,"source_publisher":"東京都都民安全総合対策本部","source_title":"自転車駐輪場情報","source_url":"https://www.tomin-anzen.metro.tokyo.lg.jp/kotsu/jitensha/seisaku-jyourei/churinjou","source_updated_at":"2026-04-02"},"geometry":{"type":"Point","coordinates":[139.645074,35.67567]}},{"type":"Feature","properties":{"id":"official-parking-tokyo-15029","name":"永福町北第二自転車駐車場","municipality":"杉並区","address":"東京都杉並区和泉3-12-15","capacity":270,"source_publisher":"東京都都民安全総合対策本部","source_title":"自転車駐輪場情報","source_url":"https://www.tomin-anzen.metro.tokyo.lg.jp/kotsu/jitensha/seisaku-jyourei/churinjou","source_updated_at":"2026-04-02"},"geometry":{"type":"Point","coordinates":[139.644997,35.676947]}},{"type":"Feature","properties":{"id":"official-parking-tokyo-15015","name":"荻窪西第一自転車駐車場","municipality":"杉並区","address":"東京都杉並区上荻1-20-3","capacity":1769,"source_publisher":"東京都都民安全総合対策本部","source_title":"自転車駐輪場情報","source_url":"https://www.tomin-anzen.metro.tokyo.lg.jp/kotsu/jitensha/seisaku-jyourei/churinjou","source_updated_at":"2026-04-02"},"geometry":{"type":"Point","coordinates":[139.617517,35.705417]}},{"type":"Feature","properties":{"id":"official-parking-tokyo-15016","name":"荻窪西第二自転車駐車場","municipality":"杉並区","address":"東京都杉並区上荻1-21-25","capacity":284,"source_publisher":"東京都都民安全総合対策本部","source_title":"自転車駐輪場情報","source_url":"https://www.tomin-anzen.metro.tokyo.lg.jp/kotsu/jitensha/seisaku-jyourei/churinjou","source_updated_at":"2026-04-02"},"geometry":{"type":"Point","coordinates":[139.617173,35.70536]}},{"type":"Feature","properties":{"id":"official-parking-tokyo-15133","name":"荻窪東地下（短時間利用）自転車駐車場","municipality":"杉並区","address":"東京都杉並区上荻1-4-8","capacity":40,"source_publisher":"東京都都民安全総合対策本部","source_title":"自転車駐輪場情報","source_url":"https://www.tomin-anzen.metro.tokyo.lg.jp/kotsu/jitensha/seisaku-jyourei/churinjou","source_updated_at":"2026-04-02"},"geometry":{"type":"Point","coordinates":[139.62255,35.70493]}},{"type":"Feature","properties":{"id":"official-parking-tokyo-15011","name":"荻窪東地下自転車駐車場","municipality":"杉並区","address":"東京都杉並区上荻1-2-1","capacity":555,"source_publisher":"東京都都民安全総合対策本部","source_title":"自転車駐輪場情報","source_url":"https://www.tomin-anzen.metro.tokyo.lg.jp/kotsu/jitensha/seisaku-jyourei/churinjou","source_updated_at":"2026-04-02"},"geometry":{"type":"Point","coordinates":[139.622417,35.704716]}},{"type":"Feature","properties":{"id":"official-parking-tokyo-15017","name":"荻窪南第一自転車駐車場","municipality":"杉並区","address":"東京都杉並区荻窪4-21-16","capacity":2617,"source_publisher":"東京都都民安全総合対策本部","source_title":"自転車駐輪場情報","source_url":"https://www.tomin-anzen.metro.tokyo.lg.jp/kotsu/jitensha/seisaku-jyourei/churinjou","source_updated_at":"2026-04-02"},"geometry":{"type":"Point","coordinates":[139.622278,35.703428]}},{"type":"Feature","properties":{"id":"official-parking-tokyo-15018","name":"荻窪南第二自転車駐車場","municipality":"杉並区","address":"東京都杉並区荻窪5-15-13","capacity":1075,"source_publisher":"東京都都民安全総合対策本部","source_title":"自転車駐輪場情報","source_url":"https://www.tomin-anzen.metro.tokyo.lg.jp/kotsu/jitensha/seisaku-jyourei/churinjou","source_updated_at":"2026-04-02"},"geometry":{"type":"Point","coordinates":[139.616345,35.70409]}},{"type":"Feature","properties":{"id":"official-parking-tokyo-15012","name":"荻窪北第一自転車駐車場","municipality":"杉並区","address":"東京都杉並区天沼3-3-19","capacity":933,"source_publisher":"東京都都民安全総合対策本部","source_title":"自転車駐輪場情報","source_url":"https://www.tomin-anzen.metro.tokyo.lg.jp/kotsu/jitensha/seisaku-jyourei/churinjou","source_updated_at":"2026-04-02"},"geometry":{"type":"Point","coordinates":[139.621242,35.705651]}},{"type":"Feature","properties":{"id":"official-parking-tokyo-15014","name":"荻窪北第三自転車駐車場","municipality":"杉並区","address":"東京都杉並区天沼3-30-40","capacity":660,"source_publisher":"東京都都民安全総合対策本部","source_title":"自転車駐輪場情報","source_url":"https://www.tomin-anzen.metro.tokyo.lg.jp/kotsu/jitensha/seisaku-jyourei/churinjou","source_updated_at":"2026-04-02"},"geometry":{"type":"Point","coordinates":[139.622334,35.706665]}},{"type":"Feature","properties":{"id":"official-parking-tokyo-15013","name":"荻窪北第二自転車駐車場","municipality":"杉並区","address":"東京都杉並区天沼3-2-13","capacity":352,"source_publisher":"東京都都民安全総合対策本部","source_title":"自転車駐輪場情報","source_url":"https://www.tomin-anzen.metro.tokyo.lg.jp/kotsu/jitensha/seisaku-jyourei/churinjou","source_updated_at":"2026-04-02"},"geometry":{"type":"Point","coordinates":[139.621331,35.70577]}},{"type":"Feature","properties":{"id":"official-parking-tokyo-15001","name":"下井草南自転車駐車場","municipality":"杉並区","address":"東京都杉並区下井草2-36-16","capacity":166,"source_publisher":"東京都都民安全総合対策本部","source_title":"自転車駐輪場情報","source_url":"https://www.tomin-anzen.metro.tokyo.lg.jp/kotsu/jitensha/seisaku-jyourei/churinjou","source_updated_at":"2026-04-02"},"geometry":{"type":"Point","coordinates":[139.627323,35.723303]}},{"type":"Feature","properties":{"id":"official-parking-tokyo-15042","name":"下井草北口駅前駐輪場","municipality":"杉並区","address":"東京都杉並井草1-6-2","capacity":128,"source_publisher":"東京都都民安全総合対策本部","source_title":"自転車駐輪場情報","source_url":"https://www.tomin-anzen.metro.tokyo.lg.jp/kotsu/jitensha/seisaku-jyourei/churinjou","source_updated_at":"2026-04-02"},"geometry":{"type":"Point","coordinates":[139.623828,35.7245156]}},{"type":"Feature","properties":{"id":"official-parking-tokyo-15002","name":"下井草北第一自転車駐車場","municipality":"杉並区","address":"東京都杉並区井草1-10-17","capacity":192,"source_publisher":"東京都都民安全総合対策本部","source_title":"自転車駐輪場情報","source_url":"https://www.tomin-anzen.metro.tokyo.lg.jp/kotsu/jitensha/seisaku-jyourei/churinjou","source_updated_at":"2026-04-02"},"geometry":{"type":"Point","coordinates":[139.626772,35.724482]}},{"type":"Feature","properties":{"id":"official-parking-tokyo-15003","name":"下井草北第二自転車駐車場","municipality":"杉並区","address":"東京都杉並区井草1-2-4","capacity":120,"source_publisher":"東京都都民安全総合対策本部","source_title":"自転車駐輪場情報","source_url":"https://www.tomin-anzen.metro.tokyo.lg.jp/kotsu/jitensha/seisaku-jyourei/churinjou","source_updated_at":"2026-04-02"},"geometry":{"type":"Point","coordinates":[139.624144,35.724203]}},{"type":"Feature","properties":{"id":"official-parking-tokyo-15123","name":"久我山駅店舗駐輪場","municipality":"杉並区","address":"東京都杉並区久我山4-1-11","capacity":31,"source_publisher":"東京都都民安全総合対策本部","source_title":"自転車駐輪場情報","source_url":"https://www.tomin-anzen.metro.tokyo.lg.jp/kotsu/jitensha/seisaku-jyourei/churinjou","source_updated_at":"2026-04-02"},"geometry":{"type":"Point","coordinates":[139.59948,35.68818]}},{"type":"Feature","properties":{"id":"official-parking-tokyo-15036","name":"久我山西自転車駐車場","municipality":"杉並区","address":"東京都杉並区久我山3-35-29","capacity":1102,"source_publisher":"東京都都民安全総合対策本部","source_title":"自転車駐輪場情報","source_url":"https://www.tomin-anzen.metro.tokyo.lg.jp/kotsu/jitensha/seisaku-jyourei/churinjou","source_updated_at":"2026-04-02"},"geometry":{"type":"Point","coordinates":[139.598585,35.68799]}},{"type":"Feature","properties":{"id":"official-parking-tokyo-15037","name":"久我山南自転車駐車場","municipality":"杉並区","address":"東京都杉並区久我山3-25-6","capacity":364,"source_publisher":"東京都都民安全総合対策本部","source_title":"自転車駐輪場情報","source_url":"https://www.tomin-anzen.metro.tokyo.lg.jp/kotsu/jitensha/seisaku-jyourei/churinjou","source_updated_at":"2026-04-02"},"geometry":{"type":"Point","coordinates":[139.598647,35.687838]}},{"type":"Feature","properties":{"id":"official-parking-tokyo-15038","name":"久我山北自転車駐車場","municipality":"杉並区","address":"東京都杉並区久我山5-38-10","capacity":333,"source_publisher":"東京都都民安全総合対策本部","source_title":"自転車駐輪場情報","source_url":"https://www.tomin-anzen.metro.tokyo.lg.jp/kotsu/jitensha/seisaku-jyourei/churinjou","source_updated_at":"2026-04-02"},"geometry":{"type":"Point","coordinates":[139.600391,35.689522]}},{"type":"Feature","properties":{"id":"official-parking-tokyo-15116","name":"京王サイクルパーク永福町","municipality":"杉並区","address":"東京都杉並区永福2-60-23","capacity":371,"source_publisher":"東京都都民安全総合対策本部","source_title":"自転車駐輪場情報","source_url":"https://www.tomin-anzen.metro.tokyo.lg.jp/kotsu/jitensha/seisaku-jyourei/churinjou","source_updated_at":"2026-04-02"},"geometry":{"type":"Point","coordinates":[139.6429,35.67678]}},{"type":"Feature","properties":{"id":"official-parking-tokyo-15121","name":"京王サイクルパーク高井戸","municipality":"杉並区","address":"東京都杉並区高井戸西1-30","capacity":564,"source_publisher":"東京都都民安全総合対策本部","source_title":"自転車駐輪場情報","source_url":"https://www.tomin-anzen.metro.tokyo.lg.jp/kotsu/jitensha/seisaku-jyourei/churinjou","source_updated_at":"2026-04-02"},"geometry":{"type":"Point","coordinates":[139.61515,35.68337]}},{"type":"Feature","properties":{"id":"official-parking-tokyo-15134","name":"京王サイクルパーク八幡山西","municipality":"杉並区","address":"東京都杉並区上高井戸1-1-11","capacity":402,"source_publisher":"東京都都民安全総合対策本部","source_title":"自転車駐輪場情報","source_url":"https://www.tomin-anzen.metro.tokyo.lg.jp/kotsu/jitensha/seisaku-jyourei/churinjou","source_updated_at":"2026-04-02"},"geometry":{"type":"Point","coordinates":[139.61532,35.6701]}},{"type":"Feature","properties":{"id":"official-parking-tokyo-15039","name":"甲州街道自転車置場","municipality":"杉並区","address":"東京都杉並区下高井戸4-8","capacity":200,"source_publisher":"東京都都民安全総合対策本部","source_title":"自転車駐輪場情報","source_url":"https://www.tomin-anzen.metro.tokyo.lg.jp/kotsu/jitensha/seisaku-jyourei/churinjou","source_updated_at":"2026-04-02"},"geometry":{"type":"Point","coordinates":[139.625668,35.670341]}},{"type":"Feature","properties":{"id":"official-parking-tokyo-15034","name":"高井戸東自転車駐車場","municipality":"杉並区","address":"東京都杉並区高井戸東2-30-25","capacity":375,"source_publisher":"東京都都民安全総合対策本部","source_title":"自転車駐輪場情報","source_url":"https://www.tomin-anzen.metro.tokyo.lg.jp/kotsu/jitensha/seisaku-jyourei/churinjou","source_updated_at":"2026-04-02"},"geometry":{"type":"Point","coordinates":[139.61672,35.68306]}},{"type":"Feature","properties":{"id":"official-parking-tokyo-15035","name":"高井戸北自転車駐車場","municipality":"杉並区","address":"東京都杉並区高井戸西2-2-1","capacity":442,"source_publisher":"東京都都民安全総合対策本部","source_title":"自転車駐輪場情報","source_url":"https://www.tomin-anzen.metro.tokyo.lg.jp/kotsu/jitensha/seisaku-jyourei/churinjou","source_updated_at":"2026-04-02"},"geometry":{"type":"Point","coordinates":[139.615095,35.683697]}},{"type":"Feature","properties":{"id":"official-parking-tokyo-15007","name":"高円寺北自転車駐車場","municipality":"杉並区","address":"東京都杉並区高円寺北3-20-23","capacity":2537,"source_publisher":"東京都都民安全総合対策本部","source_title":"自転車駐輪場情報","source_url":"https://www.tomin-anzen.metro.tokyo.lg.jp/kotsu/jitensha/seisaku-jyourei/churinjou","source_updated_at":"2026-04-02"},"geometry":{"type":"Point","coordinates":[139.649298,35.706606]}},{"type":"Feature","properties":{"id":"official-parking-tokyo-15040","name":"桜上水北自転車駐車場","municipality":"杉並区","address":"東京都杉並区下高井戸1-24-15","capacity":383,"source_publisher":"東京都都民安全総合対策本部","source_title":"自転車駐輪場情報","source_url":"https://www.tomin-anzen.metro.tokyo.lg.jp/kotsu/jitensha/seisaku-jyourei/churinjou","source_updated_at":"2026-04-02"},"geometry":{"type":"Point","coordinates":[139.632323,35.66851]}},{"type":"Feature","properties":{"id":"official-parking-tokyo-15075","name":"三井のリパーク阿佐ヶ谷","municipality":"杉並区","address":"東京都杉並区阿佐谷南2-14-9","capacity":86,"source_publisher":"東京都都民安全総合対策本部","source_title":"自転車駐輪場情報","source_url":"https://www.tomin-anzen.metro.tokyo.lg.jp/kotsu/jitensha/seisaku-jyourei/churinjou","source_updated_at":"2026-04-02"},"geometry":{"type":"Point","coordinates":[139.637405,35.7042909]}},{"type":"Feature","properties":{"id":"official-parking-tokyo-15041","name":"三井のリパーク荻窪北","municipality":"杉並区","address":"東京都杉並区天沼3-2-24","capacity":331,"source_publisher":"東京都都民安全総合対策本部","source_title":"自転車駐輪場情報","source_url":"https://www.tomin-anzen.metro.tokyo.lg.jp/kotsu/jitensha/seisaku-jyourei/churinjou","source_updated_at":"2026-04-02"},"geometry":{"type":"Point","coordinates":[139.622187,35.7056381]}},{"type":"Feature","properties":{"id":"official-parking-tokyo-15074","name":"三井のリパーク久我山駅前第２駐輪場","municipality":"杉並区","address":"東京都杉並区久我山2-16","capacity":108,"source_publisher":"東京都都民安全総合対策本部","source_title":"自転車駐輪場情報","source_url":"https://www.tomin-anzen.metro.tokyo.lg.jp/kotsu/jitensha/seisaku-jyourei/churinjou","source_updated_at":"2026-04-02"},"geometry":{"type":"Point","coordinates":[139.600235,35.6870607]}},{"type":"Feature","properties":{"id":"official-parking-tokyo-15125","name":"三井のリパーク久我山駅前第３駐輪場","municipality":"杉並区","address":"東京都杉並区久我山2-16","capacity":48,"source_publisher":"東京都都民安全総合対策本部","source_title":"自転車駐輪場情報","source_url":"https://www.tomin-anzen.metro.tokyo.lg.jp/kotsu/jitensha/seisaku-jyourei/churinjou","source_updated_at":"2026-04-02"},"geometry":{"type":"Point","coordinates":[139.60104,35.6861]}},{"type":"Feature","properties":{"id":"official-parking-tokyo-15078","name":"三井のリパーク久我山駅前第４駐輪場","municipality":"杉並区","address":"東京都杉並区久我山5-7-12","capacity":57,"source_publisher":"東京都都民安全総合対策本部","source_title":"自転車駐輪場情報","source_url":"https://www.tomin-anzen.metro.tokyo.lg.jp/kotsu/jitensha/seisaku-jyourei/churinjou","source_updated_at":"2026-04-02"},"geometry":{"type":"Point","coordinates":[139.60039,35.68791]}},{"type":"Feature","properties":{"id":"official-parking-tokyo-15079","name":"三井のリパーク久我山駅前第５駐輪場","municipality":"杉並区","address":"東京都杉並区久我山3-24-18","capacity":60,"source_publisher":"東京都都民安全総合対策本部","source_title":"自転車駐輪場情報","source_url":"https://www.tomin-anzen.metro.tokyo.lg.jp/kotsu/jitensha/seisaku-jyourei/churinjou","source_updated_at":"2026-04-02"},"geometry":{"type":"Point","coordinates":[139.59958,35.68741]}},{"type":"Feature","properties":{"id":"official-parking-tokyo-15063","name":"三井のリパーク久我山駅前駐輪場","municipality":"杉並区","address":"東京都杉並区久我山2-16-25","capacity":140,"source_publisher":"東京都都民安全総合対策本部","source_title":"自転車駐輪場情報","source_url":"https://www.tomin-anzen.metro.tokyo.lg.jp/kotsu/jitensha/seisaku-jyourei/churinjou","source_updated_at":"2026-04-02"},"geometry":{"type":"Point","coordinates":[139.599847,35.6873171]}},{"type":"Feature","properties":{"id":"official-parking-tokyo-15067","name":"三井のリパーク南阿佐ヶ谷駅前駐輪場","municipality":"杉並区","address":"東京都杉並区阿佐谷南1-17","capacity":139,"source_publisher":"東京都都民安全総合対策本部","source_title":"自転車駐輪場情報","source_url":"https://www.tomin-anzen.metro.tokyo.lg.jp/kotsu/jitensha/seisaku-jyourei/churinjou","source_updated_at":"2026-04-02"},"geometry":{"type":"Point","coordinates":[139.636304,35.7007334]}},{"type":"Feature","properties":{"id":"official-parking-tokyo-15006","name":"上井草北自転車駐車場","municipality":"杉並区","address":"東京都杉並区井草5-5-2","capacity":450,"source_publisher":"東京都都民安全総合対策本部","source_title":"自転車駐輪場情報","source_url":"https://www.tomin-anzen.metro.tokyo.lg.jp/kotsu/jitensha/seisaku-jyourei/churinjou","source_updated_at":"2026-04-02"},"geometry":{"type":"Point","coordinates":[139.60347,35.72553]}},{"type":"Feature","properties":{"id":"official-parking-tokyo-15061","name":"上荻一丁目駐輪場","municipality":"杉並区","address":"東京都杉並区上荻1-18-12","capacity":50,"source_publisher":"東京都都民安全総合対策本部","source_title":"自転車駐輪場情報","source_url":"https://www.tomin-anzen.metro.tokyo.lg.jp/kotsu/jitensha/seisaku-jyourei/churinjou","source_updated_at":"2026-04-02"},"geometry":{"type":"Point","coordinates":[139.6178348,35.70630334]}},{"type":"Feature","properties":{"id":"official-parking-tokyo-15021","name":"新高円寺地下自転車駐車場","municipality":"杉並区","address":"東京都杉並区梅里1-7-20","capacity":1270,"source_publisher":"東京都都民安全総合対策本部","source_title":"自転車駐輪場情報","source_url":"https://www.tomin-anzen.metro.tokyo.lg.jp/kotsu/jitensha/seisaku-jyourei/churinjou","source_updated_at":"2026-04-02"},"geometry":{"type":"Point","coordinates":[139.649526,35.697218]}},{"type":"Feature","properties":{"id":"official-parking-tokyo-15072","name":"西永福南第一自転車駐車場","municipality":"杉並区","address":"東京都杉並区永福3-38-10","capacity":79,"source_publisher":"東京都都民安全総合対策本部","source_title":"自転車駐輪場情報","source_url":"https://www.tomin-anzen.metro.tokyo.lg.jp/kotsu/jitensha/seisaku-jyourei/churinjou","source_updated_at":"2026-04-02"},"geometry":{"type":"Point","coordinates":[139.6355524,35.67772181]}},{"type":"Feature","properties":{"id":"official-parking-tokyo-15073","name":"西永福南第二自転車駐車場","municipality":"杉並区","address":"東京都杉並区浜田山1-33-3","capacity":325,"source_publisher":"東京都都民安全総合対策本部","source_title":"自転車駐輪場情報","source_url":"https://www.tomin-anzen.metro.tokyo.lg.jp/kotsu/jitensha/seisaku-jyourei/churinjou","source_updated_at":"2026-04-02"},"geometry":{"type":"Point","coordinates":[139.6331178,35.67800623]}},{"type":"Feature","properties":{"id":"official-parking-tokyo-15087","name":"西武スマイルパーク上井草駐輪場","municipality":"杉並区","address":"東京都杉並区上井草1-24-163-32","capacity":60,"source_publisher":"東京都都民安全総合対策本部","source_title":"自転車駐輪場情報","source_url":"https://www.tomin-anzen.metro.tokyo.lg.jp/kotsu/jitensha/seisaku-jyourei/churinjou","source_updated_at":"2026-04-02"},"geometry":{"type":"Point","coordinates":[139.60251,35.72541]}},{"type":"Feature","properties":{"id":"official-parking-tokyo-15119","name":"西友浜田山店駐輪場","municipality":"杉並区","address":"東京都杉並区浜田山3-29-6","capacity":207,"source_publisher":"東京都都民安全総合対策本部","source_title":"自転車駐輪場情報","source_url":"https://www.tomin-anzen.metro.tokyo.lg.jp/kotsu/jitensha/seisaku-jyourei/churinjou","source_updated_at":"2026-04-02"},"geometry":{"type":"Point","coordinates":[139.62753,35.68303]}},{"type":"Feature","properties":{"id":"official-parking-tokyo-15044","name":"代田橋バイク自転車駐車場","municipality":"杉並区","address":"東京都杉並区和泉1-3地先","capacity":127,"source_publisher":"東京都都民安全総合対策本部","source_title":"自転車駐輪場情報","source_url":"https://www.tomin-anzen.metro.tokyo.lg.jp/kotsu/jitensha/seisaku-jyourei/churinjou","source_updated_at":"2026-04-02"},"geometry":{"type":"Point","coordinates":[139.658281,35.672151]}},{"type":"Feature","properties":{"id":"official-parking-tokyo-15024","name":"中野富士見町自転車駐車場","municipality":"杉並区","address":"東京都杉並区和田1-1-9","capacity":188,"source_publisher":"東京都都民安全総合対策本部","source_title":"自転車駐輪場情報","source_url":"https://www.tomin-anzen.metro.tokyo.lg.jp/kotsu/jitensha/seisaku-jyourei/churinjou","source_updated_at":"2026-04-02"},"geometry":{"type":"Point","coordinates":[139.665475,35.690309]}},{"type":"Feature","properties":{"id":"official-parking-tokyo-15126","name":"東洋カーマックス阿佐谷南２丁目駐輪場","municipality":"杉並区","address":"東京都杉並区阿佐谷南2-14","capacity":64,"source_publisher":"東京都都民安全総合対策本部","source_title":"自転車駐輪場情報","source_url":"https://www.tomin-anzen.metro.tokyo.lg.jp/kotsu/jitensha/seisaku-jyourei/churinjou","source_updated_at":"2026-04-02"},"geometry":{"type":"Point","coordinates":[139.63771,35.70403]}},{"type":"Feature","properties":{"id":"official-parking-tokyo-15136","name":"東洋カーマックス永福町","municipality":"杉並区","address":"東京都杉並区和泉3-5-1","capacity":12,"source_publisher":"東京都都民安全総合対策本部","source_title":"自転車駐輪場情報","source_url":"https://www.tomin-anzen.metro.tokyo.lg.jp/kotsu/jitensha/seisaku-jyourei/churinjou","source_updated_at":"2026-04-02"},"geometry":{"type":"Point","coordinates":[139.64454,35.67635]}},{"type":"Feature","properties":{"id":"official-parking-tokyo-15129","name":"東洋カーマックス久我山第２駐輪場","municipality":"杉並区","address":"東京都杉並区久我山5-7-17","capacity":21,"source_publisher":"東京都都民安全総合対策本部","source_title":"自転車駐輪場情報","source_url":"https://www.tomin-anzen.metro.tokyo.lg.jp/kotsu/jitensha/seisaku-jyourei/churinjou","source_updated_at":"2026-04-02"},"geometry":{"type":"Point","coordinates":[139.60002,35.68781]}},{"type":"Feature","properties":{"id":"official-parking-tokyo-15022","name":"南阿佐ヶ谷第一自転車駐車場","municipality":"杉並区","address":"東京都杉並区成田東4-37-6","capacity":278,"source_publisher":"東京都都民安全総合対策本部","source_title":"自転車駐輪場情報","source_url":"https://www.tomin-anzen.metro.tokyo.lg.jp/kotsu/jitensha/seisaku-jyourei/churinjou","source_updated_at":"2026-04-02"},"geometry":{"type":"Point","coordinates":[139.636865,35.698482]}},{"type":"Feature","properties":{"id":"official-parking-tokyo-15077","name":"南阿佐ヶ谷第三自転車駐車場","municipality":"杉並区","address":"東京都杉並区阿佐谷南3-2-32","capacity":57,"source_publisher":"東京都都民安全総合対策本部","source_title":"自転車駐輪場情報","source_url":"https://www.tomin-anzen.metro.tokyo.lg.jp/kotsu/jitensha/seisaku-jyourei/churinjou","source_updated_at":"2026-04-02"},"geometry":{"type":"Point","coordinates":[139.6352,35.70142]}},{"type":"Feature","properties":{"id":"official-parking-tokyo-15023","name":"南阿佐ヶ谷第二自転車駐車場","municipality":"杉並区","address":"東京都杉並区阿佐谷南1-15-19","capacity":110,"source_publisher":"東京都都民安全総合対策本部","source_title":"自転車駐輪場情報","source_url":"https://www.tomin-anzen.metro.tokyo.lg.jp/kotsu/jitensha/seisaku-jyourei/churinjou","source_updated_at":"2026-04-02"},"geometry":{"type":"Point","coordinates":[139.636872,35.699707]}},{"type":"Feature","properties":{"id":"official-parking-tokyo-15031","name":"浜田山南自転車駐車場","municipality":"杉並区","address":"東京都杉並区浜田山2-22-12","capacity":295,"source_publisher":"東京都都民安全総合対策本部","source_title":"自転車駐輪場情報","source_url":"https://www.tomin-anzen.metro.tokyo.lg.jp/kotsu/jitensha/seisaku-jyourei/churinjou","source_updated_at":"2026-04-02"},"geometry":{"type":"Point","coordinates":[139.628534,35.680604]}},{"type":"Feature","properties":{"id":"official-parking-tokyo-15032","name":"浜田山北第一自転車駐車場","municipality":"杉並区","address":"東京都杉並区浜田山3-24-13","capacity":215,"source_publisher":"東京都都民安全総合対策本部","source_title":"自転車駐輪場情報","source_url":"https://www.tomin-anzen.metro.tokyo.lg.jp/kotsu/jitensha/seisaku-jyourei/churinjou","source_updated_at":"2026-04-02"},"geometry":{"type":"Point","coordinates":[139.628813,35.681952]}},{"type":"Feature","properties":{"id":"official-parking-tokyo-15033","name":"浜田山北第二自転車駐車場","municipality":"杉並区","address":"東京都杉並区浜田山3-27-21","capacity":504,"source_publisher":"東京都都民安全総合対策本部","source_title":"自転車駐輪場情報","source_url":"https://www.tomin-anzen.metro.tokyo.lg.jp/kotsu/jitensha/seisaku-jyourei/churinjou","source_updated_at":"2026-04-02"},"geometry":{"type":"Point","coordinates":[139.628465,35.683416]}},{"type":"Feature","properties":{"id":"official-parking-tokyo-15046","name":"富士見ヶ丘南自転車駐車場","municipality":"杉並区","address":"東京都杉並区高井戸西1-32先","capacity":298,"source_publisher":"東京都都民安全総合対策本部","source_title":"自転車駐輪場情報","source_url":"https://www.tomin-anzen.metro.tokyo.lg.jp/kotsu/jitensha/seisaku-jyourei/churinjou","source_updated_at":"2026-04-02"},"geometry":{"type":"Point","coordinates":[139.607611,35.6837745]}},{"type":"Feature","properties":{"id":"official-parking-tokyo-15047","name":"富士見ヶ丘北自転車駐車場","municipality":"杉並区","address":"東京都杉並区久我山5-1-24","capacity":280,"source_publisher":"東京都都民安全総合対策本部","source_title":"自転車駐輪場情報","source_url":"https://www.tomin-anzen.metro.tokyo.lg.jp/kotsu/jitensha/seisaku-jyourei/churinjou","source_updated_at":"2026-04-02"},"geometry":{"type":"Point","coordinates":[139.607628,35.6848463]}},{"type":"Feature","properties":{"id":"official-parking-tokyo-15026","name":"方南町西自転車駐車場","municipality":"杉並区","address":"東京都杉並区和泉4-51-7","capacity":406,"source_publisher":"東京都都民安全総合対策本部","source_title":"自転車駐輪場情報","source_url":"https://www.tomin-anzen.metro.tokyo.lg.jp/kotsu/jitensha/seisaku-jyourei/churinjou","source_updated_at":"2026-04-02"},"geometry":{"type":"Point","coordinates":[139.656407,35.683211]}},{"type":"Feature","properties":{"id":"official-parking-tokyo-15025","name":"方南町東自転車駐車場","municipality":"杉並区","address":"東京都杉並区方南2-20-2","capacity":118,"source_publisher":"東京都都民安全総合対策本部","source_title":"自転車駐輪場情報","source_url":"https://www.tomin-anzen.metro.tokyo.lg.jp/kotsu/jitensha/seisaku-jyourei/churinjou","source_updated_at":"2026-04-02"},"geometry":{"type":"Point","coordinates":[139.65842,35.683863]}},{"type":"Feature","properties":{"id":"official-parking-tokyo-15128","name":"名鉄協商パーキング下高井戸北口駐輪場","municipality":"杉並区","address":"東京都杉並区下高井戸1-1-13","capacity":46,"source_publisher":"東京都都民安全総合対策本部","source_title":"自転車駐輪場情報","source_url":"https://www.tomin-anzen.metro.tokyo.lg.jp/kotsu/jitensha/seisaku-jyourei/churinjou","source_updated_at":"2026-04-02"},"geometry":{"type":"Point","coordinates":[139.64143,35.66703]}},{"type":"Feature","properties":{"id":"official-parking-tokyo-15081","name":"明大前北駐車指定箇所","municipality":"杉並区","address":"東京都杉並区永福1-1","capacity":310,"source_publisher":"東京都都民安全総合対策本部","source_title":"自転車駐輪場情報","source_url":"https://www.tomin-anzen.metro.tokyo.lg.jp/kotsu/jitensha/seisaku-jyourei/churinjou","source_updated_at":"2026-04-02"},"geometry":{"type":"Point","coordinates":[139.6495,35.67068]}},{"type":"Feature","properties":{"id":"official-parking-tokyo-12007","name":"芦花公園北自転車等駐車場","municipality":"世田谷区","address":"東京都世田谷区南烏山3-2-1","capacity":90,"source_publisher":"東京都都民安全総合対策本部","source_title":"自転車駐輪場情報","source_url":"https://www.tomin-anzen.metro.tokyo.lg.jp/kotsu/jitensha/seisaku-jyourei/churinjou","source_updated_at":"2026-04-02"},"geometry":{"type":"Point","coordinates":[139.608717,35.670757]}},{"type":"Feature","properties":{"id":"official-parking-tokyo-12050","name":"烏山駅前自転車等駐車場","municipality":"世田谷区","address":"東京都世田谷区南烏山5-13-1","capacity":36,"source_publisher":"東京都都民安全総合対策本部","source_title":"自転車駐輪場情報","source_url":"https://www.tomin-anzen.metro.tokyo.lg.jp/kotsu/jitensha/seisaku-jyourei/churinjou","source_updated_at":"2026-04-02"},"geometry":{"type":"Point","coordinates":[139.60214,35.6676711]}},{"type":"Feature","properties":{"id":"official-parking-tokyo-12008","name":"烏山地下自転車等駐車場","municipality":"世田谷区","address":"東京都世田谷区南烏山6-2-21","capacity":1078,"source_publisher":"東京都都民安全総合対策本部","source_title":"自転車駐輪場情報","source_url":"https://www.tomin-anzen.metro.tokyo.lg.jp/kotsu/jitensha/seisaku-jyourei/churinjou","source_updated_at":"2026-04-02"},"geometry":{"type":"Point","coordinates":[139.600539,35.668557]}},{"type":"Feature","properties":{"id":"official-parking-tokyo-12014","name":"烏山中央自転車等駐車場","municipality":"世田谷区","address":"東京都世田谷区南烏山5-17-23","capacity":1781,"source_publisher":"東京都都民安全総合対策本部","source_title":"自転車駐輪場情報","source_url":"https://www.tomin-anzen.metro.tokyo.lg.jp/kotsu/jitensha/seisaku-jyourei/churinjou","source_updated_at":"2026-04-02"},"geometry":{"type":"Point","coordinates":[139.601445,35.667373]}},{"type":"Feature","properties":{"id":"official-parking-tokyo-12051","name":"烏山東自転車等駐車場","municipality":"世田谷区","address":"東京都世田谷区南烏山2-25-10","capacity":270,"source_publisher":"東京都都民安全総合対策本部","source_title":"自転車駐輪場情報","source_url":"https://www.tomin-anzen.metro.tokyo.lg.jp/kotsu/jitensha/seisaku-jyourei/churinjou","source_updated_at":"2026-04-02"},"geometry":{"type":"Point","coordinates":[139.604069,35.6688214]}},{"type":"Feature","properties":{"id":"official-parking-tokyo-12055","name":"烏山南第三自転車等駐車場","municipality":"世田谷区","address":"東京都世田谷区南烏山5-18-19","capacity":25,"source_publisher":"東京都都民安全総合対策本部","source_title":"自転車駐輪場情報","source_url":"https://www.tomin-anzen.metro.tokyo.lg.jp/kotsu/jitensha/seisaku-jyourei/churinjou","source_updated_at":"2026-04-02"},"geometry":{"type":"Point","coordinates":[139.601836,35.6666687]}},{"type":"Feature","properties":{"id":"official-parking-tokyo-12013","name":"烏山南第四自転車等駐車場","municipality":"世田谷区","address":"東京都世田谷区南烏山5-20-1","capacity":74,"source_publisher":"東京都都民安全総合対策本部","source_title":"自転車駐輪場情報","source_url":"https://www.tomin-anzen.metro.tokyo.lg.jp/kotsu/jitensha/seisaku-jyourei/churinjou","source_updated_at":"2026-04-02"},"geometry":{"type":"Point","coordinates":[139.60297,35.666573]}},{"type":"Feature","properties":{"id":"official-parking-tokyo-12012","name":"烏山南第二自転車等駐車場","municipality":"世田谷区","address":"東京都世田谷区南烏山5-10-11","capacity":28,"source_publisher":"東京都都民安全総合対策本部","source_title":"自転車駐輪場情報","source_url":"https://www.tomin-anzen.metro.tokyo.lg.jp/kotsu/jitensha/seisaku-jyourei/churinjou","source_updated_at":"2026-04-02"},"geometry":{"type":"Point","coordinates":[139.602381,35.668371]}},{"type":"Feature","properties":{"id":"official-parking-tokyo-12009","name":"烏山北自転車等駐車場","municipality":"世田谷区","address":"東京都世田谷区南烏山6-6先","capacity":862,"source_publisher":"東京都都民安全総合対策本部","source_title":"自転車駐輪場情報","source_url":"https://www.tomin-anzen.metro.tokyo.lg.jp/kotsu/jitensha/seisaku-jyourei/churinjou","source_updated_at":"2026-04-02"},"geometry":{"type":"Point","coordinates":[139.599144,35.66748]}},{"type":"Feature","properties":{"id":"official-parking-tokyo-12011","name":"烏山北第三自転車等駐車場","municipality":"世田谷区","address":"東京都世田谷区南烏山4-10-4","capacity":40,"source_publisher":"東京都都民安全総合対策本部","source_title":"自転車駐輪場情報","source_url":"https://www.tomin-anzen.metro.tokyo.lg.jp/kotsu/jitensha/seisaku-jyourei/churinjou","source_updated_at":"2026-04-02"},"geometry":{"type":"Point","coordinates":[139.601732,35.668537]}},{"type":"Feature","properties":{"id":"official-parking-tokyo-12010","name":"烏山北第二自転車等駐車場","municipality":"世田谷区","address":"東京都世田谷区南烏山6-30先","capacity":101,"source_publisher":"東京都都民安全総合対策本部","source_title":"自転車駐輪場情報","source_url":"https://www.tomin-anzen.metro.tokyo.lg.jp/kotsu/jitensha/seisaku-jyourei/churinjou","source_updated_at":"2026-04-02"},"geometry":{"type":"Point","coordinates":[139.59962,35.66982]}},{"type":"Feature","properties":{"id":"official-parking-tokyo-12054","name":"下高井戸駅前自転車等駐車場","municipality":"世田谷区","address":"東京都世田谷区赤堤4-40-11","capacity":95,"source_publisher":"東京都都民安全総合対策本部","source_title":"自転車駐輪場情報","source_url":"https://www.tomin-anzen.metro.tokyo.lg.jp/kotsu/jitensha/seisaku-jyourei/churinjou","source_updated_at":"2026-04-02"},"geometry":{"type":"Point","coordinates":[139.641782,35.665777]}},{"type":"Feature","properties":{"id":"official-parking-tokyo-12053","name":"下高井戸南第二自転車等駐車場","municipality":"世田谷区","address":"東京都世田谷区松原3-15-11","capacity":112,"source_publisher":"東京都都民安全総合対策本部","source_title":"自転車駐輪場情報","source_url":"https://www.tomin-anzen.metro.tokyo.lg.jp/kotsu/jitensha/seisaku-jyourei/churinjou","source_updated_at":"2026-04-02"},"geometry":{"type":"Point","coordinates":[139.642969,35.6645051]}},{"type":"Feature","properties":{"id":"official-parking-tokyo-12004","name":"下高井戸北自転車等駐車場","municipality":"世田谷区","address":"東京都世田谷区松原3-31-1","capacity":147,"source_publisher":"東京都都民安全総合対策本部","source_title":"自転車駐輪場情報","source_url":"https://www.tomin-anzen.metro.tokyo.lg.jp/kotsu/jitensha/seisaku-jyourei/churinjou","source_updated_at":"2026-04-02"},"geometry":{"type":"Point","coordinates":[139.643105,35.666302]}},{"type":"Feature","properties":{"id":"official-parking-tokyo-12018","name":"下北沢自転車等駐車場","municipality":"世田谷区","address":"東京都世田谷区北沢2-2-13","capacity":75,"source_publisher":"東京都都民安全総合対策本部","source_title":"自転車駐輪場情報","source_url":"https://www.tomin-anzen.metro.tokyo.lg.jp/kotsu/jitensha/seisaku-jyourei/churinjou","source_updated_at":"2026-04-02"},"geometry":{"type":"Point","coordinates":[139.668481,35.659824]}},{"type":"Feature","properties":{"id":"official-parking-tokyo-12020","name":"下北沢第三自転車等駐車場","municipality":"世田谷区","address":"東京都世田谷区北沢1-40-11","capacity":143,"source_publisher":"東京都都民安全総合対策本部","source_title":"自転車駐輪場情報","source_url":"https://www.tomin-anzen.metro.tokyo.lg.jp/kotsu/jitensha/seisaku-jyourei/churinjou","source_updated_at":"2026-04-02"},"geometry":{"type":"Point","coordinates":[139.670217,35.662337]}},{"type":"Feature","properties":{"id":"official-parking-tokyo-12019","name":"下北沢第二自転車等駐車場","municipality":"世田谷区","address":"東京都世田谷区北沢1-38-10","capacity":78,"source_publisher":"東京都都民安全総合対策本部","source_title":"自転車駐輪場情報","source_url":"https://www.tomin-anzen.metro.tokyo.lg.jp/kotsu/jitensha/seisaku-jyourei/churinjou","source_updated_at":"2026-04-02"},"geometry":{"type":"Point","coordinates":[139.669522,35.6605]}},{"type":"Feature","properties":{"id":"official-parking-tokyo-12056","name":"下北沢東自転車等駐車場","municipality":"世田谷区","address":"東京都世田谷区北沢1-46先","capacity":101,"source_publisher":"東京都都民安全総合対策本部","source_title":"自転車駐輪場情報","source_url":"https://www.tomin-anzen.metro.tokyo.lg.jp/kotsu/jitensha/seisaku-jyourei/churinjou","source_updated_at":"2026-04-02"},"geometry":{"type":"Point","coordinates":[139.66995,35.6632]}},{"type":"Feature","properties":{"id":"official-parking-tokyo-12043","name":"九品仏南自転車等駐車場","municipality":"世田谷区","address":"東京都世田谷区奥沢6-25-9","capacity":112,"source_publisher":"東京都都民安全総合対策本部","source_title":"自転車駐輪場情報","source_url":"https://www.tomin-anzen.metro.tokyo.lg.jp/kotsu/jitensha/seisaku-jyourei/churinjou","source_updated_at":"2026-04-02"},"geometry":{"type":"Point","coordinates":[139.661842,35.6051]}},{"type":"Feature","properties":{"id":"official-parking-tokyo-12034","name":"駒沢自転車等駐車場","municipality":"世田谷区","address":"東京都世田谷区駒沢2-6-17","capacity":528,"source_publisher":"東京都都民安全総合対策本部","source_title":"自転車駐輪場情報","source_url":"https://www.tomin-anzen.metro.tokyo.lg.jp/kotsu/jitensha/seisaku-jyourei/churinjou","source_updated_at":"2026-04-02"},"geometry":{"type":"Point","coordinates":[139.660429,35.63306]}},{"type":"Feature","properties":{"id":"official-parking-tokyo-12057","name":"駒沢第二自転車等駐車場","municipality":"世田谷区","address":"東京都世田谷区上馬4-3-20","capacity":400,"source_publisher":"東京都都民安全総合対策本部","source_title":"自転車駐輪場情報","source_url":"https://www.tomin-anzen.metro.tokyo.lg.jp/kotsu/jitensha/seisaku-jyourei/churinjou","source_updated_at":"2026-04-02"},"geometry":{"type":"Point","coordinates":[139.662181,35.634264]}},{"type":"Feature","properties":{"id":"official-parking-tokyo-12022","name":"経堂南自転車等駐車場","municipality":"世田谷区","address":"東京都世田谷区経堂1-12-11","capacity":351,"source_publisher":"東京都都民安全総合対策本部","source_title":"自転車駐輪場情報","source_url":"https://www.tomin-anzen.metro.tokyo.lg.jp/kotsu/jitensha/seisaku-jyourei/churinjou","source_updated_at":"2026-04-02"},"geometry":{"type":"Point","coordinates":[139.637062,35.650265]}},{"type":"Feature","properties":{"id":"official-parking-tokyo-12005","name":"桜上水南自転車等駐車場","municipality":"世田谷区","address":"東京都世田谷区桜上水4-18-13","capacity":813,"source_publisher":"東京都都民安全総合対策本部","source_title":"自転車駐輪場情報","source_url":"https://www.tomin-anzen.metro.tokyo.lg.jp/kotsu/jitensha/seisaku-jyourei/churinjou","source_updated_at":"2026-04-02"},"geometry":{"type":"Point","coordinates":[139.631968,35.666686]}},{"type":"Feature","properties":{"id":"official-parking-tokyo-12035","name":"桜新町自転車等駐車場","municipality":"世田谷区","address":"東京都世田谷区桜新町2-7-15","capacity":2744,"source_publisher":"東京都都民安全総合対策本部","source_title":"自転車駐輪場情報","source_url":"https://www.tomin-anzen.metro.tokyo.lg.jp/kotsu/jitensha/seisaku-jyourei/churinjou","source_updated_at":"2026-04-02"},"geometry":{"type":"Point","coordinates":[139.644457,35.632284]}},{"type":"Feature","properties":{"id":"official-parking-tokyo-12032","name":"三軒茶屋西自転車等駐車場","municipality":"世田谷区","address":"東京都世田谷区太子堂4-20-８","capacity":250,"source_publisher":"東京都都民安全総合対策本部","source_title":"自転車駐輪場情報","source_url":"https://www.tomin-anzen.metro.tokyo.lg.jp/kotsu/jitensha/seisaku-jyourei/churinjou","source_updated_at":"2026-04-02"},"geometry":{"type":"Point","coordinates":[139.668615,35.644413]}},{"type":"Feature","properties":{"id":"official-parking-tokyo-12031","name":"三軒茶屋中央自転車等駐車場(駒沢側)","municipality":"世田谷区","address":"東京都世田谷区三軒茶屋2-11先","capacity":792,"source_publisher":"東京都都民安全総合対策本部","source_title":"自転車駐輪場情報","source_url":"https://www.tomin-anzen.metro.tokyo.lg.jp/kotsu/jitensha/seisaku-jyourei/churinjou","source_updated_at":"2026-04-02"},"geometry":{"type":"Point","coordinates":[139.669753,35.64198]}},{"type":"Feature","properties":{"id":"official-parking-tokyo-12030","name":"三軒茶屋中央自転車等駐車場(渋谷側)","municipality":"世田谷区","address":"東京都世田谷区三軒茶屋2-11先","capacity":240,"source_publisher":"東京都都民安全総合対策本部","source_title":"自転車駐輪場情報","source_url":"https://www.tomin-anzen.metro.tokyo.lg.jp/kotsu/jitensha/seisaku-jyourei/churinjou","source_updated_at":"2026-04-02"},"geometry":{"type":"Point","coordinates":[139.669753,35.64198]}},{"type":"Feature","properties":{"id":"official-parking-tokyo-12033","name":"三軒茶屋二丁目自転車等駐車場","municipality":"世田谷区","address":"東京都世田谷区三軒茶屋2-14-9","capacity":182,"source_publisher":"東京都都民安全総合対策本部","source_title":"自転車駐輪場情報","source_url":"https://www.tomin-anzen.metro.tokyo.lg.jp/kotsu/jitensha/seisaku-jyourei/churinjou","source_updated_at":"2026-04-02"},"geometry":{"type":"Point","coordinates":[139.669276,35.643224]}},{"type":"Feature","properties":{"id":"official-parking-tokyo-12027","name":"三軒茶屋北自転車等駐車場","municipality":"世田谷区","address":"東京都世田谷区太子堂2-16-1","capacity":109,"source_publisher":"東京都都民安全総合対策本部","source_title":"自転車駐輪場情報","source_url":"https://www.tomin-anzen.metro.tokyo.lg.jp/kotsu/jitensha/seisaku-jyourei/churinjou","source_updated_at":"2026-04-02"},"geometry":{"type":"Point","coordinates":[139.671488,35.644221]}},{"type":"Feature","properties":{"id":"official-parking-tokyo-12029","name":"三軒茶屋北第三自転車等駐車場","municipality":"世田谷区","address":"東京都世田谷区太子堂2-16-11","capacity":60,"source_publisher":"東京都都民安全総合対策本部","source_title":"自転車駐輪場情報","source_url":"https://www.tomin-anzen.metro.tokyo.lg.jp/kotsu/jitensha/seisaku-jyourei/churinjou","source_updated_at":"2026-04-02"},"geometry":{"type":"Point","coordinates":[139.670997,35.644633]}},{"type":"Feature","properties":{"id":"official-parking-tokyo-12028","name":"三軒茶屋北第二自転車等駐車場","municipality":"世田谷区","address":"東京都世田谷区太子堂2-20-４","capacity":247,"source_publisher":"東京都都民安全総合対策本部","source_title":"自転車駐輪場情報","source_url":"https://www.tomin-anzen.metro.tokyo.lg.jp/kotsu/jitensha/seisaku-jyourei/churinjou","source_updated_at":"2026-04-02"},"geometry":{"type":"Point","coordinates":[139.67188,35.64515]}},{"type":"Feature","properties":{"id":"official-parking-tokyo-12041","name":"自由が丘駅第一自転車等駐車場","municipality":"世田谷区","address":"東京都世田谷区奥沢5-42-14","capacity":385,"source_publisher":"東京都都民安全総合対策本部","source_title":"自転車駐輪場情報","source_url":"https://www.tomin-anzen.metro.tokyo.lg.jp/kotsu/jitensha/seisaku-jyourei/churinjou","source_updated_at":"2026-04-02"},"geometry":{"type":"Point","coordinates":[139.667238,35.606323]}},{"type":"Feature","properties":{"id":"official-parking-tokyo-12046","name":"松原自転車等駐車場","municipality":"世田谷区","address":"東京都世田谷区赤堤4-1-1先","capacity":233,"source_publisher":"東京都都民安全総合対策本部","source_title":"自転車駐輪場情報","source_url":"https://www.tomin-anzen.metro.tokyo.lg.jp/kotsu/jitensha/seisaku-jyourei/churinjou","source_updated_at":"2026-04-02"},"geometry":{"type":"Point","coordinates":[139.641866,35.660197]}},{"type":"Feature","properties":{"id":"official-parking-tokyo-12047","name":"上町自転車等駐車場","municipality":"世田谷区","address":"東京都世田谷区世田谷3-3先外","capacity":137,"source_publisher":"東京都都民安全総合対策本部","source_title":"自転車駐輪場情報","source_url":"https://www.tomin-anzen.metro.tokyo.lg.jp/kotsu/jitensha/seisaku-jyourei/churinjou","source_updated_at":"2026-04-02"},"geometry":{"type":"Point","coordinates":[139.647341,35.643113]}},{"type":"Feature","properties":{"id":"official-parking-tokyo-12045","name":"上野毛北自転車等駐車場","municipality":"世田谷区","address":"東京都世田谷区上野毛1-27-13","capacity":249,"source_publisher":"東京都都民安全総合対策本部","source_title":"自転車駐輪場情報","source_url":"https://www.tomin-anzen.metro.tokyo.lg.jp/kotsu/jitensha/seisaku-jyourei/churinjou","source_updated_at":"2026-04-02"},"geometry":{"type":"Point","coordinates":[139.63873,35.612697]}},{"type":"Feature","properties":{"id":"official-parking-tokyo-12052","name":"新烏山南自転車等駐車場","municipality":"世田谷区","address":"東京都世田谷区上祖師谷1-37-10","capacity":942,"source_publisher":"東京都都民安全総合対策本部","source_title":"自転車駐輪場情報","source_url":"https://www.tomin-anzen.metro.tokyo.lg.jp/kotsu/jitensha/seisaku-jyourei/churinjou","source_updated_at":"2026-04-02"},"geometry":{"type":"Point","coordinates":[139.599199,35.6667952]}},{"type":"Feature","properties":{"id":"official-parking-tokyo-12016","name":"新代田自転車等駐車場","municipality":"世田谷区","address":"東京都世田谷区代田6-34-13","capacity":83,"source_publisher":"東京都都民安全総合対策本部","source_title":"自転車駐輪場情報","source_url":"https://www.tomin-anzen.metro.tokyo.lg.jp/kotsu/jitensha/seisaku-jyourei/churinjou","source_updated_at":"2026-04-02"},"geometry":{"type":"Point","coordinates":[139.660553,35.663113]}},{"type":"Feature","properties":{"id":"official-parking-tokyo-12049","name":"世田谷駅南自転車等駐車場","municipality":"世田谷区","address":"東京都世田谷区世田谷4-7-16","capacity":60,"source_publisher":"東京都都民安全総合対策本部","source_title":"自転車駐輪場情報","source_url":"https://www.tomin-anzen.metro.tokyo.lg.jp/kotsu/jitensha/seisaku-jyourei/churinjou","source_updated_at":"2026-04-02"},"geometry":{"type":"Point","coordinates":[139.650473,35.64291]}},{"type":"Feature","properties":{"id":"official-parking-tokyo-12025","name":"成城北第二自転車等駐車場","municipality":"世田谷区","address":"東京都世田谷区成城6-14-10","capacity":780,"source_publisher":"東京都都民安全総合対策本部","source_title":"自転車駐輪場情報","source_url":"https://www.tomin-anzen.metro.tokyo.lg.jp/kotsu/jitensha/seisaku-jyourei/churinjou","source_updated_at":"2026-04-02"},"geometry":{"type":"Point","coordinates":[139.598883,35.641538]}},{"type":"Feature","properties":{"id":"official-parking-tokyo-12058","name":"千歳船橋西自転車等駐車場","municipality":"世田谷区","address":"東京都世田谷区桜丘5-21","capacity":20,"source_publisher":"東京都都民安全総合対策本部","source_title":"自転車駐輪場情報","source_url":"https://www.tomin-anzen.metro.tokyo.lg.jp/kotsu/jitensha/seisaku-jyourei/churinjou","source_updated_at":"2026-04-02"},"geometry":{"type":"Point","coordinates":[139.621666,35.646617]}},{"type":"Feature","properties":{"id":"official-parking-tokyo-12024","name":"千歳船橋南自転車等駐車場","municipality":"世田谷区","address":"東京都世田谷区桜丘2-22-1","capacity":386,"source_publisher":"東京都都民安全総合対策本部","source_title":"自転車駐輪場情報","source_url":"https://www.tomin-anzen.metro.tokyo.lg.jp/kotsu/jitensha/seisaku-jyourei/churinjou","source_updated_at":"2026-04-02"},"geometry":{"type":"Point","coordinates":[139.62355,35.64553]}},{"type":"Feature","properties":{"id":"official-parking-tokyo-12023","name":"千歳船橋北自転車等駐車場","municipality":"世田谷区","address":"東京都世田谷区船橋1-13-2","capacity":494,"source_publisher":"東京都都民安全総合対策本部","source_title":"自転車駐輪場情報","source_url":"https://www.tomin-anzen.metro.tokyo.lg.jp/kotsu/jitensha/seisaku-jyourei/churinjou","source_updated_at":"2026-04-02"},"geometry":{"type":"Point","coordinates":[139.622783,35.648106]}},{"type":"Feature","properties":{"id":"official-parking-tokyo-12001","name":"代田橋自転車等駐車場","municipality":"世田谷区","address":"東京都世田谷区大原2-21先","capacity":70,"source_publisher":"東京都都民安全総合対策本部","source_title":"自転車駐輪場情報","source_url":"https://www.tomin-anzen.metro.tokyo.lg.jp/kotsu/jitensha/seisaku-jyourei/churinjou","source_updated_at":"2026-04-02"},"geometry":{"type":"Point","coordinates":[139.660303,35.670986]}},{"type":"Feature","properties":{"id":"official-parking-tokyo-12015","name":"池ノ上自転車等駐車場","municipality":"世田谷区","address":"東京都世田谷区代沢2-42-18","capacity":120,"source_publisher":"東京都都民安全総合対策本部","source_title":"自転車駐輪場情報","source_url":"https://www.tomin-anzen.metro.tokyo.lg.jp/kotsu/jitensha/seisaku-jyourei/churinjou","source_updated_at":"2026-04-02"},"geometry":{"type":"Point","coordinates":[139.674096,35.660198]}},{"type":"Feature","properties":{"id":"official-parking-tokyo-12026","name":"池尻大橋自転車等駐車場（三軒茶屋側）","municipality":"世田谷区","address":"東京都世田谷区池尻3-2先","capacity":249,"source_publisher":"東京都都民安全総合対策本部","source_title":"自転車駐輪場情報","source_url":"https://www.tomin-anzen.metro.tokyo.lg.jp/kotsu/jitensha/seisaku-jyourei/churinjou","source_updated_at":"2026-04-02"},"geometry":{"type":"Point","coordinates":[139.684093,35.650398]}},{"type":"Feature","properties":{"id":"official-parking-tokyo-12048","name":"池尻大橋自転車等駐車場（渋谷側）","municipality":"世田谷区","address":"東京都世田谷区池尻3-2先","capacity":200,"source_publisher":"東京都都民安全総合対策本部","source_title":"自転車駐輪場情報","source_url":"https://www.tomin-anzen.metro.tokyo.lg.jp/kotsu/jitensha/seisaku-jyourei/churinjou","source_updated_at":"2026-04-02"},"geometry":{"type":"Point","coordinates":[139.684093,35.650398]}},{"type":"Feature","properties":{"id":"official-parking-tokyo-12017","name":"東松原自転車等駐車場","municipality":"世田谷区","address":"東京都世田谷区松原5-2-12","capacity":57,"source_publisher":"東京都都民安全総合対策本部","source_title":"自転車駐輪場情報","source_url":"https://www.tomin-anzen.metro.tokyo.lg.jp/kotsu/jitensha/seisaku-jyourei/churinjou","source_updated_at":"2026-04-02"},"geometry":{"type":"Point","coordinates":[139.655786,35.662524]}},{"type":"Feature","properties":{"id":"official-parking-tokyo-12044","name":"等々力自転車等駐車場","municipality":"世田谷区","address":"東京都世田谷区等々力3-2-2","capacity":284,"source_publisher":"東京都都民安全総合対策本部","source_title":"自転車駐輪場情報","source_url":"https://www.tomin-anzen.metro.tokyo.lg.jp/kotsu/jitensha/seisaku-jyourei/churinjou","source_updated_at":"2026-04-02"},"geometry":{"type":"Point","coordinates":[139.649081,35.608447]}},{"type":"Feature","properties":{"id":"official-parking-tokyo-12039","name":"二子玉川西自転車等駐車場","municipality":"世田谷区","address":"東京都世田谷区玉川3-15-3","capacity":1835,"source_publisher":"東京都都民安全総合対策本部","source_title":"自転車駐輪場情報","source_url":"https://www.tomin-anzen.metro.tokyo.lg.jp/kotsu/jitensha/seisaku-jyourei/churinjou","source_updated_at":"2026-04-02"},"geometry":{"type":"Point","coordinates":[139.62529,35.61411]}},{"type":"Feature","properties":{"id":"official-parking-tokyo-12040","name":"二子玉川西多摩堤自転車等駐車場","municipality":"世田谷区","address":"東京都世田谷区玉川１-12-７先","capacity":169,"source_publisher":"東京都都民安全総合対策本部","source_title":"自転車駐輪場情報","source_url":"https://www.tomin-anzen.metro.tokyo.lg.jp/kotsu/jitensha/seisaku-jyourei/churinjou","source_updated_at":"2026-04-02"},"geometry":{"type":"Point","coordinates":[139.626855,35.611874]}},{"type":"Feature","properties":{"id":"official-parking-tokyo-12006","name":"八幡山北自転車等駐車場","municipality":"世田谷区","address":"東京都世田谷区上北沢4-35-12","capacity":795,"source_publisher":"東京都都民安全総合対策本部","source_title":"自転車駐輪場情報","source_url":"https://www.tomin-anzen.metro.tokyo.lg.jp/kotsu/jitensha/seisaku-jyourei/churinjou","source_updated_at":"2026-04-02"},"geometry":{"type":"Point","coordinates":[139.616604,35.671086]}},{"type":"Feature","properties":{"id":"official-parking-tokyo-12042","name":"尾山台自転車等駐車場","municipality":"世田谷区","address":"東京都世田谷区尾山台3-34-14","capacity":526,"source_publisher":"東京都都民安全総合対策本部","source_title":"自転車駐輪場情報","source_url":"https://www.tomin-anzen.metro.tokyo.lg.jp/kotsu/jitensha/seisaku-jyourei/churinjou","source_updated_at":"2026-04-02"},"geometry":{"type":"Point","coordinates":[139.654058,35.606784]}},{"type":"Feature","properties":{"id":"official-parking-tokyo-12003","name":"明大前高架下自転車等置場","municipality":"世田谷区","address":"東京都世田谷区松原1-45先","capacity":300,"source_publisher":"東京都都民安全総合対策本部","source_title":"自転車駐輪場情報","source_url":"https://www.tomin-anzen.metro.tokyo.lg.jp/kotsu/jitensha/seisaku-jyourei/churinjou","source_updated_at":"2026-04-02"},"geometry":{"type":"Point","coordinates":[139.652721,35.670593]}},{"type":"Feature","properties":{"id":"official-parking-tokyo-12002","name":"明大前南自転車等駐車場","municipality":"世田谷区","address":"東京都世田谷区松原2-22-6","capacity":320,"source_publisher":"東京都都民安全総合対策本部","source_title":"自転車駐輪場情報","source_url":"https://www.tomin-anzen.metro.tokyo.lg.jp/kotsu/jitensha/seisaku-jyourei/churinjou","source_updated_at":"2026-04-02"},"geometry":{"type":"Point","coordinates":[139.650924,35.666902]}},{"type":"Feature","properties":{"id":"official-parking-tokyo-12036","name":"用賀自転車等駐車場","municipality":"世田谷区","address":"東京都世田谷区用賀4-5-5先","capacity":1513,"source_publisher":"東京都都民安全総合対策本部","source_title":"自転車駐輪場情報","source_url":"https://www.tomin-anzen.metro.tokyo.lg.jp/kotsu/jitensha/seisaku-jyourei/churinjou","source_updated_at":"2026-04-02"},"geometry":{"type":"Point","coordinates":[139.633355,35.625288]}},{"type":"Feature","properties":{"id":"official-parking-tokyo-12037","name":"用賀西自転車等駐車場","municipality":"世田谷区","address":"東京都世田谷区用賀4-9-8","capacity":465,"source_publisher":"東京都都民安全総合対策本部","source_title":"自転車駐輪場情報","source_url":"https://www.tomin-anzen.metro.tokyo.lg.jp/kotsu/jitensha/seisaku-jyourei/churinjou","source_updated_at":"2026-04-02"},"geometry":{"type":"Point","coordinates":[139.631854,35.627296]}},{"type":"Feature","properties":{"id":"official-parking-tokyo-12038","name":"用賀西第二自転車等駐車場","municipality":"世田谷区","address":"東京都世田谷区用賀4-10先","capacity":181,"source_publisher":"東京都都民安全総合対策本部","source_title":"自転車駐輪場情報","source_url":"https://www.tomin-anzen.metro.tokyo.lg.jp/kotsu/jitensha/seisaku-jyourei/churinjou","source_updated_at":"2026-04-02"},"geometry":{"type":"Point","coordinates":[139.630902,35.627238]}},{"type":"Feature","properties":{"id":"official-parking-tokyo-42004","name":"秋津駅北口駐輪場","municipality":"清瀬市","address":"東京都清瀬市野塩1-342-1","capacity":149,"source_publisher":"東京都都民安全総合対策本部","source_title":"自転車駐輪場情報","source_url":"https://www.tomin-anzen.metro.tokyo.lg.jp/kotsu/jitensha/seisaku-jyourei/churinjou","source_updated_at":"2026-04-02"},"geometry":{"type":"Point","coordinates":[139.500436,35.7786887]}},{"type":"Feature","properties":{"id":"official-parking-tokyo-42007","name":"清瀬駅南口第2駐輪場","municipality":"清瀬市","address":"東京都清瀬市松山1-3-6","capacity":874,"source_publisher":"東京都都民安全総合対策本部","source_title":"自転車駐輪場情報","source_url":"https://www.tomin-anzen.metro.tokyo.lg.jp/kotsu/jitensha/seisaku-jyourei/churinjou","source_updated_at":"2026-04-02"},"geometry":{"type":"Point","coordinates":[139.521051,35.7710761]}},{"type":"Feature","properties":{"id":"official-parking-tokyo-42006","name":"清瀬駅南口駐輪場","municipality":"清瀬市","address":"東京都清瀬市松山1-10-14","capacity":860,"source_publisher":"東京都都民安全総合対策本部","source_title":"自転車駐輪場情報","source_url":"https://www.tomin-anzen.metro.tokyo.lg.jp/kotsu/jitensha/seisaku-jyourei/churinjou","source_updated_at":"2026-04-02"},"geometry":{"type":"Point","coordinates":[139.519141,35.7718563]}},{"type":"Feature","properties":{"id":"official-parking-tokyo-42002","name":"清瀬駅北口第2駐輪場","municipality":"清瀬市","address":"東京都清瀬市上清戸1-6","capacity":424,"source_publisher":"東京都都民安全総合対策本部","source_title":"自転車駐輪場情報","source_url":"https://www.tomin-anzen.metro.tokyo.lg.jp/kotsu/jitensha/seisaku-jyourei/churinjou","source_updated_at":"2026-04-02"},"geometry":{"type":"Point","coordinates":[139.52349,35.77349]}},{"type":"Feature","properties":{"id":"official-parking-tokyo-42001","name":"清瀬駅北口地下駐輪場","municipality":"清瀬市","address":"東京都清瀬市元町1-4-3","capacity":2643,"source_publisher":"東京都都民安全総合対策本部","source_title":"自転車駐輪場情報","source_url":"https://www.tomin-anzen.metro.tokyo.lg.jp/kotsu/jitensha/seisaku-jyourei/churinjou","source_updated_at":"2026-04-02"},"geometry":{"type":"Point","coordinates":[139.520251,35.772729]}},{"type":"Feature","properties":{"id":"official-parking-tokyo-49006","name":"ひばりヶ丘駅南口自転車駐車場","municipality":"西東京市","address":"東京都西東京市住吉町3-10","capacity":667,"source_publisher":"東京都都民安全総合対策本部","source_title":"自転車駐輪場情報","source_url":"https://www.tomin-anzen.metro.tokyo.lg.jp/kotsu/jitensha/seisaku-jyourei/churinjou","source_updated_at":"2026-04-02"},"geometry":{"type":"Point","coordinates":[139.546183,35.75114]}},{"type":"Feature","properties":{"id":"official-parking-tokyo-49007","name":"ひばりヶ丘駅南口第2自転車駐車場","municipality":"西東京市","address":"東京都西東京市ひばりが丘1-14","capacity":300,"source_publisher":"東京都都民安全総合対策本部","source_title":"自転車駐輪場情報","source_url":"https://www.tomin-anzen.metro.tokyo.lg.jp/kotsu/jitensha/seisaku-jyourei/churinjou","source_updated_at":"2026-04-02"},"geometry":{"type":"Point","coordinates":[139.542243,35.751713]}},{"type":"Feature","properties":{"id":"official-parking-tokyo-49008","name":"ひばりヶ丘駅南口谷戸自転車駐車場","municipality":"西東京市","address":"東京都西東京市谷戸町3-21","capacity":387,"source_publisher":"東京都都民安全総合対策本部","source_title":"自転車駐輪場情報","source_url":"https://www.tomin-anzen.metro.tokyo.lg.jp/kotsu/jitensha/seisaku-jyourei/churinjou","source_updated_at":"2026-04-02"},"geometry":{"type":"Point","coordinates":[139.54478,35.74974]}},{"type":"Feature","properties":{"id":"official-parking-tokyo-49024","name":"ひばりヶ丘駅北口自転車駐車場","municipality":"西東京市","address":"東京都西東京市ひばりが丘北3-1","capacity":651,"source_publisher":"東京都都民安全総合対策本部","source_title":"自転車駐輪場情報","source_url":"https://www.tomin-anzen.metro.tokyo.lg.jp/kotsu/jitensha/seisaku-jyourei/churinjou","source_updated_at":"2026-04-02"},"geometry":{"type":"Point","coordinates":[139.54823,35.75077]}},{"type":"Feature","properties":{"id":"official-parking-tokyo-49019","name":"西武柳沢駅南口自転車駐車場","municipality":"西東京市","address":"東京都西東京市柳沢1-12","capacity":637,"source_publisher":"東京都都民安全総合対策本部","source_title":"自転車駐輪場情報","source_url":"https://www.tomin-anzen.metro.tokyo.lg.jp/kotsu/jitensha/seisaku-jyourei/churinjou","source_updated_at":"2026-04-02"},"geometry":{"type":"Point","coordinates":[139.55292,35.72647]}},{"type":"Feature","properties":{"id":"official-parking-tokyo-49017","name":"西武柳沢駅北口第1-2自転車駐車場","municipality":"西東京市","address":"東京都西東京市保谷町3-24","capacity":18,"source_publisher":"東京都都民安全総合対策本部","source_title":"自転車駐輪場情報","source_url":"https://www.tomin-anzen.metro.tokyo.lg.jp/kotsu/jitensha/seisaku-jyourei/churinjou","source_updated_at":"2026-04-02"},"geometry":{"type":"Point","coordinates":[139.55172,35.72896]}},{"type":"Feature","properties":{"id":"official-parking-tokyo-49016","name":"西武柳沢駅北口第1自転車駐車場（立体）","municipality":"西東京市","address":"東京都西東京市保谷町3-24","capacity":768,"source_publisher":"東京都都民安全総合対策本部","source_title":"自転車駐輪場情報","source_url":"https://www.tomin-anzen.metro.tokyo.lg.jp/kotsu/jitensha/seisaku-jyourei/churinjou","source_updated_at":"2026-04-02"},"geometry":{"type":"Point","coordinates":[139.55179,35.72925]}},{"type":"Feature","properties":{"id":"official-parking-tokyo-49018","name":"西武柳沢駅北口第2自転車駐車場","municipality":"西東京市","address":"東京都西東京市保谷町3-11","capacity":243,"source_publisher":"東京都都民安全総合対策本部","source_title":"自転車駐輪場情報","source_url":"https://www.tomin-anzen.metro.tokyo.lg.jp/kotsu/jitensha/seisaku-jyourei/churinjou","source_updated_at":"2026-04-02"},"geometry":{"type":"Point","coordinates":[139.55244,35.72897]}},{"type":"Feature","properties":{"id":"official-parking-tokyo-49002","name":"田無駅ガード下西自転車駐車場","municipality":"西東京市","address":"東京都西東京市南町3-3","capacity":530,"source_publisher":"東京都都民安全総合対策本部","source_title":"自転車駐輪場情報","source_url":"https://www.tomin-anzen.metro.tokyo.lg.jp/kotsu/jitensha/seisaku-jyourei/churinjou","source_updated_at":"2026-04-02"},"geometry":{"type":"Point","coordinates":[139.54352,35.72821]}},{"type":"Feature","properties":{"id":"official-parking-tokyo-49001","name":"田無駅ガード下東自転車駐車場","municipality":"西東京市","address":"東京都西東京市南町1-1","capacity":530,"source_publisher":"東京都都民安全総合対策本部","source_title":"自転車駐輪場情報","source_url":"https://www.tomin-anzen.metro.tokyo.lg.jp/kotsu/jitensha/seisaku-jyourei/churinjou","source_updated_at":"2026-04-02"},"geometry":{"type":"Point","coordinates":[139.54273,35.7277]}},{"type":"Feature","properties":{"id":"official-parking-tokyo-49015","name":"田無駅南口自転車駐車場（立体）","municipality":"西東京市","address":"東京都西東京市南町5-6-14","capacity":1584,"source_publisher":"東京都都民安全総合対策本部","source_title":"自転車駐輪場情報","source_url":"https://www.tomin-anzen.metro.tokyo.lg.jp/kotsu/jitensha/seisaku-jyourei/churinjou","source_updated_at":"2026-04-02"},"geometry":{"type":"Point","coordinates":[139.5381,35.72638]}},{"type":"Feature","properties":{"id":"official-parking-tokyo-49003","name":"田無駅南口遊水池自転車駐車場","municipality":"西東京市","address":"東京都西東京市南町4-9","capacity":600,"source_publisher":"東京都都民安全総合対策本部","source_title":"自転車駐輪場情報","source_url":"https://www.tomin-anzen.metro.tokyo.lg.jp/kotsu/jitensha/seisaku-jyourei/churinjou","source_updated_at":"2026-04-02"},"geometry":{"type":"Point","coordinates":[139.539641,35.725184]}},{"type":"Feature","properties":{"id":"official-parking-tokyo-49013","name":"田無駅北口第1自転車駐車場（立体）","municipality":"西東京市","address":"東京都西東京市田無町4-5-34","capacity":1634,"source_publisher":"東京都都民安全総合対策本部","source_title":"自転車駐輪場情報","source_url":"https://www.tomin-anzen.metro.tokyo.lg.jp/kotsu/jitensha/seisaku-jyourei/churinjou","source_updated_at":"2026-04-02"},"geometry":{"type":"Point","coordinates":[139.53664,35.73252]}},{"type":"Feature","properties":{"id":"official-parking-tokyo-49014","name":"田無駅北口第2自転車駐車場（立体）","municipality":"西東京市","address":"東京都西東京市田無町4-5-34","capacity":760,"source_publisher":"東京都都民安全総合対策本部","source_title":"自転車駐輪場情報","source_url":"https://www.tomin-anzen.metro.tokyo.lg.jp/kotsu/jitensha/seisaku-jyourei/churinjou","source_updated_at":"2026-04-02"},"geometry":{"type":"Point","coordinates":[139.53696,35.72803]}},{"type":"Feature","properties":{"id":"official-parking-tokyo-49022","name":"東伏見駅南口第1A・B自転車駐車場","municipality":"西東京市","address":"東京都西東京市東伏見3-1","capacity":760,"source_publisher":"東京都都民安全総合対策本部","source_title":"自転車駐輪場情報","source_url":"https://www.tomin-anzen.metro.tokyo.lg.jp/kotsu/jitensha/seisaku-jyourei/churinjou","source_updated_at":"2026-04-02"},"geometry":{"type":"Point","coordinates":[139.56503,35.72842]}},{"type":"Feature","properties":{"id":"official-parking-tokyo-49023","name":"東伏見駅南口第2自転車駐車場","municipality":"西東京市","address":"東京都西東京市東伏見2-2","capacity":107,"source_publisher":"東京都都民安全総合対策本部","source_title":"自転車駐輪場情報","source_url":"https://www.tomin-anzen.metro.tokyo.lg.jp/kotsu/jitensha/seisaku-jyourei/churinjou","source_updated_at":"2026-04-02"},"geometry":{"type":"Point","coordinates":[139.56195,35.72852]}},{"type":"Feature","properties":{"id":"official-parking-tokyo-49020","name":"東伏見駅北口第1自転車駐車場","municipality":"西東京市","address":"東京都西東京市富士町4-18","capacity":377,"source_publisher":"東京都都民安全総合対策本部","source_title":"自転車駐輪場情報","source_url":"https://www.tomin-anzen.metro.tokyo.lg.jp/kotsu/jitensha/seisaku-jyourei/churinjou","source_updated_at":"2026-04-02"},"geometry":{"type":"Point","coordinates":[139.564,35.72932]}},{"type":"Feature","properties":{"id":"official-parking-tokyo-49021","name":"東伏見駅北口第2自転車駐車場","municipality":"西東京市","address":"東京都西東京市富士町4-31","capacity":129,"source_publisher":"東京都都民安全総合対策本部","source_title":"自転車駐輪場情報","source_url":"https://www.tomin-anzen.metro.tokyo.lg.jp/kotsu/jitensha/seisaku-jyourei/churinjou","source_updated_at":"2026-04-02"},"geometry":{"type":"Point","coordinates":[139.5634,35.72953]}},{"type":"Feature","properties":{"id":"official-parking-tokyo-49011","name":"保谷駅南口自転車駐車場（立体）","municipality":"西東京市","address":"東京都西東京市東町4-13","capacity":366,"source_publisher":"東京都都民安全総合対策本部","source_title":"自転車駐輪場情報","source_url":"https://www.tomin-anzen.metro.tokyo.lg.jp/kotsu/jitensha/seisaku-jyourei/churinjou","source_updated_at":"2026-04-02"},"geometry":{"type":"Point","coordinates":[139.56623,35.74565]}},{"type":"Feature","properties":{"id":"official-parking-tokyo-49012","name":"保谷駅南口第1自転車駐車場","municipality":"西東京市","address":"東京都西東京市東町3-4","capacity":135,"source_publisher":"東京都都民安全総合対策本部","source_title":"自転車駐輪場情報","source_url":"https://www.tomin-anzen.metro.tokyo.lg.jp/kotsu/jitensha/seisaku-jyourei/churinjou","source_updated_at":"2026-04-02"},"geometry":{"type":"Point","coordinates":[139.566233,35.74665]}},{"type":"Feature","properties":{"id":"official-parking-tokyo-49009","name":"保谷駅北口あらやしき自転車駐車場（地下式）","municipality":"西東京市","address":"東京都西東京市下保谷4-8","capacity":1693,"source_publisher":"東京都都民安全総合対策本部","source_title":"自転車駐輪場情報","source_url":"https://www.tomin-anzen.metro.tokyo.lg.jp/kotsu/jitensha/seisaku-jyourei/churinjou","source_updated_at":"2026-04-02"},"geometry":{"type":"Point","coordinates":[139.56709,35.75008]}},{"type":"Feature","properties":{"id":"official-parking-tokyo-49010","name":"保谷駅北口第2自転車駐車場（立体）","municipality":"西東京市","address":"東京都西東京市下保谷4-11","capacity":1230,"source_publisher":"東京都都民安全総合対策本部","source_title":"自転車駐輪場情報","source_url":"https://www.tomin-anzen.metro.tokyo.lg.jp/kotsu/jitensha/seisaku-jyourei/churinjou","source_updated_at":"2026-04-02"},"geometry":{"type":"Point","coordinates":[139.56833,35.75033]}},{"type":"Feature","properties":{"id":"official-parking-tokyo-28005","name":"河辺駅南口自転車等駐車場","municipality":"青梅市","address":"東京都青梅市河辺町5-29-40","capacity":899,"source_publisher":"東京都都民安全総合対策本部","source_title":"自転車駐輪場情報","source_url":"https://www.tomin-anzen.metro.tokyo.lg.jp/kotsu/jitensha/seisaku-jyourei/churinjou","source_updated_at":"2026-04-02"},"geometry":{"type":"Point","coordinates":[139.285102,35.783985]}},{"type":"Feature","properties":{"id":"official-parking-tokyo-28004","name":"河辺駅北口自転車等駐車場","municipality":"青梅市","address":"東京都青梅市河辺町5-29-39","capacity":2593,"source_publisher":"東京都都民安全総合対策本部","source_title":"自転車駐輪場情報","source_url":"https://www.tomin-anzen.metro.tokyo.lg.jp/kotsu/jitensha/seisaku-jyourei/churinjou","source_updated_at":"2026-04-02"},"geometry":{"type":"Point","coordinates":[139.284445,35.784784]}},{"type":"Feature","properties":{"id":"official-parking-tokyo-28007","name":"宮ノ平駅前自転車等駐車場","municipality":"青梅市","address":"東京都青梅市日向和田2-169-1","capacity":61,"source_publisher":"東京都都民安全総合対策本部","source_title":"自転車駐輪場情報","source_url":"https://www.tomin-anzen.metro.tokyo.lg.jp/kotsu/jitensha/seisaku-jyourei/churinjou","source_updated_at":"2026-04-02"},"geometry":{"type":"Point","coordinates":[139.236968,35.787301]}},{"type":"Feature","properties":{"id":"official-parking-tokyo-28010","name":"御岳駅前自転車等駐車場","municipality":"青梅市","address":"東京都青梅市御岳本町310-1","capacity":50,"source_publisher":"東京都都民安全総合対策本部","source_title":"自転車駐輪場情報","source_url":"https://www.tomin-anzen.metro.tokyo.lg.jp/kotsu/jitensha/seisaku-jyourei/churinjou","source_updated_at":"2026-04-02"},"geometry":{"type":"Point","coordinates":[139.182774,35.801375]}},{"type":"Feature","properties":{"id":"official-parking-tokyo-28001","name":"小作駅東口第1自転車等駐車場","municipality":"青梅市","address":"東京都青梅市新町3-18-8","capacity":610,"source_publisher":"東京都都民安全総合対策本部","source_title":"自転車駐輪場情報","source_url":"https://www.tomin-anzen.metro.tokyo.lg.jp/kotsu/jitensha/seisaku-jyourei/churinjou","source_updated_at":"2026-04-02"},"geometry":{"type":"Point","coordinates":[139.30218,35.778635]}},{"type":"Feature","properties":{"id":"official-parking-tokyo-28002","name":"小作駅東口第2自転車等駐車場","municipality":"青梅市","address":"東京都青梅市新町3-9-6","capacity":620,"source_publisher":"東京都都民安全総合対策本部","source_title":"自転車駐輪場情報","source_url":"https://www.tomin-anzen.metro.tokyo.lg.jp/kotsu/jitensha/seisaku-jyourei/churinjou","source_updated_at":"2026-04-02"},"geometry":{"type":"Point","coordinates":[139.304476,35.778463]}},{"type":"Feature","properties":{"id":"official-parking-tokyo-28003","name":"小作駅東口第3自転車等駐車場","municipality":"青梅市","address":"東京都青梅市新町3-10-17","capacity":700,"source_publisher":"東京都都民安全総合対策本部","source_title":"自転車駐輪場情報","source_url":"https://www.tomin-anzen.metro.tokyo.lg.jp/kotsu/jitensha/seisaku-jyourei/churinjou","source_updated_at":"2026-04-02"},"geometry":{"type":"Point","coordinates":[139.305029,35.778039]}},{"type":"Feature","properties":{"id":"official-parking-tokyo-28006","name":"青梅駅自転車等駐車場","municipality":"青梅市","address":"東京都青梅市本町163-1","capacity":1225,"source_publisher":"東京都都民安全総合対策本部","source_title":"自転車駐輪場情報","source_url":"https://www.tomin-anzen.metro.tokyo.lg.jp/kotsu/jitensha/seisaku-jyourei/churinjou","source_updated_at":"2026-04-02"},"geometry":{"type":"Point","coordinates":[139.25905,35.789982]}},{"type":"Feature","properties":{"id":"official-parking-tokyo-28012","name":"東青梅駅南口自転車等駐車場","municipality":"青梅市","address":"東京都青梅市東青梅1-6-8","capacity":306,"source_publisher":"東京都都民安全総合対策本部","source_title":"自転車駐輪場情報","source_url":"https://www.tomin-anzen.metro.tokyo.lg.jp/kotsu/jitensha/seisaku-jyourei/churinjou","source_updated_at":"2026-04-02"},"geometry":{"type":"Point","coordinates":[139.272346,35.788895]}},{"type":"Feature","properties":{"id":"official-parking-tokyo-28011","name":"東青梅駅北口自転車等駐車場","municipality":"青梅市","address":"東京都青梅市東青梅2-14-9","capacity":445,"source_publisher":"東京都都民安全総合対策本部","source_title":"自転車駐輪場情報","source_url":"https://www.tomin-anzen.metro.tokyo.lg.jp/kotsu/jitensha/seisaku-jyourei/churinjou","source_updated_at":"2026-04-02"},"geometry":{"type":"Point","coordinates":[139.273036,35.7899916]}},{"type":"Feature","properties":{"id":"official-parking-tokyo-28009","name":"二俣尾駅前自転車等駐車場","municipality":"青梅市","address":"東京都青梅市二俣尾4-973-3","capacity":65,"source_publisher":"東京都都民安全総合対策本部","source_title":"自転車駐輪場情報","source_url":"https://www.tomin-anzen.metro.tokyo.lg.jp/kotsu/jitensha/seisaku-jyourei/churinjou","source_updated_at":"2026-04-02"},"geometry":{"type":"Point","coordinates":[139.215947,35.803873]}},{"type":"Feature","properties":{"id":"official-parking-tokyo-28008","name":"日向和田駅前自転車等駐車場","municipality":"青梅市","address":"東京都青梅市日向和田3-839","capacity":195,"source_publisher":"東京都都民安全総合対策本部","source_title":"自転車駐輪場情報","source_url":"https://www.tomin-anzen.metro.tokyo.lg.jp/kotsu/jitensha/seisaku-jyourei/churinjou","source_updated_at":"2026-04-02"},"geometry":{"type":"Point","coordinates":[139.229144,35.7888]}},{"type":"Feature","properties":{"id":"official-parking-tokyo-1040","name":"丸ノ内鍛冶橋駐輪場","municipality":"千代田区","address":"東京都千代田区丸の内3-8-2","capacity":60,"source_publisher":"東京都都民安全総合対策本部","source_title":"自転車駐輪場情報","source_url":"https://www.tomin-anzen.metro.tokyo.lg.jp/kotsu/jitensha/seisaku-jyourei/churinjou","source_updated_at":"2026-04-02"},"geometry":{"type":"Point","coordinates":[139.766527,35.677006]}},{"type":"Feature","properties":{"id":"official-parking-tokyo-1010","name":"岩本町駅臨時自転車駐車場","municipality":"千代田区","address":"東京都千代田区神田岩本町15","capacity":38,"source_publisher":"東京都都民安全総合対策本部","source_title":"自転車駐輪場情報","source_url":"https://www.tomin-anzen.metro.tokyo.lg.jp/kotsu/jitensha/seisaku-jyourei/churinjou","source_updated_at":"2026-04-02"},"geometry":{"type":"Point","coordinates":[139.77526,35.696654]}},{"type":"Feature","properties":{"id":"official-parking-tokyo-1013","name":"九段下駅第１自転車駐車場","municipality":"千代田区","address":"東京都千代田区九段北1-2及び3先","capacity":35,"source_publisher":"東京都都民安全総合対策本部","source_title":"自転車駐輪場情報","source_url":"https://www.tomin-anzen.metro.tokyo.lg.jp/kotsu/jitensha/seisaku-jyourei/churinjou","source_updated_at":"2026-04-02"},"geometry":{"type":"Point","coordinates":[139.751705,35.695674]}},{"type":"Feature","properties":{"id":"official-parking-tokyo-1014","name":"九段下駅第２自転車駐車場","municipality":"千代田区","address":"東京都千代田区神田神保町3-7先","capacity":60,"source_publisher":"東京都都民安全総合対策本部","source_title":"自転車駐輪場情報","source_url":"https://www.tomin-anzen.metro.tokyo.lg.jp/kotsu/jitensha/seisaku-jyourei/churinjou","source_updated_at":"2026-04-02"},"geometry":{"type":"Point","coordinates":[139.753017,35.695371]}},{"type":"Feature","properties":{"id":"official-parking-tokyo-1011","name":"御茶ノ水駅自転車駐車場","municipality":"千代田区","address":"東京都千代田区神田淡路町2-111","capacity":50,"source_publisher":"東京都都民安全総合対策本部","source_title":"自転車駐輪場情報","source_url":"https://www.tomin-anzen.metro.tokyo.lg.jp/kotsu/jitensha/seisaku-jyourei/churinjou","source_updated_at":"2026-04-02"},"geometry":{"type":"Point","coordinates":[139.76679,35.69676]}},{"type":"Feature","properties":{"id":"official-parking-tokyo-1012","name":"四ツ谷駅自転車駐車場","municipality":"千代田区","address":"東京都千代田区六番町14先","capacity":160,"source_publisher":"東京都都民安全総合対策本部","source_title":"自転車駐輪場情報","source_url":"https://www.tomin-anzen.metro.tokyo.lg.jp/kotsu/jitensha/seisaku-jyourei/churinjou","source_updated_at":"2026-04-02"},"geometry":{"type":"Point","coordinates":[139.730727,35.686204]}},{"type":"Feature","properties":{"id":"official-parking-tokyo-1008","name":"市ヶ谷駅自転車駐車場","municipality":"千代田区","address":"東京都千代田区九段北4-4先","capacity":85,"source_publisher":"東京都都民安全総合対策本部","source_title":"自転車駐輪場情報","source_url":"https://www.tomin-anzen.metro.tokyo.lg.jp/kotsu/jitensha/seisaku-jyourei/churinjou","source_updated_at":"2026-04-02"},"geometry":{"type":"Point","coordinates":[139.736727,35.691637]}},{"type":"Feature","properties":{"id":"official-parking-tokyo-1017","name":"秋葉原駅西側高架下自転車駐車場","municipality":"千代田区","address":"東京都千代田区神田相生町1先","capacity":69,"source_publisher":"東京都都民安全総合対策本部","source_title":"自転車駐輪場情報","source_url":"https://www.tomin-anzen.metro.tokyo.lg.jp/kotsu/jitensha/seisaku-jyourei/churinjou","source_updated_at":"2026-04-02"},"geometry":{"type":"Point","coordinates":[139.77298,35.699377]}},{"type":"Feature","properties":{"id":"official-parking-tokyo-1029","name":"秋葉原駅西側歩道橋下自転車駐車場","municipality":"千代田区","address":"東京都千代田区外神田4-14-1先","capacity":35,"source_publisher":"東京都都民安全総合対策本部","source_title":"自転車駐輪場情報","source_url":"https://www.tomin-anzen.metro.tokyo.lg.jp/kotsu/jitensha/seisaku-jyourei/churinjou","source_updated_at":"2026-04-02"},"geometry":{"type":"Point","coordinates":[139.773078,35.699715]}},{"type":"Feature","properties":{"id":"official-parking-tokyo-1018","name":"秋葉原駅中央口高架下自転車駐車場","municipality":"千代田区","address":"東京都千代田区神田花岡町1先","capacity":120,"source_publisher":"東京都都民安全総合対策本部","source_title":"自転車駐輪場情報","source_url":"https://www.tomin-anzen.metro.tokyo.lg.jp/kotsu/jitensha/seisaku-jyourei/churinjou","source_updated_at":"2026-04-02"},"geometry":{"type":"Point","coordinates":[139.774058,35.698347]}},{"type":"Feature","properties":{"id":"official-parking-tokyo-1001","name":"秋葉原駅東口第１自転車駐車場","municipality":"千代田区","address":"東京都千代田区神田平河町4先","capacity":183,"source_publisher":"東京都都民安全総合対策本部","source_title":"自転車駐輪場情報","source_url":"https://www.tomin-anzen.metro.tokyo.lg.jp/kotsu/jitensha/seisaku-jyourei/churinjou","source_updated_at":"2026-04-02"},"geometry":{"type":"Point","coordinates":[139.77541,35.697952]}},{"type":"Feature","properties":{"id":"official-parking-tokyo-1024","name":"秋葉原駅東口第１自転車駐車場","municipality":"千代田区","address":"東京都千代田区神田平河町4先","capacity":30,"source_publisher":"東京都都民安全総合対策本部","source_title":"自転車駐輪場情報","source_url":"https://www.tomin-anzen.metro.tokyo.lg.jp/kotsu/jitensha/seisaku-jyourei/churinjou","source_updated_at":"2026-04-02"},"geometry":{"type":"Point","coordinates":[139.775493,35.6982018]}},{"type":"Feature","properties":{"id":"official-parking-tokyo-1004","name":"秋葉原駅東口第２自転車駐車場","municipality":"千代田区","address":"東京都千代田区神田和泉町1先","capacity":130,"source_publisher":"東京都都民安全総合対策本部","source_title":"自転車駐輪場情報","source_url":"https://www.tomin-anzen.metro.tokyo.lg.jp/kotsu/jitensha/seisaku-jyourei/churinjou","source_updated_at":"2026-04-02"},"geometry":{"type":"Point","coordinates":[139.77551,35.699331]}},{"type":"Feature","properties":{"id":"official-parking-tokyo-1016","name":"秋葉原駅東側駅前広場自転車駐車場","municipality":"千代田区","address":"東京都千代田区神田花岡町1先","capacity":126,"source_publisher":"東京都都民安全総合対策本部","source_title":"自転車駐輪場情報","source_url":"https://www.tomin-anzen.metro.tokyo.lg.jp/kotsu/jitensha/seisaku-jyourei/churinjou","source_updated_at":"2026-04-02"},"geometry":{"type":"Point","coordinates":[139.773581,35.698893]}},{"type":"Feature","properties":{"id":"official-parking-tokyo-1023","name":"秋葉原公園自転車駐車場","municipality":"千代田区","address":"東京都神田佐久間町1-18","capacity":44,"source_publisher":"東京都都民安全総合対策本部","source_title":"自転車駐輪場情報","source_url":"https://www.tomin-anzen.metro.tokyo.lg.jp/kotsu/jitensha/seisaku-jyourei/churinjou","source_updated_at":"2026-04-02"},"geometry":{"type":"Point","coordinates":[139.775023,35.6979873]}},{"type":"Feature","properties":{"id":"official-parking-tokyo-1006","name":"神田駅第１自転車駐車場","municipality":"千代田区","address":"東京都千代田区鍛冶町2-13先","capacity":114,"source_publisher":"東京都都民安全総合対策本部","source_title":"自転車駐輪場情報","source_url":"https://www.tomin-anzen.metro.tokyo.lg.jp/kotsu/jitensha/seisaku-jyourei/churinjou","source_updated_at":"2026-04-02"},"geometry":{"type":"Point","coordinates":[139.770564,35.690823]}},{"type":"Feature","properties":{"id":"official-parking-tokyo-1007","name":"神田駅第２自転車駐車場","municipality":"千代田区","address":"東京都千代田区鍛冶町2-11先","capacity":100,"source_publisher":"東京都都民安全総合対策本部","source_title":"自転車駐輪場情報","source_url":"https://www.tomin-anzen.metro.tokyo.lg.jp/kotsu/jitensha/seisaku-jyourei/churinjou","source_updated_at":"2026-04-02"},"geometry":{"type":"Point","coordinates":[139.771666,35.69321]}},{"type":"Feature","properties":{"id":"official-parking-tokyo-1041","name":"神田駅東自転車駐車場","municipality":"千代田区","address":"東京都千代田区鍛冶町2-7","capacity":11,"source_publisher":"東京都都民安全総合対策本部","source_title":"自転車駐輪場情報","source_url":"https://www.tomin-anzen.metro.tokyo.lg.jp/kotsu/jitensha/seisaku-jyourei/churinjou","source_updated_at":"2026-04-02"},"geometry":{"type":"Point","coordinates":[139.771783,35.6928953]}},{"type":"Feature","properties":{"id":"official-parking-tokyo-1045","name":"神田駅南自転車駐車場","municipality":"千代田区","address":"東京都千代田区鍛冶町2-14先","capacity":44,"source_publisher":"東京都都民安全総合対策本部","source_title":"自転車駐輪場情報","source_url":"https://www.tomin-anzen.metro.tokyo.lg.jp/kotsu/jitensha/seisaku-jyourei/churinjou","source_updated_at":"2026-04-02"},"geometry":{"type":"Point","coordinates":[139.77093,35.69083]}},{"type":"Feature","properties":{"id":"official-parking-tokyo-1046","name":"神田駅南自転車駐車場","municipality":"千代田区","address":"東京都千代田区鍛冶町2-14先","capacity":44,"source_publisher":"東京都都民安全総合対策本部","source_title":"自転車駐輪場情報","source_url":"https://www.tomin-anzen.metro.tokyo.lg.jp/kotsu/jitensha/seisaku-jyourei/churinjou","source_updated_at":"2026-04-02"},"geometry":{"type":"Point","coordinates":[139.77093,35.69083]}},{"type":"Feature","properties":{"id":"official-parking-tokyo-1044","name":"神田駅北自転車駐車場","municipality":"千代田区","address":"東京都千代田区内神田3-21先","capacity":13,"source_publisher":"東京都都民安全総合対策本部","source_title":"自転車駐輪場情報","source_url":"https://www.tomin-anzen.metro.tokyo.lg.jp/kotsu/jitensha/seisaku-jyourei/churinjou","source_updated_at":"2026-04-02"},"geometry":{"type":"Point","coordinates":[139.77047,35.69281]}},{"type":"Feature","properties":{"id":"official-parking-tokyo-1043","name":"神田花岡町自転車駐車場","municipality":"千代田区","address":"東京都千代田区神田花岡町１先","capacity":22,"source_publisher":"東京都都民安全総合対策本部","source_title":"自転車駐輪場情報","source_url":"https://www.tomin-anzen.metro.tokyo.lg.jp/kotsu/jitensha/seisaku-jyourei/churinjou","source_updated_at":"2026-04-02"},"geometry":{"type":"Point","coordinates":[139.77438,35.69915]}},{"type":"Feature","properties":{"id":"official-parking-tokyo-1025","name":"神保町交差点自転車駐車場","municipality":"千代田区","address":"東京都千代田区神田神保町2-3-10","capacity":64,"source_publisher":"東京都都民安全総合対策本部","source_title":"自転車駐輪場情報","source_url":"https://www.tomin-anzen.metro.tokyo.lg.jp/kotsu/jitensha/seisaku-jyourei/churinjou","source_updated_at":"2026-04-02"},"geometry":{"type":"Point","coordinates":[139.757441,35.6956925]}},{"type":"Feature","properties":{"id":"official-parking-tokyo-1005","name":"水道橋駅自転車駐車場","municipality":"千代田区","address":"東京都千代田区神田三崎町2-20先","capacity":65,"source_publisher":"東京都都民安全総合対策本部","source_title":"自転車駐輪場情報","source_url":"https://www.tomin-anzen.metro.tokyo.lg.jp/kotsu/jitensha/seisaku-jyourei/churinjou","source_updated_at":"2026-04-02"},"geometry":{"type":"Point","coordinates":[139.754028,35.702008]}},{"type":"Feature","properties":{"id":"official-parking-tokyo-1019","name":"水道橋駅東口自転車駐車場","municipality":"千代田区","address":"東京都千代田区神田三崎町2-20先","capacity":62,"source_publisher":"東京都都民安全総合対策本部","source_title":"自転車駐輪場情報","source_url":"https://www.tomin-anzen.metro.tokyo.lg.jp/kotsu/jitensha/seisaku-jyourei/churinjou","source_updated_at":"2026-04-02"},"geometry":{"type":"Point","coordinates":[139.753706,35.702115]}},{"type":"Feature","properties":{"id":"official-parking-tokyo-1027","name":"大手町江戸通り自転車駐車場","municipality":"千代田区","address":"東京都千代田区大手町2-5先","capacity":86,"source_publisher":"東京都都民安全総合対策本部","source_title":"自転車駐輪場情報","source_url":"https://www.tomin-anzen.metro.tokyo.lg.jp/kotsu/jitensha/seisaku-jyourei/churinjou","source_updated_at":"2026-04-02"},"geometry":{"type":"Point","coordinates":[139.7686,35.685339]}},{"type":"Feature","properties":{"id":"official-parking-tokyo-1026","name":"大手町高架下自転車駐車場","municipality":"千代田区","address":"東京都千代田区大手町2-5-25先","capacity":70,"source_publisher":"東京都都民安全総合対策本部","source_title":"自転車駐輪場情報","source_url":"https://www.tomin-anzen.metro.tokyo.lg.jp/kotsu/jitensha/seisaku-jyourei/churinjou","source_updated_at":"2026-04-02"},"geometry":{"type":"Point","coordinates":[139.768396,35.6847342]}},{"type":"Feature","properties":{"id":"official-parking-tokyo-1021","name":"大手町自転車駐車場","municipality":"千代田区","address":"東京都千代田区大手町2-2先及び5先","capacity":244,"source_publisher":"東京都都民安全総合対策本部","source_title":"自転車駐輪場情報","source_url":"https://www.tomin-anzen.metro.tokyo.lg.jp/kotsu/jitensha/seisaku-jyourei/churinjou","source_updated_at":"2026-04-02"},"geometry":{"type":"Point","coordinates":[139.767664,35.6846162]}},{"type":"Feature","properties":{"id":"official-parking-tokyo-1020","name":"鍛冶橋高架下自転車駐車場","municipality":"千代田区","address":"東京都千代田区丸の内1-10先及び丸の内3-7先","capacity":134,"source_publisher":"東京都都民安全総合対策本部","source_title":"自転車駐輪場情報","source_url":"https://www.tomin-anzen.metro.tokyo.lg.jp/kotsu/jitensha/seisaku-jyourei/churinjou","source_updated_at":"2026-04-02"},"geometry":{"type":"Point","coordinates":[139.765446,35.677697]}},{"type":"Feature","properties":{"id":"official-parking-tokyo-1009","name":"飯田橋駅第３自転車駐車場","municipality":"千代田区","address":"東京都千代田区飯田橋4-10先","capacity":90,"source_publisher":"東京都都民安全総合対策本部","source_title":"自転車駐輪場情報","source_url":"https://www.tomin-anzen.metro.tokyo.lg.jp/kotsu/jitensha/seisaku-jyourei/churinjou","source_updated_at":"2026-04-02"},"geometry":{"type":"Point","coordinates":[139.744256,35.702189]}},{"type":"Feature","properties":{"id":"official-parking-tokyo-1002","name":"飯田橋駅東口第１自転車駐車場","municipality":"千代田区","address":"東京都千代田区飯田橋3-12先","capacity":80,"source_publisher":"東京都都民安全総合対策本部","source_title":"自転車駐輪場情報","source_url":"https://www.tomin-anzen.metro.tokyo.lg.jp/kotsu/jitensha/seisaku-jyourei/churinjou","source_updated_at":"2026-04-02"},"geometry":{"type":"Point","coordinates":[139.745445,35.702128]}},{"type":"Feature","properties":{"id":"official-parking-tokyo-1003","name":"飯田橋駅東口第２自転車駐車場","municipality":"千代田区","address":"東京都千代田区飯田橋3-11-30先","capacity":100,"source_publisher":"東京都都民安全総合対策本部","source_title":"自転車駐輪場情報","source_url":"https://www.tomin-anzen.metro.tokyo.lg.jp/kotsu/jitensha/seisaku-jyourei/churinjou","source_updated_at":"2026-04-02"},"geometry":{"type":"Point","coordinates":[139.745882,35.702592]}},{"type":"Feature","properties":{"id":"official-parking-tokyo-1042","name":"有楽町駅自転車駐車場","municipality":"千代田区","address":"東京都千代田区丸の内3-6先","capacity":33,"source_publisher":"東京都都民安全総合対策本部","source_title":"自転車駐輪場情報","source_url":"https://www.tomin-anzen.metro.tokyo.lg.jp/kotsu/jitensha/seisaku-jyourei/churinjou","source_updated_at":"2026-04-02"},"geometry":{"type":"Point","coordinates":[139.76384,35.67573]}},{"type":"Feature","properties":{"id":"official-parking-tokyo-1015","name":"有楽町駅第一高架下自転車駐車場","municipality":"千代田区","address":"東京都千代田区有楽町2-1及び2-4先","capacity":50,"source_publisher":"東京都都民安全総合対策本部","source_title":"自転車駐輪場情報","source_url":"https://www.tomin-anzen.metro.tokyo.lg.jp/kotsu/jitensha/seisaku-jyourei/churinjou","source_updated_at":"2026-04-02"},"geometry":{"type":"Point","coordinates":[139.761415,35.673548]}},{"type":"Feature","properties":{"id":"official-parking-tokyo-1022","name":"和泉橋出張所横自転車駐車場","municipality":"千代田区","address":"東京都神田佐久間町1-11先","capacity":23,"source_publisher":"東京都都民安全総合対策本部","source_title":"自転車駐輪場情報","source_url":"https://www.tomin-anzen.metro.tokyo.lg.jp/kotsu/jitensha/seisaku-jyourei/churinjou","source_updated_at":"2026-04-02"},"geometry":{"type":"Point","coordinates":[139.775061,35.6974238]}},{"type":"Feature","properties":{"id":"official-parking-tokyo-21109","name":"CCP竹の塚東口駅前自転車駐輪場","municipality":"足立区","address":"東京都足立区竹の塚1-41先","capacity":81,"source_publisher":"東京都都民安全総合対策本部","source_title":"自転車駐輪場情報","source_url":"https://www.tomin-anzen.metro.tokyo.lg.jp/kotsu/jitensha/seisaku-jyourei/churinjou","source_updated_at":"2026-04-02"},"geometry":{"type":"Point","coordinates":[139.7913,35.79401]}},{"type":"Feature","properties":{"id":"official-parking-tokyo-21004","name":"サイクルパーク綾瀬自転車駐車場","municipality":"足立区","address":"東京都足立区綾瀬3-9-6","capacity":643,"source_publisher":"東京都都民安全総合対策本部","source_title":"自転車駐輪場情報","source_url":"https://www.tomin-anzen.metro.tokyo.lg.jp/kotsu/jitensha/seisaku-jyourei/churinjou","source_updated_at":"2026-04-02"},"geometry":{"type":"Point","coordinates":[139.826919,35.763556]}},{"type":"Feature","properties":{"id":"official-parking-tokyo-21025","name":"ベルモント公園自転車駐車場","municipality":"足立区","address":"東京都足立区梅島1-33","capacity":189,"source_publisher":"東京都都民安全総合対策本部","source_title":"自転車駐輪場情報","source_url":"https://www.tomin-anzen.metro.tokyo.lg.jp/kotsu/jitensha/seisaku-jyourei/churinjou","source_updated_at":"2026-04-02"},"geometry":{"type":"Point","coordinates":[139.799176,35.774993]}},{"type":"Feature","properties":{"id":"official-parking-tokyo-21111","name":"リクスタパーキング千住三丁目駐輪場","municipality":"足立区","address":"東京都足立区千住3-58","capacity":75,"source_publisher":"東京都都民安全総合対策本部","source_title":"自転車駐輪場情報","source_url":"https://www.tomin-anzen.metro.tokyo.lg.jp/kotsu/jitensha/seisaku-jyourei/churinjou","source_updated_at":"2026-04-02"},"geometry":{"type":"Point","coordinates":[139.80462,35.75213]}},{"type":"Feature","properties":{"id":"official-parking-tokyo-21110","name":"リクスタパーキング竹の塚２丁目駐輪場","municipality":"足立区","address":"東京都足立区竹の塚2-25","capacity":428,"source_publisher":"東京都都民安全総合対策本部","source_title":"自転車駐輪場情報","source_url":"https://www.tomin-anzen.metro.tokyo.lg.jp/kotsu/jitensha/seisaku-jyourei/churinjou","source_updated_at":"2026-04-02"},"geometry":{"type":"Point","coordinates":[139.7951,35.79283]}},{"type":"Feature","properties":{"id":"official-parking-tokyo-21002","name":"綾瀬西自転車駐車場","municipality":"足立区","address":"東京都足立区綾瀬4-1-11","capacity":909,"source_publisher":"東京都都民安全総合対策本部","source_title":"自転車駐輪場情報","source_url":"https://www.tomin-anzen.metro.tokyo.lg.jp/kotsu/jitensha/seisaku-jyourei/churinjou","source_updated_at":"2026-04-02"},"geometry":{"type":"Point","coordinates":[139.820632,35.761499]}},{"type":"Feature","properties":{"id":"official-parking-tokyo-21070","name":"綾瀬東自転車駐車場","municipality":"足立区","address":"東京都足立区綾瀬3-11-6","capacity":3625,"source_publisher":"東京都都民安全総合対策本部","source_title":"自転車駐輪場情報","source_url":"https://www.tomin-anzen.metro.tokyo.lg.jp/kotsu/jitensha/seisaku-jyourei/churinjou","source_updated_at":"2026-04-02"},"geometry":{"type":"Point","coordinates":[139.828182,35.762598]}},{"type":"Feature","properties":{"id":"official-parking-tokyo-21001","name":"綾瀬南自転車駐車場","municipality":"足立区","address":"東京都足立区綾瀬2-25-4先","capacity":417,"source_publisher":"東京都都民安全総合対策本部","source_title":"自転車駐輪場情報","source_url":"https://www.tomin-anzen.metro.tokyo.lg.jp/kotsu/jitensha/seisaku-jyourei/churinjou","source_updated_at":"2026-04-02"},"geometry":{"type":"Point","coordinates":[139.826531,35.761817]}},{"type":"Feature","properties":{"id":"official-parking-tokyo-21003","name":"綾瀬北自転車駐車場","municipality":"足立区","address":"東京都足立区綾瀬3-22-14","capacity":929,"source_publisher":"東京都都民安全総合対策本部","source_title":"自転車駐輪場情報","source_url":"https://www.tomin-anzen.metro.tokyo.lg.jp/kotsu/jitensha/seisaku-jyourei/churinjou","source_updated_at":"2026-04-02"},"geometry":{"type":"Point","coordinates":[139.827134,35.764535]}},{"type":"Feature","properties":{"id":"official-parking-tokyo-21052","name":"花畑仲組自転車駐車場","municipality":"足立区","address":"東京都足立区花畑3-38-1先","capacity":600,"source_publisher":"東京都都民安全総合対策本部","source_title":"自転車駐輪場情報","source_url":"https://www.tomin-anzen.metro.tokyo.lg.jp/kotsu/jitensha/seisaku-jyourei/churinjou","source_updated_at":"2026-04-02"},"geometry":{"type":"Point","coordinates":[139.813777,35.805676]}},{"type":"Feature","properties":{"id":"official-parking-tokyo-21015","name":"関屋自転車駐車場","municipality":"足立区","address":"東京都足立区千住関屋町19","capacity":150,"source_publisher":"東京都都民安全総合対策本部","source_title":"自転車駐輪場情報","source_url":"https://www.tomin-anzen.metro.tokyo.lg.jp/kotsu/jitensha/seisaku-jyourei/churinjou","source_updated_at":"2026-04-02"},"geometry":{"type":"Point","coordinates":[139.810718,35.74376]}},{"type":"Feature","properties":{"id":"official-parking-tokyo-21049","name":"宮城二丁目自転車駐車場","municipality":"足立区","address":"東京都足立区宮城2-4先","capacity":64,"source_publisher":"東京都都民安全総合対策本部","source_title":"自転車駐輪場情報","source_url":"https://www.tomin-anzen.metro.tokyo.lg.jp/kotsu/jitensha/seisaku-jyourei/churinjou","source_updated_at":"2026-04-02"},"geometry":{"type":"Point","coordinates":[139.75554,35.76203]}},{"type":"Feature","properties":{"id":"official-parking-tokyo-21030","name":"見沼代親水公園駅自転車駐車場","municipality":"足立区","address":"東京都足立区舎人5-21-26","capacity":780,"source_publisher":"東京都都民安全総合対策本部","source_title":"自転車駐輪場情報","source_url":"https://www.tomin-anzen.metro.tokyo.lg.jp/kotsu/jitensha/seisaku-jyourei/churinjou","source_updated_at":"2026-04-02"},"geometry":{"type":"Point","coordinates":[139.770252,35.813744]}},{"type":"Feature","properties":{"id":"official-parking-tokyo-21024","name":"五反野北自転車駐車場","municipality":"足立区","address":"東京都足立区足立4-17-25先","capacity":587,"source_publisher":"東京都都民安全総合対策本部","source_title":"自転車駐輪場情報","source_url":"https://www.tomin-anzen.metro.tokyo.lg.jp/kotsu/jitensha/seisaku-jyourei/churinjou","source_updated_at":"2026-04-02"},"geometry":{"type":"Point","coordinates":[139.806379,35.767813]}},{"type":"Feature","properties":{"id":"official-parking-tokyo-21112","name":"江北駅西自転車駐車場","municipality":"足立区","address":"東京都足立区江北4-1先","capacity":32,"source_publisher":"東京都都民安全総合対策本部","source_title":"自転車駐輪場情報","source_url":"https://www.tomin-anzen.metro.tokyo.lg.jp/kotsu/jitensha/seisaku-jyourei/churinjou","source_updated_at":"2026-04-02"},"geometry":{"type":"Point","coordinates":[139.77006,35.77332]}},{"type":"Feature","properties":{"id":"official-parking-tokyo-21043","name":"江北駅西第２自転車駐車場","municipality":"足立区","address":"東京都足立区江北4-30先","capacity":108,"source_publisher":"東京都都民安全総合対策本部","source_title":"自転車駐輪場情報","source_url":"https://www.tomin-anzen.metro.tokyo.lg.jp/kotsu/jitensha/seisaku-jyourei/churinjou","source_updated_at":"2026-04-02"},"geometry":{"type":"Point","coordinates":[139.770118,35.773671]}},{"type":"Feature","properties":{"id":"official-parking-tokyo-21042","name":"江北駅東自転車駐車場","municipality":"足立区","address":"東京都足立区西新井本町2-32-17","capacity":102,"source_publisher":"東京都都民安全総合対策本部","source_title":"自転車駐輪場情報","source_url":"https://www.tomin-anzen.metro.tokyo.lg.jp/kotsu/jitensha/seisaku-jyourei/churinjou","source_updated_at":"2026-04-02"},"geometry":{"type":"Point","coordinates":[139.770754,35.77381]}},{"type":"Feature","properties":{"id":"official-parking-tokyo-21053","name":"江北二丁目自転車駐車場","municipality":"足立区","address":"東京都足立区江北2-8-17先","capacity":150,"source_publisher":"東京都都民安全総合対策本部","source_title":"自転車駐輪場情報","source_url":"https://www.tomin-anzen.metro.tokyo.lg.jp/kotsu/jitensha/seisaku-jyourei/churinjou","source_updated_at":"2026-04-02"},"geometry":{"type":"Point","coordinates":[139.762337,35.76793]}},{"type":"Feature","properties":{"id":"official-parking-tokyo-21054","name":"江北二丁目北自転車駐車場","municipality":"足立区","address":"東京都足立区江北2-43-10先","capacity":260,"source_publisher":"東京都都民安全総合対策本部","source_title":"自転車駐輪場情報","source_url":"https://www.tomin-anzen.metro.tokyo.lg.jp/kotsu/jitensha/seisaku-jyourei/churinjou","source_updated_at":"2026-04-02"},"geometry":{"type":"Point","coordinates":[139.761691,35.76944]}},{"type":"Feature","properties":{"id":"official-parking-tokyo-21055","name":"江北陸橋下自転車駐車場","municipality":"足立区","address":"東京都足立区江北6-1先","capacity":72,"source_publisher":"東京都都民安全総合対策本部","source_title":"自転車駐輪場情報","source_url":"https://www.tomin-anzen.metro.tokyo.lg.jp/kotsu/jitensha/seisaku-jyourei/churinjou","source_updated_at":"2026-04-02"},"geometry":{"type":"Point","coordinates":[139.769853,35.778197]}},{"type":"Feature","properties":{"id":"official-parking-tokyo-21045","name":"高野駅西自転車駐車場","municipality":"足立区","address":"東京都足立区扇2-38","capacity":175,"source_publisher":"東京都都民安全総合対策本部","source_title":"自転車駐輪場情報","source_url":"https://www.tomin-anzen.metro.tokyo.lg.jp/kotsu/jitensha/seisaku-jyourei/churinjou","source_updated_at":"2026-04-02"},"geometry":{"type":"Point","coordinates":[139.77003,35.768257]}},{"type":"Feature","properties":{"id":"official-parking-tokyo-21044","name":"高野駅東自転車駐車場","municipality":"足立区","address":"東京都足立区扇3-4-12","capacity":250,"source_publisher":"東京都都民安全総合対策本部","source_title":"自転車駐輪場情報","source_url":"https://www.tomin-anzen.metro.tokyo.lg.jp/kotsu/jitensha/seisaku-jyourei/churinjou","source_updated_at":"2026-04-02"},"geometry":{"type":"Point","coordinates":[139.770859,35.768037]}},{"type":"Feature","properties":{"id":"official-parking-tokyo-21057","name":"鹿浜二丁目自転車駐車場","municipality":"足立区","address":"東京都足立区鹿浜2-24-2","capacity":60,"source_publisher":"東京都都民安全総合対策本部","source_title":"自転車駐輪場情報","source_url":"https://www.tomin-anzen.metro.tokyo.lg.jp/kotsu/jitensha/seisaku-jyourei/churinjou","source_updated_at":"2026-04-02"},"geometry":{"type":"Point","coordinates":[139.748937,35.780232]}},{"type":"Feature","properties":{"id":"official-parking-tokyo-21031","name":"舎人駅東第１自転車駐車場","municipality":"足立区","address":"東京都足立区舎人1-15-5","capacity":105,"source_publisher":"東京都都民安全総合対策本部","source_title":"自転車駐輪場情報","source_url":"https://www.tomin-anzen.metro.tokyo.lg.jp/kotsu/jitensha/seisaku-jyourei/churinjou","source_updated_at":"2026-04-02"},"geometry":{"type":"Point","coordinates":[139.770684,35.805193]}},{"type":"Feature","properties":{"id":"official-parking-tokyo-21032","name":"舎人駅東第２自転車駐車場","municipality":"足立区","address":"東京都足立区入谷1-6-11","capacity":386,"source_publisher":"東京都都民安全総合対策本部","source_title":"自転車駐輪場情報","source_url":"https://www.tomin-anzen.metro.tokyo.lg.jp/kotsu/jitensha/seisaku-jyourei/churinjou","source_updated_at":"2026-04-02"},"geometry":{"type":"Point","coordinates":[139.77033,35.80461]}},{"type":"Feature","properties":{"id":"official-parking-tokyo-21033","name":"舎人公園駅下自転車駐車場","municipality":"足立区","address":"東京都足立区舎人公園1-10","capacity":272,"source_publisher":"東京都都民安全総合対策本部","source_title":"自転車駐輪場情報","source_url":"https://www.tomin-anzen.metro.tokyo.lg.jp/kotsu/jitensha/seisaku-jyourei/churinjou","source_updated_at":"2026-04-02"},"geometry":{"type":"Point","coordinates":[139.770153,35.79613]}},{"type":"Feature","properties":{"id":"official-parking-tokyo-21034","name":"舎人公園自転車駐車場","municipality":"足立区","address":"東京都足立区皿沼3-33-62","capacity":276,"source_publisher":"東京都都民安全総合対策本部","source_title":"自転車駐輪場情報","source_url":"https://www.tomin-anzen.metro.tokyo.lg.jp/kotsu/jitensha/seisaku-jyourei/churinjou","source_updated_at":"2026-04-02"},"geometry":{"type":"Point","coordinates":[139.769837,35.795734]}},{"type":"Feature","properties":{"id":"official-parking-tokyo-21104","name":"舎人公園東自転車駐車場","municipality":"足立区","address":"東京都足立区古千谷1","capacity":100,"source_publisher":"東京都都民安全総合対策本部","source_title":"自転車駐輪場情報","source_url":"https://www.tomin-anzen.metro.tokyo.lg.jp/kotsu/jitensha/seisaku-jyourei/churinjou","source_updated_at":"2026-04-02"},"geometry":{"type":"Point","coordinates":[139.77076,35.796]}},{"type":"Feature","properties":{"id":"official-parking-tokyo-21056","name":"神明一丁目自転車駐車場","municipality":"足立区","address":"東京都足立区神明1-11・12先","capacity":70,"source_publisher":"東京都都民安全総合対策本部","source_title":"自転車駐輪場情報","source_url":"https://www.tomin-anzen.metro.tokyo.lg.jp/kotsu/jitensha/seisaku-jyourei/churinjou","source_updated_at":"2026-04-02"},"geometry":{"type":"Point","coordinates":[139.82829,35.793078]}},{"type":"Feature","properties":{"id":"official-parking-tokyo-21107","name":"神明南自転車駐車場","municipality":"足立区","address":"東京都足立区神明南1-18先","capacity":13,"source_publisher":"東京都都民安全総合対策本部","source_title":"自転車駐輪場情報","source_url":"https://www.tomin-anzen.metro.tokyo.lg.jp/kotsu/jitensha/seisaku-jyourei/churinjou","source_updated_at":"2026-04-02"},"geometry":{"type":"Point","coordinates":[139.82784,35.78879]}},{"type":"Feature","properties":{"id":"official-parking-tokyo-21021","name":"西新井栄町自転車駐車場","municipality":"足立区","address":"東京都足立区西新井栄町1-13-19","capacity":80,"source_publisher":"東京都都民安全総合対策本部","source_title":"自転車駐輪場情報","source_url":"https://www.tomin-anzen.metro.tokyo.lg.jp/kotsu/jitensha/seisaku-jyourei/churinjou","source_updated_at":"2026-04-02"},"geometry":{"type":"Point","coordinates":[139.790924,35.775645]}},{"type":"Feature","properties":{"id":"official-parking-tokyo-21022","name":"西新井自転車駐車場","municipality":"足立区","address":"東京都足立区梅田8-14先","capacity":1020,"source_publisher":"東京都都民安全総合対策本部","source_title":"自転車駐輪場情報","source_url":"https://www.tomin-anzen.metro.tokyo.lg.jp/kotsu/jitensha/seisaku-jyourei/churinjou","source_updated_at":"2026-04-02"},"geometry":{"type":"Point","coordinates":[139.792834,35.775203]}},{"type":"Feature","properties":{"id":"official-parking-tokyo-21106","name":"西新井西自転車駐車場","municipality":"足立区","address":"東京都足立区栗原3-1-1","capacity":395,"source_publisher":"東京都都民安全総合対策本部","source_title":"自転車駐輪場情報","source_url":"https://www.tomin-anzen.metro.tokyo.lg.jp/kotsu/jitensha/seisaku-jyourei/churinjou","source_updated_at":"2026-04-02"},"geometry":{"type":"Point","coordinates":[139.78899,35.77823]}},{"type":"Feature","properties":{"id":"official-parking-tokyo-21038","name":"西新井大師西駅第１自転車駐車場","municipality":"足立区","address":"東京都足立区江北6-30-23","capacity":138,"source_publisher":"東京都都民安全総合対策本部","source_title":"自転車駐輪場情報","source_url":"https://www.tomin-anzen.metro.tokyo.lg.jp/kotsu/jitensha/seisaku-jyourei/churinjou","source_updated_at":"2026-04-02"},"geometry":{"type":"Point","coordinates":[139.76992,35.781063]}},{"type":"Feature","properties":{"id":"official-parking-tokyo-21039","name":"西新井大師西駅第２自転車駐車場","municipality":"足立区","address":"東京都足立区江北6-30-23","capacity":70,"source_publisher":"東京都都民安全総合対策本部","source_title":"自転車駐輪場情報","source_url":"https://www.tomin-anzen.metro.tokyo.lg.jp/kotsu/jitensha/seisaku-jyourei/churinjou","source_updated_at":"2026-04-02"},"geometry":{"type":"Point","coordinates":[139.769888,35.782108]}},{"type":"Feature","properties":{"id":"official-parking-tokyo-21040","name":"西新井大師西駅第３自転車駐車場","municipality":"足立区","address":"東京都足立区江北6-30-24","capacity":40,"source_publisher":"東京都都民安全総合対策本部","source_title":"自転車駐輪場情報","source_url":"https://www.tomin-anzen.metro.tokyo.lg.jp/kotsu/jitensha/seisaku-jyourei/churinjou","source_updated_at":"2026-04-02"},"geometry":{"type":"Point","coordinates":[139.769611,35.782932]}},{"type":"Feature","properties":{"id":"official-parking-tokyo-21041","name":"西新井大師西駅第４自転車駐車場","municipality":"足立区","address":"東京都足立区江北6-10先","capacity":130,"source_publisher":"東京都都民安全総合対策本部","source_title":"自転車駐輪場情報","source_url":"https://www.tomin-anzen.metro.tokyo.lg.jp/kotsu/jitensha/seisaku-jyourei/churinjou","source_updated_at":"2026-04-02"},"geometry":{"type":"Point","coordinates":[139.769858,35.780471]}},{"type":"Feature","properties":{"id":"official-parking-tokyo-21037","name":"西新井大師西駅東自転車駐車場","municipality":"足立区","address":"東京都足立区西新井7-16-11","capacity":314,"source_publisher":"東京都都民安全総合対策本部","source_title":"自転車駐輪場情報","source_url":"https://www.tomin-anzen.metro.tokyo.lg.jp/kotsu/jitensha/seisaku-jyourei/churinjou","source_updated_at":"2026-04-02"},"geometry":{"type":"Point","coordinates":[139.770274,35.78159]}},{"type":"Feature","properties":{"id":"official-parking-tokyo-21105","name":"西新井東自転車駐車場","municipality":"足立区","address":"東京都足立区栗原1-7-5","capacity":575,"source_publisher":"東京都都民安全総合対策本部","source_title":"自転車駐輪場情報","source_url":"https://www.tomin-anzen.metro.tokyo.lg.jp/kotsu/jitensha/seisaku-jyourei/churinjou","source_updated_at":"2026-04-02"},"geometry":{"type":"Point","coordinates":[139.78972,35.77824]}},{"type":"Feature","properties":{"id":"official-parking-tokyo-21020","name":"西新井南自転車駐車場","municipality":"足立区","address":"東京都足立区梅島3-28-1","capacity":210,"source_publisher":"東京都都民安全総合対策本部","source_title":"自転車駐輪場情報","source_url":"https://www.tomin-anzen.metro.tokyo.lg.jp/kotsu/jitensha/seisaku-jyourei/churinjou","source_updated_at":"2026-04-02"},"geometry":{"type":"Point","coordinates":[139.791745,35.776252]}},{"type":"Feature","properties":{"id":"official-parking-tokyo-21051","name":"西新井六丁目自転車駐車場","municipality":"足立区","address":"東京都足立区西新井6-7-8","capacity":100,"source_publisher":"東京都都民安全総合対策本部","source_title":"自転車駐輪場情報","source_url":"https://www.tomin-anzen.metro.tokyo.lg.jp/kotsu/jitensha/seisaku-jyourei/churinjou","source_updated_at":"2026-04-02"},"geometry":{"type":"Point","coordinates":[139.774552,35.778367]}},{"type":"Feature","properties":{"id":"official-parking-tokyo-21028","name":"青井駅自転車駐車場","municipality":"足立区","address":"東京都足立区青井3-24-1","capacity":1589,"source_publisher":"東京都都民安全総合対策本部","source_title":"自転車駐輪場情報","source_url":"https://www.tomin-anzen.metro.tokyo.lg.jp/kotsu/jitensha/seisaku-jyourei/churinjou","source_updated_at":"2026-04-02"},"geometry":{"type":"Point","coordinates":[139.820262,35.772827]}},{"type":"Feature","properties":{"id":"official-parking-tokyo-21011","name":"千住大橋自転車駐車場","municipality":"足立区","address":"東京都足立区千住橋戸町107-1","capacity":362,"source_publisher":"東京都都民安全総合対策本部","source_title":"自転車駐輪場情報","source_url":"https://www.tomin-anzen.metro.tokyo.lg.jp/kotsu/jitensha/seisaku-jyourei/churinjou","source_updated_at":"2026-04-02"},"geometry":{"type":"Point","coordinates":[139.796741,35.7415914]}},{"type":"Feature","properties":{"id":"official-parking-tokyo-21047","name":"扇大橋駅下自転車駐車場","municipality":"足立区","address":"東京都足立区扇2-25先","capacity":240,"source_publisher":"東京都都民安全総合対策本部","source_title":"自転車駐輪場情報","source_url":"https://www.tomin-anzen.metro.tokyo.lg.jp/kotsu/jitensha/seisaku-jyourei/churinjou","source_updated_at":"2026-04-02"},"geometry":{"type":"Point","coordinates":[139.770787,35.7637986]}},{"type":"Feature","properties":{"id":"official-parking-tokyo-21046","name":"扇大橋駅東自転車駐車場","municipality":"足立区","address":"東京都足立区扇1-21-11","capacity":332,"source_publisher":"東京都都民安全総合対策本部","source_title":"自転車駐輪場情報","source_url":"https://www.tomin-anzen.metro.tokyo.lg.jp/kotsu/jitensha/seisaku-jyourei/churinjou","source_updated_at":"2026-04-02"},"geometry":{"type":"Point","coordinates":[139.771001,35.764383]}},{"type":"Feature","properties":{"id":"official-parking-tokyo-21048","name":"足立小台駅自転車駐車場","municipality":"足立区","address":"東京都足立区小台1-20-1","capacity":94,"source_publisher":"東京都都民安全総合対策本部","source_title":"自転車駐輪場情報","source_url":"https://www.tomin-anzen.metro.tokyo.lg.jp/kotsu/jitensha/seisaku-jyourei/churinjou","source_updated_at":"2026-04-02"},"geometry":{"type":"Point","coordinates":[139.770078,35.755126]}},{"type":"Feature","properties":{"id":"official-parking-tokyo-21023","name":"大師前自転車駐車場","municipality":"足立区","address":"東京都足立区西新井1-16-15","capacity":237,"source_publisher":"東京都都民安全総合対策本部","source_title":"自転車駐輪場情報","source_url":"https://www.tomin-anzen.metro.tokyo.lg.jp/kotsu/jitensha/seisaku-jyourei/churinjou","source_updated_at":"2026-04-02"},"geometry":{"type":"Point","coordinates":[139.781429,35.780145]}},{"type":"Feature","properties":{"id":"official-parking-tokyo-21036","name":"谷在家駅西自転車駐車場","municipality":"足立区","address":"東京都足立区谷在家3-20-19","capacity":314,"source_publisher":"東京都都民安全総合対策本部","source_title":"自転車駐輪場情報","source_url":"https://www.tomin-anzen.metro.tokyo.lg.jp/kotsu/jitensha/seisaku-jyourei/churinjou","source_updated_at":"2026-04-02"},"geometry":{"type":"Point","coordinates":[139.769855,35.788874]}},{"type":"Feature","properties":{"id":"official-parking-tokyo-21035","name":"谷在家駅東自転車駐車場","municipality":"足立区","address":"東京都足立区谷在家1-21-3","capacity":152,"source_publisher":"東京都都民安全総合対策本部","source_title":"自転車駐輪場情報","source_url":"https://www.tomin-anzen.metro.tokyo.lg.jp/kotsu/jitensha/seisaku-jyourei/churinjou","source_updated_at":"2026-04-02"},"geometry":{"type":"Point","coordinates":[139.770888,35.787893]}},{"type":"Feature","properties":{"id":"official-parking-tokyo-21113","name":"谷中四丁目自転車駐車場","municipality":"足立区","address":"東京都足立区谷中4-5-6","capacity":504,"source_publisher":"東京都都民安全総合対策本部","source_title":"自転車駐輪場情報","source_url":"https://www.tomin-anzen.metro.tokyo.lg.jp/kotsu/jitensha/seisaku-jyourei/churinjou","source_updated_at":"2026-04-02"},"geometry":{"type":"Point","coordinates":[139.83203,35.77952]}},{"type":"Feature","properties":{"id":"official-parking-tokyo-21108","name":"竹ノ塚駅西口公共駐車場","municipality":"足立区","address":"東京都足立区西竹の塚1-11-2","capacity":300,"source_publisher":"東京都都民安全総合対策本部","source_title":"自転車駐輪場情報","source_url":"https://www.tomin-anzen.metro.tokyo.lg.jp/kotsu/jitensha/seisaku-jyourei/churinjou","source_updated_at":"2026-04-02"},"geometry":{"type":"Point","coordinates":[139.78986,35.79303]}},{"type":"Feature","properties":{"id":"official-parking-tokyo-21114","name":"竹ノ塚駅東口駅前広場自転車駐車場","municipality":"足立区","address":"東京都足立区竹の塚6-5先","capacity":23,"source_publisher":"東京都都民安全総合対策本部","source_title":"自転車駐輪場情報","source_url":"https://www.tomin-anzen.metro.tokyo.lg.jp/kotsu/jitensha/seisaku-jyourei/churinjou","source_updated_at":"2026-04-02"},"geometry":{"type":"Point","coordinates":[139.79204,35.79451]}},{"type":"Feature","properties":{"id":"official-parking-tokyo-21019","name":"竹の塚西自転車駐車場","municipality":"足立区","address":"東京都足立区西竹の塚2-12-2","capacity":1230,"source_publisher":"東京都都民安全総合対策本部","source_title":"自転車駐輪場情報","source_url":"https://www.tomin-anzen.metro.tokyo.lg.jp/kotsu/jitensha/seisaku-jyourei/churinjou","source_updated_at":"2026-04-02"},"geometry":{"type":"Point","coordinates":[139.789975,35.7966153]}},{"type":"Feature","properties":{"id":"official-parking-tokyo-21016","name":"竹の塚東自転車駐車場Ａ棟","municipality":"足立区","address":"東京都足立区竹の塚6-16-9先","capacity":1949,"source_publisher":"東京都都民安全総合対策本部","source_title":"自転車駐輪場情報","source_url":"https://www.tomin-anzen.metro.tokyo.lg.jp/kotsu/jitensha/seisaku-jyourei/churinjou","source_updated_at":"2026-04-02"},"geometry":{"type":"Point","coordinates":[139.791659,35.796074]}},{"type":"Feature","properties":{"id":"official-parking-tokyo-21017","name":"竹の塚東自転車駐車場Ｂ棟","municipality":"足立区","address":"東京都足立区竹の塚6-16-9先","capacity":1434,"source_publisher":"東京都都民安全総合対策本部","source_title":"自転車駐輪場情報","source_url":"https://www.tomin-anzen.metro.tokyo.lg.jp/kotsu/jitensha/seisaku-jyourei/churinjou","source_updated_at":"2026-04-02"},"geometry":{"type":"Point","coordinates":[139.792748,35.796004]}},{"type":"Feature","properties":{"id":"official-parking-tokyo-21018","name":"竹の塚南自転車駐車場","municipality":"足立区","address":"東京都足立区西竹の塚1-14-5","capacity":623,"source_publisher":"東京都都民安全総合対策本部","source_title":"自転車駐輪場情報","source_url":"https://www.tomin-anzen.metro.tokyo.lg.jp/kotsu/jitensha/seisaku-jyourei/churinjou","source_updated_at":"2026-04-02"},"geometry":{"type":"Point","coordinates":[139.78844,35.793667]}},{"type":"Feature","properties":{"id":"official-parking-tokyo-21050","name":"椿二丁目自転車駐車場","municipality":"足立区","address":"東京都足立区椿2-21-1先","capacity":230,"source_publisher":"東京都都民安全総合対策本部","source_title":"自転車駐輪場情報","source_url":"https://www.tomin-anzen.metro.tokyo.lg.jp/kotsu/jitensha/seisaku-jyourei/churinjou","source_updated_at":"2026-04-02"},"geometry":{"type":"Point","coordinates":[139.760977,35.778115]}},{"type":"Feature","properties":{"id":"official-parking-tokyo-21009","name":"東綾瀬公園第一自転車駐車場","municipality":"足立区","address":"東京都足立区綾瀬3-9","capacity":74,"source_publisher":"東京都都民安全総合対策本部","source_title":"自転車駐輪場情報","source_url":"https://www.tomin-anzen.metro.tokyo.lg.jp/kotsu/jitensha/seisaku-jyourei/churinjou","source_updated_at":"2026-04-02"},"geometry":{"type":"Point","coordinates":[139.826861,35.7635904]}},{"type":"Feature","properties":{"id":"official-parking-tokyo-21010","name":"東綾瀬公園第二自転車駐車場","municipality":"足立区","address":"東京都足立区綾瀬3-14","capacity":86,"source_publisher":"東京都都民安全総合対策本部","source_title":"自転車駐輪場情報","source_url":"https://www.tomin-anzen.metro.tokyo.lg.jp/kotsu/jitensha/seisaku-jyourei/churinjou","source_updated_at":"2026-04-02"},"geometry":{"type":"Point","coordinates":[139.826673,35.7641851]}},{"type":"Feature","properties":{"id":"official-parking-tokyo-21026","name":"北綾瀬南自転車駐車場","municipality":"足立区","address":"東京都足立区谷中1-13-9","capacity":409,"source_publisher":"東京都都民安全総合対策本部","source_title":"自転車駐輪場情報","source_url":"https://www.tomin-anzen.metro.tokyo.lg.jp/kotsu/jitensha/seisaku-jyourei/churinjou","source_updated_at":"2026-04-02"},"geometry":{"type":"Point","coordinates":[139.831989,35.775044]}},{"type":"Feature","properties":{"id":"official-parking-tokyo-21027","name":"北綾瀬北自転車駐車場","municipality":"足立区","address":"東京都足立区谷中4-7-5","capacity":482,"source_publisher":"東京都都民安全総合対策本部","source_title":"自転車駐輪場情報","source_url":"https://www.tomin-anzen.metro.tokyo.lg.jp/kotsu/jitensha/seisaku-jyourei/churinjou","source_updated_at":"2026-04-02"},"geometry":{"type":"Point","coordinates":[139.832136,35.777693]}},{"type":"Feature","properties":{"id":"official-parking-tokyo-21014","name":"北千住西口自転車駐車場","municipality":"足立区","address":"東京都足立区千住旭町42-2","capacity":480,"source_publisher":"東京都都民安全総合対策本部","source_title":"自転車駐輪場情報","source_url":"https://www.tomin-anzen.metro.tokyo.lg.jp/kotsu/jitensha/seisaku-jyourei/churinjou","source_updated_at":"2026-04-02"},"geometry":{"type":"Point","coordinates":[139.805263,35.751301]}},{"type":"Feature","properties":{"id":"official-parking-tokyo-21012","name":"北千住南自転車駐車場","municipality":"足立区","address":"東京都足立区千住旭町42-3","capacity":1184,"source_publisher":"東京都都民安全総合対策本部","source_title":"自転車駐輪場情報","source_url":"https://www.tomin-anzen.metro.tokyo.lg.jp/kotsu/jitensha/seisaku-jyourei/churinjou","source_updated_at":"2026-04-02"},"geometry":{"type":"Point","coordinates":[139.804432,35.748757]}},{"type":"Feature","properties":{"id":"official-parking-tokyo-21013","name":"北千住北自転車駐車場","municipality":"足立区","address":"東京都足立区千住旭町42-2","capacity":1053,"source_publisher":"東京都都民安全総合対策本部","source_title":"自転車駐輪場情報","source_url":"https://www.tomin-anzen.metro.tokyo.lg.jp/kotsu/jitensha/seisaku-jyourei/churinjou","source_updated_at":"2026-04-02"},"geometry":{"type":"Point","coordinates":[139.805183,35.751031]}},{"type":"Feature","properties":{"id":"official-parking-tokyo-21029","name":"六町駅自転車駐車場","municipality":"足立区","address":"東京都足立区六町4-1-25","capacity":1558,"source_publisher":"東京都都民安全総合対策本部","source_title":"自転車駐輪場情報","source_url":"https://www.tomin-anzen.metro.tokyo.lg.jp/kotsu/jitensha/seisaku-jyourei/churinjou","source_updated_at":"2026-04-02"},"geometry":{"type":"Point","coordinates":[139.821319,35.784216]}},{"type":"Feature","properties":{"id":"official-parking-tokyo-21115","name":"六町駅第３自転車駐車場","municipality":"足立区","address":"東京都足立区六町1-15","capacity":391,"source_publisher":"東京都都民安全総合対策本部","source_title":"自転車駐輪場情報","source_url":"https://www.tomin-anzen.metro.tokyo.lg.jp/kotsu/jitensha/seisaku-jyourei/churinjou","source_updated_at":"2026-04-02"},"geometry":{"type":"Point","coordinates":[139.82181,35.78338]}},{"type":"Feature","properties":{"id":"official-parking-tokyo-45003","name":"オダクル駐輪場","municipality":"多摩市","address":"東京都多摩市永山1-18-1","capacity":69,"source_publisher":"東京都都民安全総合対策本部","source_title":"自転車駐輪場情報","source_url":"https://www.tomin-anzen.metro.tokyo.lg.jp/kotsu/jitensha/seisaku-jyourei/churinjou","source_updated_at":"2026-04-02"},"geometry":{"type":"Point","coordinates":[139.448578,35.629666]}},{"type":"Feature","properties":{"id":"official-parking-tokyo-45004","name":"永山駅駐輪場","municipality":"多摩市","address":"東京都多摩市永山1-5","capacity":922,"source_publisher":"東京都都民安全総合対策本部","source_title":"自転車駐輪場情報","source_url":"https://www.tomin-anzen.metro.tokyo.lg.jp/kotsu/jitensha/seisaku-jyourei/churinjou","source_updated_at":"2026-04-02"},"geometry":{"type":"Point","coordinates":[139.448884,35.628498]}},{"type":"Feature","properties":{"id":"official-parking-tokyo-45002","name":"京王永山駅駐輪場","municipality":"多摩市","address":"東京都多摩市永山1-18-1","capacity":896,"source_publisher":"東京都都民安全総合対策本部","source_title":"自転車駐輪場情報","source_url":"https://www.tomin-anzen.metro.tokyo.lg.jp/kotsu/jitensha/seisaku-jyourei/churinjou","source_updated_at":"2026-04-02"},"geometry":{"type":"Point","coordinates":[139.448508,35.630067]}},{"type":"Feature","properties":{"id":"official-parking-tokyo-45001","name":"聖蹟桜ヶ丘駅西駐輪場","municipality":"多摩市","address":"東京都多摩市一ノ宮2-11-25","capacity":693,"source_publisher":"東京都都民安全総合対策本部","source_title":"自転車駐輪場情報","source_url":"https://www.tomin-anzen.metro.tokyo.lg.jp/kotsu/jitensha/seisaku-jyourei/churinjou","source_updated_at":"2026-04-02"},"geometry":{"type":"Point","coordinates":[139.445909,35.650793]}},{"type":"Feature","properties":{"id":"official-parking-tokyo-45008","name":"聖蹟桜ヶ丘駅東駐輪場","municipality":"多摩市","address":"東京都多摩市関戸2-43-3","capacity":498,"source_publisher":"東京都都民安全総合対策本部","source_title":"自転車駐輪場情報","source_url":"https://www.tomin-anzen.metro.tokyo.lg.jp/kotsu/jitensha/seisaku-jyourei/churinjou","source_updated_at":"2026-04-02"},"geometry":{"type":"Point","coordinates":[139.449357,35.651179]}},{"type":"Feature","properties":{"id":"official-parking-tokyo-45009","name":"聖蹟桜ヶ丘駅南駐輪場","municipality":"多摩市","address":"東京都多摩市一ノ宮3-1-10","capacity":1041,"source_publisher":"東京都都民安全総合対策本部","source_title":"自転車駐輪場情報","source_url":"https://www.tomin-anzen.metro.tokyo.lg.jp/kotsu/jitensha/seisaku-jyourei/churinjou","source_updated_at":"2026-04-02"},"geometry":{"type":"Point","coordinates":[139.44589,35.649648]}},{"type":"Feature","properties":{"id":"official-parking-tokyo-45006","name":"多摩センター駅西駐輪場","municipality":"多摩市","address":"東京都多摩市鶴牧1-19-2","capacity":1253,"source_publisher":"東京都都民安全総合対策本部","source_title":"自転車駐輪場情報","source_url":"https://www.tomin-anzen.metro.tokyo.lg.jp/kotsu/jitensha/seisaku-jyourei/churinjou","source_updated_at":"2026-04-02"},"geometry":{"type":"Point","coordinates":[139.422332,35.624394]}},{"type":"Feature","properties":{"id":"official-parking-tokyo-45005","name":"多摩センター駅東駐輪場","municipality":"多摩市","address":"東京都多摩市落合1-12-7（京王線側）/多摩市落合1-13-5（小田急線側）","capacity":859,"source_publisher":"東京都都民安全総合対策本部","source_title":"自転車駐輪場情報","source_url":"https://www.tomin-anzen.metro.tokyo.lg.jp/kotsu/jitensha/seisaku-jyourei/churinjou","source_updated_at":"2026-04-02"},"geometry":{"type":"Point","coordinates":[139.42626,35.62604]}},{"type":"Feature","properties":{"id":"official-parking-tokyo-45012","name":"多摩センター駅南駐輪場","municipality":"多摩市","address":"東京都多摩市落合1-46-1","capacity":304,"source_publisher":"東京都都民安全総合対策本部","source_title":"自転車駐輪場情報","source_url":"https://www.tomin-anzen.metro.tokyo.lg.jp/kotsu/jitensha/seisaku-jyourei/churinjou","source_updated_at":"2026-04-02"},"geometry":{"type":"Point","coordinates":[139.424559,35.6218646]}},{"type":"Feature","properties":{"id":"official-parking-tokyo-45007","name":"唐木田駅駐輪場","municipality":"多摩市","address":"東京都多摩市唐木田1-5-2","capacity":240,"source_publisher":"東京都都民安全総合対策本部","source_title":"自転車駐輪場情報","source_url":"https://www.tomin-anzen.metro.tokyo.lg.jp/kotsu/jitensha/seisaku-jyourei/churinjou","source_updated_at":"2026-04-02"},"geometry":{"type":"Point","coordinates":[139.41071,35.615291]}},{"type":"Feature","properties":{"id":"official-parking-tokyo-45010","name":"北諏訪小南駐輪場","municipality":"多摩市","address":"東京都多摩市諏訪2-13","capacity":77,"source_publisher":"東京都都民安全総合対策本部","source_title":"自転車駐輪場情報","source_url":"https://www.tomin-anzen.metro.tokyo.lg.jp/kotsu/jitensha/seisaku-jyourei/churinjou","source_updated_at":"2026-04-02"},"geometry":{"type":"Point","coordinates":[139.450469,35.62898]}},{"type":"Feature","properties":{"id":"official-parking-tokyo-6035","name":"TOBU PARK浅草駅前第２駐輪場","municipality":"台東区","address":"東京都台東区花川戸1-6-7","capacity":125,"source_publisher":"東京都都民安全総合対策本部","source_title":"自転車駐輪場情報","source_url":"https://www.tomin-anzen.metro.tokyo.lg.jp/kotsu/jitensha/seisaku-jyourei/churinjou","source_updated_at":"2026-04-02"},"geometry":{"type":"Point","coordinates":[139.798255,35.7124033]}},{"type":"Feature","properties":{"id":"official-parking-tokyo-6034","name":"TOBU PARK浅草駅前駐輪場","municipality":"台東区","address":"東京都台東区花川戸1-5","capacity":82,"source_publisher":"東京都都民安全総合対策本部","source_title":"自転車駐輪場情報","source_url":"https://www.tomin-anzen.metro.tokyo.lg.jp/kotsu/jitensha/seisaku-jyourei/churinjou","source_updated_at":"2026-04-02"},"geometry":{"type":"Point","coordinates":[139.798193,35.712142]}},{"type":"Feature","properties":{"id":"official-parking-tokyo-6024","name":"つくばエクスプレス浅草駅南自転車駐車場","municipality":"台東区","address":"東京都台東区浅草1-25地先","capacity":460,"source_publisher":"東京都都民安全総合対策本部","source_title":"自転車駐輪場情報","source_url":"https://www.tomin-anzen.metro.tokyo.lg.jp/kotsu/jitensha/seisaku-jyourei/churinjou","source_updated_at":"2026-04-02"},"geometry":{"type":"Point","coordinates":[139.792359,35.71267]}},{"type":"Feature","properties":{"id":"official-parking-tokyo-6023","name":"つくばエクスプレス浅草駅北自転車駐車場","municipality":"台東区","address":"東京都台東区浅草2-13地先","capacity":300,"source_publisher":"東京都都民安全総合対策本部","source_title":"自転車駐輪場情報","source_url":"https://www.tomin-anzen.metro.tokyo.lg.jp/kotsu/jitensha/seisaku-jyourei/churinjou","source_updated_at":"2026-04-02"},"geometry":{"type":"Point","coordinates":[139.792745,35.715902]}},{"type":"Feature","properties":{"id":"official-parking-tokyo-6036","name":"ヒューリック浅草橋ビル駐輪場","municipality":"台東区","address":"東京都台東区浅草橋1-22-16","capacity":500,"source_publisher":"東京都都民安全総合対策本部","source_title":"自転車駐輪場情報","source_url":"https://www.tomin-anzen.metro.tokyo.lg.jp/kotsu/jitensha/seisaku-jyourei/churinjou","source_updated_at":"2026-04-02"},"geometry":{"type":"Point","coordinates":[139.784103,35.697759]}},{"type":"Feature","properties":{"id":"official-parking-tokyo-6029","name":"稲荷町自転車駐車場","municipality":"台東区","address":"東京都台東区東上野5-1地先、東京都台東区東上野3-33地先","capacity":70,"source_publisher":"東京都都民安全総合対策本部","source_title":"自転車駐輪場情報","source_url":"https://www.tomin-anzen.metro.tokyo.lg.jp/kotsu/jitensha/seisaku-jyourei/churinjou","source_updated_at":"2026-04-02"},"geometry":{"type":"Point","coordinates":[139.782201,35.7115257]}},{"type":"Feature","properties":{"id":"official-parking-tokyo-6021","name":"厩橋自転車置場","municipality":"台東区","address":"東京都台東区駒形2-1地先","capacity":78,"source_publisher":"東京都都民安全総合対策本部","source_title":"自転車駐輪場情報","source_url":"https://www.tomin-anzen.metro.tokyo.lg.jp/kotsu/jitensha/seisaku-jyourei/churinjou","source_updated_at":"2026-04-02"},"geometry":{"type":"Point","coordinates":[139.794395,35.704857]}},{"type":"Feature","properties":{"id":"official-parking-tokyo-6020","name":"駒形自転車駐車場","municipality":"台東区","address":"東京都台東区駒形1-1-5","capacity":30,"source_publisher":"東京都都民安全総合対策本部","source_title":"自転車駐輪場情報","source_url":"https://www.tomin-anzen.metro.tokyo.lg.jp/kotsu/jitensha/seisaku-jyourei/churinjou","source_updated_at":"2026-04-02"},"geometry":{"type":"Point","coordinates":[139.79305,35.705728]}},{"type":"Feature","properties":{"id":"official-parking-tokyo-6017","name":"隅田公園自転車置場","municipality":"台東区","address":"東京都台東区花川戸1-1","capacity":40,"source_publisher":"東京都都民安全総合対策本部","source_title":"自転車駐輪場情報","source_url":"https://www.tomin-anzen.metro.tokyo.lg.jp/kotsu/jitensha/seisaku-jyourei/churinjou","source_updated_at":"2026-04-02"},"geometry":{"type":"Point","coordinates":[139.800135,35.712506]}},{"type":"Feature","properties":{"id":"official-parking-tokyo-6016","name":"隅田公園自転車駐車場","municipality":"台東区","address":"東京都台東区花川戸1-1","capacity":1202,"source_publisher":"東京都都民安全総合対策本部","source_title":"自転車駐輪場情報","source_url":"https://www.tomin-anzen.metro.tokyo.lg.jp/kotsu/jitensha/seisaku-jyourei/churinjou","source_updated_at":"2026-04-02"},"geometry":{"type":"Point","coordinates":[139.798373,35.710972]}},{"type":"Feature","properties":{"id":"official-parking-tokyo-6004","name":"御徒町駅南口自転車駐車場","municipality":"台東区","address":"東京都台東区上野5-21","capacity":260,"source_publisher":"東京都都民安全総合対策本部","source_title":"自転車駐輪場情報","source_url":"https://www.tomin-anzen.metro.tokyo.lg.jp/kotsu/jitensha/seisaku-jyourei/churinjou","source_updated_at":"2026-04-02"},"geometry":{"type":"Point","coordinates":[139.774996,35.706356]}},{"type":"Feature","properties":{"id":"official-parking-tokyo-6003","name":"御徒町自転車駐車場","municipality":"台東区","address":"東京都台東区台東4-8地先","capacity":209,"source_publisher":"東京都都民安全総合対策本部","source_title":"自転車駐輪場情報","source_url":"https://www.tomin-anzen.metro.tokyo.lg.jp/kotsu/jitensha/seisaku-jyourei/churinjou","source_updated_at":"2026-04-02"},"geometry":{"type":"Point","coordinates":[139.776099,35.705872]}},{"type":"Feature","properties":{"id":"official-parking-tokyo-6005","name":"御徒町南口駅前広場自転車駐車場","municipality":"台東区","address":"東京都台東区上野3-26地先","capacity":200,"source_publisher":"東京都都民安全総合対策本部","source_title":"自転車駐輪場情報","source_url":"https://www.tomin-anzen.metro.tokyo.lg.jp/kotsu/jitensha/seisaku-jyourei/churinjou","source_updated_at":"2026-04-02"},"geometry":{"type":"Point","coordinates":[139.774113,35.706613]}},{"type":"Feature","properties":{"id":"official-parking-tokyo-6015","name":"三ノ輪自転車置場","municipality":"台東区","address":"東京都台東区三ノ輪2-15地先","capacity":150,"source_publisher":"東京都都民安全総合対策本部","source_title":"自転車駐輪場情報","source_url":"https://www.tomin-anzen.metro.tokyo.lg.jp/kotsu/jitensha/seisaku-jyourei/churinjou","source_updated_at":"2026-04-02"},"geometry":{"type":"Point","coordinates":[139.792395,35.730415]}},{"type":"Feature","properties":{"id":"official-parking-tokyo-6014","name":"三ノ輪自転車駐車場","municipality":"台東区","address":"東京都台東区三ノ輪1-27-11","capacity":252,"source_publisher":"東京都都民安全総合対策本部","source_title":"自転車駐輪場情報","source_url":"https://www.tomin-anzen.metro.tokyo.lg.jp/kotsu/jitensha/seisaku-jyourei/churinjou","source_updated_at":"2026-04-02"},"geometry":{"type":"Point","coordinates":[139.792436,35.729461]}},{"type":"Feature","properties":{"id":"official-parking-tokyo-6026","name":"上野駅西自転車置場","municipality":"台東区","address":"東京都台東区上野6-16地先","capacity":42,"source_publisher":"東京都都民安全総合対策本部","source_title":"自転車駐輪場情報","source_url":"https://www.tomin-anzen.metro.tokyo.lg.jp/kotsu/jitensha/seisaku-jyourei/churinjou","source_updated_at":"2026-04-02"},"geometry":{"type":"Point","coordinates":[139.776326,35.711234]}},{"type":"Feature","properties":{"id":"official-parking-tokyo-6008","name":"上野駅浅草口前自転車置場","municipality":"台東区","address":"東京都台東区上野7-3地先","capacity":20,"source_publisher":"東京都都民安全総合対策本部","source_title":"自転車駐輪場情報","source_url":"https://www.tomin-anzen.metro.tokyo.lg.jp/kotsu/jitensha/seisaku-jyourei/churinjou","source_updated_at":"2026-04-02"},"geometry":{"type":"Point","coordinates":[139.777617,35.712371]}},{"type":"Feature","properties":{"id":"official-parking-tokyo-6009","name":"上野駅地下鉄本社前自転車置場","municipality":"台東区","address":"東京都台東区東上野3-19地先","capacity":17,"source_publisher":"東京都都民安全総合対策本部","source_title":"自転車駐輪場情報","source_url":"https://www.tomin-anzen.metro.tokyo.lg.jp/kotsu/jitensha/seisaku-jyourei/churinjou","source_updated_at":"2026-04-02"},"geometry":{"type":"Point","coordinates":[139.777544,35.711561]}},{"type":"Feature","properties":{"id":"official-parking-tokyo-6007","name":"上野駅中央口前自転車置場","municipality":"台東区","address":"東京都台東区上野7-1地先","capacity":124,"source_publisher":"東京都都民安全総合対策本部","source_title":"自転車駐輪場情報","source_url":"https://www.tomin-anzen.metro.tokyo.lg.jp/kotsu/jitensha/seisaku-jyourei/churinjou","source_updated_at":"2026-04-02"},"geometry":{"type":"Point","coordinates":[139.776671,35.711814]}},{"type":"Feature","properties":{"id":"official-parking-tokyo-6027","name":"上野駅東自転車置場","municipality":"台東区","address":"東京都台東区東上野3-18地先","capacity":12,"source_publisher":"東京都都民安全総合対策本部","source_title":"自転車駐輪場情報","source_url":"https://www.tomin-anzen.metro.tokyo.lg.jp/kotsu/jitensha/seisaku-jyourei/churinjou","source_updated_at":"2026-04-02"},"geometry":{"type":"Point","coordinates":[139.776996,35.711186]}},{"type":"Feature","properties":{"id":"official-parking-tokyo-6011","name":"上野駅南自転車置場","municipality":"台東区","address":"東京都台東区上野6-7地先","capacity":65,"source_publisher":"東京都都民安全総合対策本部","source_title":"自転車駐輪場情報","source_url":"https://www.tomin-anzen.metro.tokyo.lg.jp/kotsu/jitensha/seisaku-jyourei/churinjou","source_updated_at":"2026-04-02"},"geometry":{"type":"Point","coordinates":[139.776524,35.71001]}},{"type":"Feature","properties":{"id":"official-parking-tokyo-6010","name":"上野駅南自転車駐車場","municipality":"台東区","address":"東京都台東区上野6-7地先","capacity":105,"source_publisher":"東京都都民安全総合対策本部","source_title":"自転車駐輪場情報","source_url":"https://www.tomin-anzen.metro.tokyo.lg.jp/kotsu/jitensha/seisaku-jyourei/churinjou","source_updated_at":"2026-04-02"},"geometry":{"type":"Point","coordinates":[139.776524,35.71001]}},{"type":"Feature","properties":{"id":"official-parking-tokyo-6018","name":"新御徒町駅自転車駐車場","municipality":"台東区","address":"東京都台東区小島2-21地先","capacity":680,"source_publisher":"東京都都民安全総合対策本部","source_title":"自転車駐輪場情報","source_url":"https://www.tomin-anzen.metro.tokyo.lg.jp/kotsu/jitensha/seisaku-jyourei/churinjou","source_updated_at":"2026-04-02"},"geometry":{"type":"Point","coordinates":[139.783025,35.7069]}},{"type":"Feature","properties":{"id":"official-parking-tokyo-6019","name":"蔵前自転車駐車場","municipality":"台東区","address":"東京都台東区蔵前3-13-11","capacity":162,"source_publisher":"東京都都民安全総合対策本部","source_title":"自転車駐輪場情報","source_url":"https://www.tomin-anzen.metro.tokyo.lg.jp/kotsu/jitensha/seisaku-jyourei/churinjou","source_updated_at":"2026-04-02"},"geometry":{"type":"Point","coordinates":[139.792522,35.704665]}},{"type":"Feature","properties":{"id":"official-parking-tokyo-6012","name":"池之端自転車置場","municipality":"台東区","address":"東京都台東区池之端1-1","capacity":41,"source_publisher":"東京都都民安全総合対策本部","source_title":"自転車駐輪場情報","source_url":"https://www.tomin-anzen.metro.tokyo.lg.jp/kotsu/jitensha/seisaku-jyourei/churinjou","source_updated_at":"2026-04-02"},"geometry":{"type":"Point","coordinates":[139.76908,35.709531]}},{"type":"Feature","properties":{"id":"official-parking-tokyo-6006","name":"仲御徒町駅自転車駐車場","municipality":"台東区","address":"東京都台東区東上野1-14地先","capacity":380,"source_publisher":"東京都都民安全総合対策本部","source_title":"自転車駐輪場情報","source_url":"https://www.tomin-anzen.metro.tokyo.lg.jp/kotsu/jitensha/seisaku-jyourei/churinjou","source_updated_at":"2026-04-02"},"geometry":{"type":"Point","coordinates":[139.776513,35.707802]}},{"type":"Feature","properties":{"id":"official-parking-tokyo-6022","name":"日暮里駅西口自転車置場","municipality":"台東区","address":"東京都台東区谷中7-15地先","capacity":180,"source_publisher":"東京都都民安全総合対策本部","source_title":"自転車駐輪場情報","source_url":"https://www.tomin-anzen.metro.tokyo.lg.jp/kotsu/jitensha/seisaku-jyourei/churinjou","source_updated_at":"2026-04-02"},"geometry":{"type":"Point","coordinates":[139.769984,35.727456]}},{"type":"Feature","properties":{"id":"official-parking-tokyo-6028","name":"入谷駅南自転車等駐車場","municipality":"台東区","address":"東京都台東区北上野1-15地先","capacity":126,"source_publisher":"東京都都民安全総合対策本部","source_title":"自転車駐輪場情報","source_url":"https://www.tomin-anzen.metro.tokyo.lg.jp/kotsu/jitensha/seisaku-jyourei/churinjou","source_updated_at":"2026-04-02"},"geometry":{"type":"Point","coordinates":[139.783607,35.719196]}},{"type":"Feature","properties":{"id":"official-parking-tokyo-6013","name":"入谷自転車駐車場","municipality":"台東区","address":"東京都台東区入谷1-17","capacity":350,"source_publisher":"東京都都民安全総合対策本部","source_title":"自転車駐輪場情報","source_url":"https://www.tomin-anzen.metro.tokyo.lg.jp/kotsu/jitensha/seisaku-jyourei/churinjou","source_updated_at":"2026-04-02"},"geometry":{"type":"Point","coordinates":[139.7848,35.72069]}},{"type":"Feature","properties":{"id":"official-parking-tokyo-6025","name":"不忍池自転車駐車場","municipality":"台東区","address":"東京都台東区上野公園2-1地先","capacity":85,"source_publisher":"東京都都民安全総合対策本部","source_title":"自転車駐輪場情報","source_url":"https://www.tomin-anzen.metro.tokyo.lg.jp/kotsu/jitensha/seisaku-jyourei/churinjou","source_updated_at":"2026-04-02"},"geometry":{"type":"Point","coordinates":[139.77259,35.709967]}},{"type":"Feature","properties":{"id":"official-parking-tokyo-6001","name":"鶯谷第１自転車駐車場","municipality":"台東区","address":"東京都台東区根岸1-5地先","capacity":394,"source_publisher":"東京都都民安全総合対策本部","source_title":"自転車駐輪場情報","source_url":"https://www.tomin-anzen.metro.tokyo.lg.jp/kotsu/jitensha/seisaku-jyourei/churinjou","source_updated_at":"2026-04-02"},"geometry":{"type":"Point","coordinates":[139.778922,35.722844]}},{"type":"Feature","properties":{"id":"official-parking-tokyo-6030","name":"鶯谷第２自転車駐車場","municipality":"台東区","address":"東京都台東区根岸1-9地先","capacity":22,"source_publisher":"東京都都民安全総合対策本部","source_title":"自転車駐輪場情報","source_url":"https://www.tomin-anzen.metro.tokyo.lg.jp/kotsu/jitensha/seisaku-jyourei/churinjou","source_updated_at":"2026-04-02"},"geometry":{"type":"Point","coordinates":[139.777992,35.7231873]}},{"type":"Feature","properties":{"id":"official-parking-tokyo-6031","name":"鶯谷第３自転車駐車場","municipality":"台東区","address":"東京都台東区根岸1-10地先","capacity":42,"source_publisher":"東京都都民安全総合対策本部","source_title":"自転車駐輪場情報","source_url":"https://www.tomin-anzen.metro.tokyo.lg.jp/kotsu/jitensha/seisaku-jyourei/churinjou","source_updated_at":"2026-04-02"},"geometry":{"type":"Point","coordinates":[139.777195,35.7233506]}},{"type":"Feature","properties":{"id":"official-parking-tokyo-6032","name":"鶯谷第４自転車駐車場","municipality":"台東区","address":"東京都台東区根岸2-2地先","capacity":42,"source_publisher":"東京都都民安全総合対策本部","source_title":"自転車駐輪場情報","source_url":"https://www.tomin-anzen.metro.tokyo.lg.jp/kotsu/jitensha/seisaku-jyourei/churinjou","source_updated_at":"2026-04-02"},"geometry":{"type":"Point","coordinates":[139.777288,35.7235487]}},{"type":"Feature","properties":{"id":"official-parking-tokyo-6002","name":"鶯谷第５自転車駐車場","municipality":"台東区","address":"東京都台東区根岸2-3地先","capacity":170,"source_publisher":"東京都都民安全総合対策本部","source_title":"自転車駐輪場情報","source_url":"https://www.tomin-anzen.metro.tokyo.lg.jp/kotsu/jitensha/seisaku-jyourei/churinjou","source_updated_at":"2026-04-02"},"geometry":{"type":"Point","coordinates":[139.776751,35.723538]}},{"type":"Feature","properties":{"id":"official-parking-tokyo-11038","name":"アロマ地下自転車駐車場","municipality":"大田区","address":"東京都大田区蒲田5-37","capacity":1790,"source_publisher":"東京都都民安全総合対策本部","source_title":"自転車駐輪場情報","source_url":"https://www.tomin-anzen.metro.tokyo.lg.jp/kotsu/jitensha/seisaku-jyourei/churinjou","source_updated_at":"2026-04-02"},"geometry":{"type":"Point","coordinates":[139.718451,35.561361]}},{"type":"Feature","properties":{"id":"official-parking-tokyo-11017","name":"鵜の木駅前交番横自転車駐車場","municipality":"大田区","address":"東京都大田区鵜の木1-16","capacity":78,"source_publisher":"東京都都民安全総合対策本部","source_title":"自転車駐輪場情報","source_url":"https://www.tomin-anzen.metro.tokyo.lg.jp/kotsu/jitensha/seisaku-jyourei/churinjou","source_updated_at":"2026-04-02"},"geometry":{"type":"Point","coordinates":[139.681372,35.575503]}},{"type":"Feature","properties":{"id":"official-parking-tokyo-11016","name":"鵜の木駅前自転車駐車場","municipality":"大田区","address":"東京都大田区鵜の木2-4","capacity":45,"source_publisher":"東京都都民安全総合対策本部","source_title":"自転車駐輪場情報","source_url":"https://www.tomin-anzen.metro.tokyo.lg.jp/kotsu/jitensha/seisaku-jyourei/churinjou","source_updated_at":"2026-04-02"},"geometry":{"type":"Point","coordinates":[139.680514,35.575387]}},{"type":"Feature","properties":{"id":"official-parking-tokyo-11063","name":"下丸子駅前自転車駐車場","municipality":"大田区","address":"東京都大田区下丸子3-1先","capacity":369,"source_publisher":"東京都都民安全総合対策本部","source_title":"自転車駐輪場情報","source_url":"https://www.tomin-anzen.metro.tokyo.lg.jp/kotsu/jitensha/seisaku-jyourei/churinjou","source_updated_at":"2026-04-02"},"geometry":{"type":"Point","coordinates":[139.68683,35.571622]}},{"type":"Feature","properties":{"id":"official-parking-tokyo-11045","name":"蒲田あやめ橋自転車駐車場","municipality":"大田区","address":"東京都大田区蒲田5-27先","capacity":90,"source_publisher":"東京都都民安全総合対策本部","source_title":"自転車駐輪場情報","source_url":"https://www.tomin-anzen.metro.tokyo.lg.jp/kotsu/jitensha/seisaku-jyourei/churinjou","source_updated_at":"2026-04-02"},"geometry":{"type":"Point","coordinates":[139.721106,35.562646]}},{"type":"Feature","properties":{"id":"official-parking-tokyo-11040","name":"蒲田駅消費者生活センター横自転車駐車場","municipality":"大田区","address":"東京都大田区蒲田5-13","capacity":289,"source_publisher":"東京都都民安全総合対策本部","source_title":"自転車駐輪場情報","source_url":"https://www.tomin-anzen.metro.tokyo.lg.jp/kotsu/jitensha/seisaku-jyourei/churinjou","source_updated_at":"2026-04-02"},"geometry":{"type":"Point","coordinates":[139.715632,35.560089]}},{"type":"Feature","properties":{"id":"official-parking-tokyo-11049","name":"蒲田駅西蒲田公園自転車駐車場","municipality":"大田区","address":"東京都大田区西蒲田8-6","capacity":1283,"source_publisher":"東京都都民安全総合対策本部","source_title":"自転車駐輪場情報","source_url":"https://www.tomin-anzen.metro.tokyo.lg.jp/kotsu/jitensha/seisaku-jyourei/churinjou","source_updated_at":"2026-04-02"},"geometry":{"type":"Point","coordinates":[139.711402,35.561459]}},{"type":"Feature","properties":{"id":"official-parking-tokyo-11048","name":"蒲田駅西口環八下自転車駐車場","municipality":"大田区","address":"東京都大田区新蒲田1-1","capacity":2026,"source_publisher":"東京都都民安全総合対策本部","source_title":"自転車駐輪場情報","source_url":"https://www.tomin-anzen.metro.tokyo.lg.jp/kotsu/jitensha/seisaku-jyourei/churinjou","source_updated_at":"2026-04-02"},"geometry":{"type":"Point","coordinates":[139.71428,35.559521]}},{"type":"Feature","properties":{"id":"official-parking-tokyo-11047","name":"蒲田駅西口御園自転車駐車場","municipality":"大田区","address":"東京都大田区西蒲田7-70先","capacity":262,"source_publisher":"東京都都民安全総合対策本部","source_title":"自転車駐輪場情報","source_url":"https://www.tomin-anzen.metro.tokyo.lg.jp/kotsu/jitensha/seisaku-jyourei/churinjou","source_updated_at":"2026-04-02"},"geometry":{"type":"Point","coordinates":[139.712993,35.561557]}},{"type":"Feature","properties":{"id":"official-parking-tokyo-11046","name":"蒲田駅西口自転車駐車場","municipality":"大田区","address":"東京都大田区西蒲田8-1先","capacity":1207,"source_publisher":"東京都都民安全総合対策本部","source_title":"自転車駐輪場情報","source_url":"https://www.tomin-anzen.metro.tokyo.lg.jp/kotsu/jitensha/seisaku-jyourei/churinjou","source_updated_at":"2026-04-02"},"geometry":{"type":"Point","coordinates":[139.715216,35.561404]}},{"type":"Feature","properties":{"id":"official-parking-tokyo-11051","name":"蒲田駅西口呑川横自転車駐車場","municipality":"大田区","address":"東京都大田区西蒲田5-13先","capacity":206,"source_publisher":"東京都都民安全総合対策本部","source_title":"自転車駐輪場情報","source_url":"https://www.tomin-anzen.metro.tokyo.lg.jp/kotsu/jitensha/seisaku-jyourei/churinjou","source_updated_at":"2026-04-02"},"geometry":{"type":"Point","coordinates":[139.716622,35.56524]}},{"type":"Feature","properties":{"id":"official-parking-tokyo-11053","name":"蒲田駅西口臨時駐輪帯","municipality":"大田区","address":"東京都大田区西蒲田7-1・2先","capacity":225,"source_publisher":"東京都都民安全総合対策本部","source_title":"自転車駐輪場情報","source_url":"https://www.tomin-anzen.metro.tokyo.lg.jp/kotsu/jitensha/seisaku-jyourei/churinjou","source_updated_at":"2026-04-02"},"geometry":{"type":"Point","coordinates":[139.716184,35.56332]}},{"type":"Feature","properties":{"id":"official-parking-tokyo-11039","name":"蒲田駅東口環八横自転車駐車場","municipality":"大田区","address":"東京都大田区蒲田5-47先","capacity":835,"source_publisher":"東京都都民安全総合対策本部","source_title":"自転車駐輪場情報","source_url":"https://www.tomin-anzen.metro.tokyo.lg.jp/kotsu/jitensha/seisaku-jyourei/churinjou","source_updated_at":"2026-04-02"},"geometry":{"type":"Point","coordinates":[139.715688,35.55948]}},{"type":"Feature","properties":{"id":"official-parking-tokyo-11036","name":"蒲田駅東口自転車駐車場","municipality":"大田区","address":"東京都大田区蒲田5-12先","capacity":504,"source_publisher":"東京都都民安全総合対策本部","source_title":"自転車駐輪場情報","source_url":"https://www.tomin-anzen.metro.tokyo.lg.jp/kotsu/jitensha/seisaku-jyourei/churinjou","source_updated_at":"2026-04-02"},"geometry":{"type":"Point","coordinates":[139.716758,35.562934]}},{"type":"Feature","properties":{"id":"official-parking-tokyo-11041","name":"蒲田駅東口陸橋下自転車駐車場","municipality":"大田区","address":"東京都大田区蒲田5-13先","capacity":174,"source_publisher":"東京都都民安全総合対策本部","source_title":"自転車駐輪場情報","source_url":"https://www.tomin-anzen.metro.tokyo.lg.jp/kotsu/jitensha/seisaku-jyourei/churinjou","source_updated_at":"2026-04-02"},"geometry":{"type":"Point","coordinates":[139.715216,35.559434]}},{"type":"Feature","properties":{"id":"official-parking-tokyo-11052","name":"蒲田駅東口臨時駐輪帯","municipality":"大田区","address":"東京都大田区蒲田5-12先","capacity":125,"source_publisher":"東京都都民安全総合対策本部","source_title":"自転車駐輪場情報","source_url":"https://www.tomin-anzen.metro.tokyo.lg.jp/kotsu/jitensha/seisaku-jyourei/churinjou","source_updated_at":"2026-04-02"},"geometry":{"type":"Point","coordinates":[139.716538,35.563152]}},{"type":"Feature","properties":{"id":"official-parking-tokyo-11080","name":"蒲田五丁目44番自転車駐車場","municipality":"大田区","address":"東京都大田区蒲田5-44","capacity":419,"source_publisher":"東京都都民安全総合対策本部","source_title":"自転車駐輪場情報","source_url":"https://www.tomin-anzen.metro.tokyo.lg.jp/kotsu/jitensha/seisaku-jyourei/churinjou","source_updated_at":"2026-04-02"},"geometry":{"type":"Point","coordinates":[139.71685,35.55979]}},{"type":"Feature","properties":{"id":"official-parking-tokyo-11043","name":"蒲田五丁目45番自転車駐車場","municipality":"大田区","address":"東京都大田区蒲田5-45","capacity":200,"source_publisher":"東京都都民安全総合対策本部","source_title":"自転車駐輪場情報","source_url":"https://www.tomin-anzen.metro.tokyo.lg.jp/kotsu/jitensha/seisaku-jyourei/churinjou","source_updated_at":"2026-04-02"},"geometry":{"type":"Point","coordinates":[139.716083,35.560097]}},{"type":"Feature","properties":{"id":"official-parking-tokyo-11037","name":"蒲田交差東口自転車駐車場","municipality":"大田区","address":"東京都大田区蒲田5-3先","capacity":450,"source_publisher":"東京都都民安全総合対策本部","source_title":"自転車駐輪場情報","source_url":"https://www.tomin-anzen.metro.tokyo.lg.jp/kotsu/jitensha/seisaku-jyourei/churinjou","source_updated_at":"2026-04-02"},"geometry":{"type":"Point","coordinates":[139.717118,35.563839]}},{"type":"Feature","properties":{"id":"official-parking-tokyo-11044","name":"蒲田呑川右岸自転車駐車場","municipality":"大田区","address":"東京都大田区蒲田5-3・4・5・6先","capacity":450,"source_publisher":"東京都都民安全総合対策本部","source_title":"自転車駐輪場情報","source_url":"https://www.tomin-anzen.metro.tokyo.lg.jp/kotsu/jitensha/seisaku-jyourei/churinjou","source_updated_at":"2026-04-02"},"geometry":{"type":"Point","coordinates":[139.717477,35.564511]}},{"type":"Feature","properties":{"id":"official-parking-tokyo-11035","name":"久が原駅前自転車駐車場","municipality":"大田区","address":"東京都大田区南久が原2-7","capacity":122,"source_publisher":"東京都都民安全総合対策本部","source_title":"自転車駐輪場情報","source_url":"https://www.tomin-anzen.metro.tokyo.lg.jp/kotsu/jitensha/seisaku-jyourei/churinjou","source_updated_at":"2026-04-02"},"geometry":{"type":"Point","coordinates":[139.68535,35.57963]}},{"type":"Feature","properties":{"id":"official-parking-tokyo-11078","name":"久が原駅前第三自転車駐車場","municipality":"大田区","address":"東京都大田区南久が原2-１-18","capacity":95,"source_publisher":"東京都都民安全総合対策本部","source_title":"自転車駐輪場情報","source_url":"https://www.tomin-anzen.metro.tokyo.lg.jp/kotsu/jitensha/seisaku-jyourei/churinjou","source_updated_at":"2026-04-02"},"geometry":{"type":"Point","coordinates":[139.686005,35.57931]}},{"type":"Feature","properties":{"id":"official-parking-tokyo-11075","name":"久が原駅前第二自転車駐車場","municipality":"大田区","address":"東京都大田区東嶺町34","capacity":160,"source_publisher":"東京都都民安全総合対策本部","source_title":"自転車駐輪場情報","source_url":"https://www.tomin-anzen.metro.tokyo.lg.jp/kotsu/jitensha/seisaku-jyourei/churinjou","source_updated_at":"2026-04-02"},"geometry":{"type":"Point","coordinates":[139.684314,35.5806582]}},{"type":"Feature","properties":{"id":"official-parking-tokyo-11069","name":"京急蒲田駅空港線高架下自転車駐車場","municipality":"大田区","address":"東京都大田区南蒲田1-20先","capacity":1041,"source_publisher":"東京都都民安全総合対策本部","source_title":"自転車駐輪場情報","source_url":"https://www.tomin-anzen.metro.tokyo.lg.jp/kotsu/jitensha/seisaku-jyourei/churinjou","source_updated_at":"2026-04-02"},"geometry":{"type":"Point","coordinates":[139.724316,35.55972]}},{"type":"Feature","properties":{"id":"official-parking-tokyo-11070","name":"京急蒲田駅本線高架下自転車駐車場","municipality":"大田区","address":"東京都大田区蒲田4-48先","capacity":713,"source_publisher":"東京都都民安全総合対策本部","source_title":"自転車駐輪場情報","source_url":"https://www.tomin-anzen.metro.tokyo.lg.jp/kotsu/jitensha/seisaku-jyourei/churinjou","source_updated_at":"2026-04-02"},"geometry":{"type":"Point","coordinates":[139.72317,35.5598971]}},{"type":"Feature","properties":{"id":"official-parking-tokyo-11042","name":"区役所本庁舎前自転車駐車場","municipality":"大田区","address":"東京都大田区蒲田5-40","capacity":837,"source_publisher":"東京都都民安全総合対策本部","source_title":"自転車駐輪場情報","source_url":"https://www.tomin-anzen.metro.tokyo.lg.jp/kotsu/jitensha/seisaku-jyourei/churinjou","source_updated_at":"2026-04-02"},"geometry":{"type":"Point","coordinates":[139.716273,35.561088]}},{"type":"Feature","properties":{"id":"official-parking-tokyo-11066","name":"穴守稲荷駅前自転車駐車場","municipality":"大田区","address":"東京都大田区羽田4-11","capacity":271,"source_publisher":"東京都都民安全総合対策本部","source_title":"自転車駐輪場情報","source_url":"https://www.tomin-anzen.metro.tokyo.lg.jp/kotsu/jitensha/seisaku-jyourei/churinjou","source_updated_at":"2026-04-02"},"geometry":{"type":"Point","coordinates":[139.747303,35.549946]}},{"type":"Feature","properties":{"id":"official-parking-tokyo-11073","name":"御嶽山駅前第一自転車駐車場","municipality":"大田区","address":"東京都大田区北嶺町11","capacity":62,"source_publisher":"東京都都民安全総合対策本部","source_title":"自転車駐輪場情報","source_url":"https://www.tomin-anzen.metro.tokyo.lg.jp/kotsu/jitensha/seisaku-jyourei/churinjou","source_updated_at":"2026-04-02"},"geometry":{"type":"Point","coordinates":[139.68228,35.5858496]}},{"type":"Feature","properties":{"id":"official-parking-tokyo-11074","name":"御嶽山駅前第二自転車駐車場","municipality":"大田区","address":"東京都大田区北嶺町37","capacity":66,"source_publisher":"東京都都民安全総合対策本部","source_title":"自転車駐輪場情報","source_url":"https://www.tomin-anzen.metro.tokyo.lg.jp/kotsu/jitensha/seisaku-jyourei/churinjou","source_updated_at":"2026-04-02"},"geometry":{"type":"Point","coordinates":[139.681454,35.586776]}},{"type":"Feature","properties":{"id":"official-parking-tokyo-11057","name":"雑色駅高架下自転車駐車場","municipality":"大田区","address":"東京都大田区仲六郷2-40先、仲六郷3-7先","capacity":1390,"source_publisher":"東京都都民安全総合対策本部","source_title":"自転車駐輪場情報","source_url":"https://www.tomin-anzen.metro.tokyo.lg.jp/kotsu/jitensha/seisaku-jyourei/churinjou","source_updated_at":"2026-04-02"},"geometry":{"type":"Point","coordinates":[139.714508,35.5490213]}},{"type":"Feature","properties":{"id":"official-parking-tokyo-11058","name":"雑色駅西口自転車駐車場","municipality":"大田区","address":"東京都大田区仲六郷2-29","capacity":558,"source_publisher":"東京都都民安全総合対策本部","source_title":"自転車駐輪場情報","source_url":"https://www.tomin-anzen.metro.tokyo.lg.jp/kotsu/jitensha/seisaku-jyourei/churinjou","source_updated_at":"2026-04-02"},"geometry":{"type":"Point","coordinates":[139.714634,35.549713]}},{"type":"Feature","properties":{"id":"official-parking-tokyo-11056","name":"産業プラザ横自転車駐車場","municipality":"大田区","address":"東京都大田区南蒲田1-20","capacity":702,"source_publisher":"東京都都民安全総合対策本部","source_title":"自転車駐輪場情報","source_url":"https://www.tomin-anzen.metro.tokyo.lg.jp/kotsu/jitensha/seisaku-jyourei/churinjou","source_updated_at":"2026-04-02"},"geometry":{"type":"Point","coordinates":[139.724403,35.559008]}},{"type":"Feature","properties":{"id":"official-parking-tokyo-11076","name":"暫定西蒲田自転車駐車場","municipality":"大田区","address":"東京都西蒲田8-23","capacity":300,"source_publisher":"東京都都民安全総合対策本部","source_title":"自転車駐輪場情報","source_url":"https://www.tomin-anzen.metro.tokyo.lg.jp/kotsu/jitensha/seisaku-jyourei/churinjou","source_updated_at":"2026-04-02"},"geometry":{"type":"Point","coordinates":[139.714442,35.560217]}},{"type":"Feature","properties":{"id":"official-parking-tokyo-11013","name":"昭和島駅前自転車駐車場","municipality":"大田区","address":"東京都大田区昭和島2-2先","capacity":600,"source_publisher":"東京都都民安全総合対策本部","source_title":"自転車駐輪場情報","source_url":"https://www.tomin-anzen.metro.tokyo.lg.jp/kotsu/jitensha/seisaku-jyourei/churinjou","source_updated_at":"2026-04-02"},"geometry":{"type":"Point","coordinates":[139.749506,35.571548]}},{"type":"Feature","properties":{"id":"official-parking-tokyo-11018","name":"沼部駅前自転車駐車場","municipality":"大田区","address":"東京都大田区田園調布本町28","capacity":50,"source_publisher":"東京都都民安全総合対策本部","source_title":"自転車駐輪場情報","source_url":"https://www.tomin-anzen.metro.tokyo.lg.jp/kotsu/jitensha/seisaku-jyourei/churinjou","source_updated_at":"2026-04-02"},"geometry":{"type":"Point","coordinates":[139.673191,35.582451]}},{"type":"Feature","properties":{"id":"official-parking-tokyo-11010","name":"西馬込駅前自転車駐車場","municipality":"大田区","address":"東京都大田区西馬込2-20","capacity":505,"source_publisher":"東京都都民安全総合対策本部","source_title":"自転車駐輪場情報","source_url":"https://www.tomin-anzen.metro.tokyo.lg.jp/kotsu/jitensha/seisaku-jyourei/churinjou","source_updated_at":"2026-04-02"},"geometry":{"type":"Point","coordinates":[139.705389,35.58641]}},{"type":"Feature","properties":{"id":"official-parking-tokyo-11079","name":"西馬込駅前第二自転車駐車場","municipality":"大田区","address":"東京都大田区西馬込2-18","capacity":333,"source_publisher":"東京都都民安全総合対策本部","source_title":"自転車駐輪場情報","source_url":"https://www.tomin-anzen.metro.tokyo.lg.jp/kotsu/jitensha/seisaku-jyourei/churinjou","source_updated_at":"2026-04-02"},"geometry":{"type":"Point","coordinates":[139.70357,35.58685]}},{"type":"Feature","properties":{"id":"official-parking-tokyo-11029","name":"石川台駅一の橋自転車駐車場","municipality":"大田区","address":"東京都大田区東雪谷2-11先","capacity":55,"source_publisher":"東京都都民安全総合対策本部","source_title":"自転車駐輪場情報","source_url":"https://www.tomin-anzen.metro.tokyo.lg.jp/kotsu/jitensha/seisaku-jyourei/churinjou","source_updated_at":"2026-04-02"},"geometry":{"type":"Point","coordinates":[139.683695,35.595885]}},{"type":"Feature","properties":{"id":"official-parking-tokyo-11026","name":"石川台駅線路脇自転車駐車場","municipality":"大田区","address":"東京都大田区東雪谷2-4・6先","capacity":165,"source_publisher":"東京都都民安全総合対策本部","source_title":"自転車駐輪場情報","source_url":"https://www.tomin-anzen.metro.tokyo.lg.jp/kotsu/jitensha/seisaku-jyourei/churinjou","source_updated_at":"2026-04-02"},"geometry":{"type":"Point","coordinates":[139.685124,35.597128]}},{"type":"Feature","properties":{"id":"official-parking-tokyo-11027","name":"石川台駅前自転車駐車場","municipality":"大田区","address":"東京都大田区東雪谷2-24","capacity":250,"source_publisher":"東京都都民安全総合対策本部","source_title":"自転車駐輪場情報","source_url":"https://www.tomin-anzen.metro.tokyo.lg.jp/kotsu/jitensha/seisaku-jyourei/churinjou","source_updated_at":"2026-04-02"},"geometry":{"type":"Point","coordinates":[139.68579,35.596951]}},{"type":"Feature","properties":{"id":"official-parking-tokyo-11024","name":"雪が谷大塚駅前自転車駐車場","municipality":"大田区","address":"東京都大田区南雪谷2-17先・雪谷大塚町8･9先","capacity":150,"source_publisher":"東京都都民安全総合対策本部","source_title":"自転車駐輪場情報","source_url":"https://www.tomin-anzen.metro.tokyo.lg.jp/kotsu/jitensha/seisaku-jyourei/churinjou","source_updated_at":"2026-04-02"},"geometry":{"type":"Point","coordinates":[139.680506,35.591935]}},{"type":"Feature","properties":{"id":"official-parking-tokyo-11025","name":"雪谷大塚町自転車駐車場","municipality":"大田区","address":"東京都大田区雪谷大塚町1","capacity":147,"source_publisher":"東京都都民安全総合対策本部","source_title":"自転車駐輪場情報","source_url":"https://www.tomin-anzen.metro.tokyo.lg.jp/kotsu/jitensha/seisaku-jyourei/churinjou","source_updated_at":"2026-04-02"},"geometry":{"type":"Point","coordinates":[139.680913,35.59351]}},{"type":"Feature","properties":{"id":"official-parking-tokyo-11065","name":"千鳥町駅前自転車駐車場","municipality":"大田区","address":"東京都大田区千鳥3-7","capacity":190,"source_publisher":"東京都都民安全総合対策本部","source_title":"自転車駐輪場情報","source_url":"https://www.tomin-anzen.metro.tokyo.lg.jp/kotsu/jitensha/seisaku-jyourei/churinjou","source_updated_at":"2026-04-02"},"geometry":{"type":"Point","coordinates":[139.6915,35.572724]}},{"type":"Feature","properties":{"id":"official-parking-tokyo-11030","name":"洗足池駅前自転車駐車場","municipality":"大田区","address":"東京都大田区東雪谷1-1・27先、南千束2-1先","capacity":200,"source_publisher":"東京都都民安全総合対策本部","source_title":"自転車駐輪場情報","source_url":"https://www.tomin-anzen.metro.tokyo.lg.jp/kotsu/jitensha/seisaku-jyourei/churinjou","source_updated_at":"2026-04-02"},"geometry":{"type":"Point","coordinates":[139.691285,35.600035]}},{"type":"Feature","properties":{"id":"official-parking-tokyo-11031","name":"洗足池公園前自転車駐車場","municipality":"大田区","address":"東京都大田区南千束2-33先","capacity":96,"source_publisher":"東京都都民安全総合対策本部","source_title":"自転車駐輪場情報","source_url":"https://www.tomin-anzen.metro.tokyo.lg.jp/kotsu/jitensha/seisaku-jyourei/churinjou","source_updated_at":"2026-04-02"},"geometry":{"type":"Point","coordinates":[139.690975,35.6002643]}},{"type":"Feature","properties":{"id":"official-parking-tokyo-11019","name":"多摩川駅前自転車駐車場","municipality":"大田区","address":"東京都大田区田園調布1-53・55・56先","capacity":665,"source_publisher":"東京都都民安全総合対策本部","source_title":"自転車駐輪場情報","source_url":"https://www.tomin-anzen.metro.tokyo.lg.jp/kotsu/jitensha/seisaku-jyourei/churinjou","source_updated_at":"2026-04-02"},"geometry":{"type":"Point","coordinates":[139.668535,35.588393]}},{"type":"Feature","properties":{"id":"official-parking-tokyo-11020","name":"多摩川台公園下自転車駐車場","municipality":"大田区","address":"東京都大田区田園調布1-56","capacity":80,"source_publisher":"東京都都民安全総合対策本部","source_title":"自転車駐輪場情報","source_url":"https://www.tomin-anzen.metro.tokyo.lg.jp/kotsu/jitensha/seisaku-jyourei/churinjou","source_updated_at":"2026-04-02"},"geometry":{"type":"Point","coordinates":[139.669106,35.589414]}},{"type":"Feature","properties":{"id":"official-parking-tokyo-11022","name":"大岡山駅前地下自転車駐車場","municipality":"大田区","address":"東京都大田区北千束3-27先","capacity":521,"source_publisher":"東京都都民安全総合対策本部","source_title":"自転車駐輪場情報","source_url":"https://www.tomin-anzen.metro.tokyo.lg.jp/kotsu/jitensha/seisaku-jyourei/churinjou","source_updated_at":"2026-04-02"},"geometry":{"type":"Point","coordinates":[139.685253,35.607592]}},{"type":"Feature","properties":{"id":"official-parking-tokyo-11007","name":"大森駅山王小前自転車駐車場","municipality":"大田区","address":"東京都大田区山王1-26先","capacity":41,"source_publisher":"東京都都民安全総合対策本部","source_title":"自転車駐輪場情報","source_url":"https://www.tomin-anzen.metro.tokyo.lg.jp/kotsu/jitensha/seisaku-jyourei/churinjou","source_updated_at":"2026-04-02"},"geometry":{"type":"Point","coordinates":[139.726143,35.591329]}},{"type":"Feature","properties":{"id":"official-parking-tokyo-11005","name":"大森駅西口自転車駐車場","municipality":"大田区","address":"東京都大田区山王2-8","capacity":470,"source_publisher":"東京都都民安全総合対策本部","source_title":"自転車駐輪場情報","source_url":"https://www.tomin-anzen.metro.tokyo.lg.jp/kotsu/jitensha/seisaku-jyourei/churinjou","source_updated_at":"2026-04-02"},"geometry":{"type":"Point","coordinates":[139.726991,35.589302]}},{"type":"Feature","properties":{"id":"official-parking-tokyo-11006","name":"大森駅西口臨時自転車駐車場","municipality":"大田区","address":"東京都大田区山王2-3先","capacity":46,"source_publisher":"東京都都民安全総合対策本部","source_title":"自転車駐輪場情報","source_url":"https://www.tomin-anzen.metro.tokyo.lg.jp/kotsu/jitensha/seisaku-jyourei/churinjou","source_updated_at":"2026-04-02"},"geometry":{"type":"Point","coordinates":[139.726532,35.586925]}},{"type":"Feature","properties":{"id":"official-parking-tokyo-11001","name":"大森駅東口自転車駐車場","municipality":"大田区","address":"東京都大田区大森北1-1・12先","capacity":1080,"source_publisher":"東京都都民安全総合対策本部","source_title":"自転車駐輪場情報","source_url":"https://www.tomin-anzen.metro.tokyo.lg.jp/kotsu/jitensha/seisaku-jyourei/churinjou","source_updated_at":"2026-04-02"},"geometry":{"type":"Point","coordinates":[139.729448,35.587422]}},{"type":"Feature","properties":{"id":"official-parking-tokyo-11004","name":"大森駅入新井公園自転車駐車場","municipality":"大田区","address":"東京都大田区大森北1-20先","capacity":130,"source_publisher":"東京都都民安全総合対策本部","source_title":"自転車駐輪場情報","source_url":"https://www.tomin-anzen.metro.tokyo.lg.jp/kotsu/jitensha/seisaku-jyourei/churinjou","source_updated_at":"2026-04-02"},"geometry":{"type":"Point","coordinates":[139.730489,35.586515]}},{"type":"Feature","properties":{"id":"official-parking-tokyo-11002","name":"大森駅入新井自転車駐車場","municipality":"大田区","address":"東京都大田区大森北4-27、大森北1-39","capacity":1401,"source_publisher":"東京都都民安全総合対策本部","source_title":"自転車駐輪場情報","source_url":"https://www.tomin-anzen.metro.tokyo.lg.jp/kotsu/jitensha/seisaku-jyourei/churinjou","source_updated_at":"2026-04-02"},"geometry":{"type":"Point","coordinates":[139.72617,35.585346]}},{"type":"Feature","properties":{"id":"official-parking-tokyo-11014","name":"大森海岸駅前臨時自転車駐車場","municipality":"大田区","address":"東京都大田区大森北2-18先","capacity":138,"source_publisher":"東京都都民安全総合対策本部","source_title":"自転車駐輪場情報","source_url":"https://www.tomin-anzen.metro.tokyo.lg.jp/kotsu/jitensha/seisaku-jyourei/churinjou","source_updated_at":"2026-04-02"},"geometry":{"type":"Point","coordinates":[139.735553,35.586942]}},{"type":"Feature","properties":{"id":"official-parking-tokyo-11068","name":"大森町駅自転車駐車場","municipality":"大田区","address":"東京都大田区大森西3-21先","capacity":323,"source_publisher":"東京都都民安全総合対策本部","source_title":"自転車駐輪場情報","source_url":"https://www.tomin-anzen.metro.tokyo.lg.jp/kotsu/jitensha/seisaku-jyourei/churinjou","source_updated_at":"2026-04-02"},"geometry":{"type":"Point","coordinates":[139.732201,35.5728008]}},{"type":"Feature","properties":{"id":"official-parking-tokyo-11003","name":"大森複合施設ビル地下（区営）自転車駐車場","municipality":"大田区","address":"東京都大田区大森北1-10-14","capacity":536,"source_publisher":"東京都都民安全総合対策本部","source_title":"自転車駐輪場情報","source_url":"https://www.tomin-anzen.metro.tokyo.lg.jp/kotsu/jitensha/seisaku-jyourei/churinjou","source_updated_at":"2026-04-02"},"geometry":{"type":"Point","coordinates":[139.728568,35.586578]}},{"type":"Feature","properties":{"id":"official-parking-tokyo-11011","name":"池上駅前自転車駐車場","municipality":"大田区","address":"東京都大田区池上6-8","capacity":605,"source_publisher":"東京都都民安全総合対策本部","source_title":"自転車駐輪場情報","source_url":"https://www.tomin-anzen.metro.tokyo.lg.jp/kotsu/jitensha/seisaku-jyourei/churinjou","source_updated_at":"2026-04-02"},"geometry":{"type":"Point","coordinates":[139.702747,35.5715]}},{"type":"Feature","properties":{"id":"official-parking-tokyo-11033","name":"長原駅交番横自転車駐車場","municipality":"大田区","address":"東京都大田区上池台1-7先","capacity":70,"source_publisher":"東京都都民安全総合対策本部","source_title":"自転車駐輪場情報","source_url":"https://www.tomin-anzen.metro.tokyo.lg.jp/kotsu/jitensha/seisaku-jyourei/churinjou","source_updated_at":"2026-04-02"},"geometry":{"type":"Point","coordinates":[139.698978,35.602111]}},{"type":"Feature","properties":{"id":"official-parking-tokyo-11032","name":"長原駅前自転車駐車場","municipality":"大田区","address":"東京都大田区上池台1-18","capacity":306,"source_publisher":"東京都都民安全総合対策本部","source_title":"自転車駐輪場情報","source_url":"https://www.tomin-anzen.metro.tokyo.lg.jp/kotsu/jitensha/seisaku-jyourei/churinjou","source_updated_at":"2026-04-02"},"geometry":{"type":"Point","coordinates":[139.696958,35.601725]}},{"type":"Feature","properties":{"id":"official-parking-tokyo-11034","name":"長原駅北側自転車駐車場","municipality":"大田区","address":"東京都大田区上池台1-4先","capacity":59,"source_publisher":"東京都都民安全総合対策本部","source_title":"自転車駐輪場情報","source_url":"https://www.tomin-anzen.metro.tokyo.lg.jp/kotsu/jitensha/seisaku-jyourei/churinjou","source_updated_at":"2026-04-02"},"geometry":{"type":"Point","coordinates":[139.699155,35.602345]}},{"type":"Feature","properties":{"id":"official-parking-tokyo-11067","name":"天空橋駅前自転車駐車場","municipality":"大田区","address":"東京都大田区羽田空港1-1","capacity":260,"source_publisher":"東京都都民安全総合対策本部","source_title":"自転車駐輪場情報","source_url":"https://www.tomin-anzen.metro.tokyo.lg.jp/kotsu/jitensha/seisaku-jyourei/churinjou","source_updated_at":"2026-04-02"},"geometry":{"type":"Point","coordinates":[139.753266,35.548803]}},{"type":"Feature","properties":{"id":"official-parking-tokyo-11021","name":"田園調布駅南自転車駐車場","municipality":"大田区","address":"東京都大田区田園調布2-62","capacity":277,"source_publisher":"東京都都民安全総合対策本部","source_title":"自転車駐輪場情報","source_url":"https://www.tomin-anzen.metro.tokyo.lg.jp/kotsu/jitensha/seisaku-jyourei/churinjou","source_updated_at":"2026-04-02"},"geometry":{"type":"Point","coordinates":[139.667164,35.59611]}},{"type":"Feature","properties":{"id":"official-parking-tokyo-11081","name":"南前堀自転車駐車場","municipality":"大田区","address":"東京都大田区羽田旭町10先","capacity":130,"source_publisher":"東京都都民安全総合対策本部","source_title":"自転車駐輪場情報","source_url":"https://www.tomin-anzen.metro.tokyo.lg.jp/kotsu/jitensha/seisaku-jyourei/churinjou","source_updated_at":"2026-04-02"},"geometry":{"type":"Point","coordinates":[139.74996,35.55583]}},{"type":"Feature","properties":{"id":"official-parking-tokyo-11050","name":"日本工学院地下自転車駐車場","municipality":"大田区","address":"東京都大田区西蒲田5-24","capacity":1524,"source_publisher":"東京都都民安全総合対策本部","source_title":"自転車駐輪場情報","source_url":"https://www.tomin-anzen.metro.tokyo.lg.jp/kotsu/jitensha/seisaku-jyourei/churinjou","source_updated_at":"2026-04-02"},"geometry":{"type":"Point","coordinates":[139.716686,35.564664]}},{"type":"Feature","properties":{"id":"official-parking-tokyo-11009","name":"馬込駅前自転車駐車場","municipality":"大田区","address":"東京都大田区東馬込1-32先","capacity":620,"source_publisher":"東京都都民安全総合対策本部","source_title":"自転車駐輪場情報","source_url":"https://www.tomin-anzen.metro.tokyo.lg.jp/kotsu/jitensha/seisaku-jyourei/churinjou","source_updated_at":"2026-04-02"},"geometry":{"type":"Point","coordinates":[139.712134,35.595577]}},{"type":"Feature","properties":{"id":"official-parking-tokyo-11077","name":"馬込坂下自転車駐車場","municipality":"大田区","address":"東京都大田区西馬込1-19先","capacity":15,"source_publisher":"東京都都民安全総合対策本部","source_title":"自転車駐輪場情報","source_url":"https://www.tomin-anzen.metro.tokyo.lg.jp/kotsu/jitensha/seisaku-jyourei/churinjou","source_updated_at":"2026-04-02"},"geometry":{"type":"Point","coordinates":[139.7075,35.5893]}},{"type":"Feature","properties":{"id":"official-parking-tokyo-11012","name":"梅屋敷駅自転車駐車場","municipality":"大田区","address":"東京都大田区大森西6-15先","capacity":481,"source_publisher":"東京都都民安全総合対策本部","source_title":"自転車駐輪場情報","source_url":"https://www.tomin-anzen.metro.tokyo.lg.jp/kotsu/jitensha/seisaku-jyourei/churinjou","source_updated_at":"2026-04-02"},"geometry":{"type":"Point","coordinates":[139.728831,35.5676577]}},{"type":"Feature","properties":{"id":"official-parking-tokyo-11008","name":"平和島駅前国道下自転車駐車場","municipality":"大田区","address":"東京都大田区大森北6-29先","capacity":1260,"source_publisher":"東京都都民安全総合対策本部","source_title":"自転車駐輪場情報","source_url":"https://www.tomin-anzen.metro.tokyo.lg.jp/kotsu/jitensha/seisaku-jyourei/churinjou","source_updated_at":"2026-04-02"},"geometry":{"type":"Point","coordinates":[139.735196,35.578435]}},{"type":"Feature","properties":{"id":"official-parking-tokyo-11023","name":"北千束駅前自転車駐車場","municipality":"大田区","address":"東京都大田区北千束2-15先","capacity":55,"source_publisher":"東京都都民安全総合対策本部","source_title":"自転車駐輪場情報","source_url":"https://www.tomin-anzen.metro.tokyo.lg.jp/kotsu/jitensha/seisaku-jyourei/churinjou","source_updated_at":"2026-04-02"},"geometry":{"type":"Point","coordinates":[139.692919,35.606331]}},{"type":"Feature","properties":{"id":"official-parking-tokyo-11061","name":"矢口渡駅前自転車駐車場","municipality":"大田区","address":"東京都大田区多摩川1-19・20先","capacity":701,"source_publisher":"東京都都民安全総合対策本部","source_title":"自転車駐輪場情報","source_url":"https://www.tomin-anzen.metro.tokyo.lg.jp/kotsu/jitensha/seisaku-jyourei/churinjou","source_updated_at":"2026-04-02"},"geometry":{"type":"Point","coordinates":[139.700164,35.562639]}},{"type":"Feature","properties":{"id":"official-parking-tokyo-11015","name":"流通センター駅前自転車駐車場","municipality":"大田区","address":"東京都大田区平和島6-2先","capacity":185,"source_publisher":"東京都都民安全総合対策本部","source_title":"自転車駐輪場情報","source_url":"https://www.tomin-anzen.metro.tokyo.lg.jp/kotsu/jitensha/seisaku-jyourei/churinjou","source_updated_at":"2026-04-02"},"geometry":{"type":"Point","coordinates":[139.748907,35.582137]}},{"type":"Feature","properties":{"id":"official-parking-tokyo-11064","name":"蓮沼自転車駐車場","municipality":"大田区","address":"東京都大田区西蒲田7-38先","capacity":138,"source_publisher":"東京都都民安全総合対策本部","source_title":"自転車駐輪場情報","source_url":"https://www.tomin-anzen.metro.tokyo.lg.jp/kotsu/jitensha/seisaku-jyourei/churinjou","source_updated_at":"2026-04-02"},"geometry":{"type":"Point","coordinates":[139.708953,35.562724]}},{"type":"Feature","properties":{"id":"official-parking-tokyo-11060","name":"六郷土手（高架下）自転車駐車場","municipality":"大田区","address":"東京都大田区仲六郷4-31先","capacity":343,"source_publisher":"東京都都民安全総合対策本部","source_title":"自転車駐輪場情報","source_url":"https://www.tomin-anzen.metro.tokyo.lg.jp/kotsu/jitensha/seisaku-jyourei/churinjou","source_updated_at":"2026-04-02"},"geometry":{"type":"Point","coordinates":[139.709082,35.540773]}},{"type":"Feature","properties":{"id":"official-parking-tokyo-11071","name":"糀谷駅自転車駐車場","municipality":"大田区","address":"東京都大田区西糀谷4-12先","capacity":844,"source_publisher":"東京都都民安全総合対策本部","source_title":"自転車駐輪場情報","source_url":"https://www.tomin-anzen.metro.tokyo.lg.jp/kotsu/jitensha/seisaku-jyourei/churinjou","source_updated_at":"2026-04-02"},"geometry":{"type":"Point","coordinates":[139.728828,35.5552508]}},{"type":"Feature","properties":{"id":"official-parking-tokyo-11072","name":"糀谷駅前地下自転車駐車場","municipality":"大田区","address":"東京都大田区西糀谷4-29-16","capacity":800,"source_publisher":"東京都都民安全総合対策本部","source_title":"自転車駐輪場情報","source_url":"https://www.tomin-anzen.metro.tokyo.lg.jp/kotsu/jitensha/seisaku-jyourei/churinjou","source_updated_at":"2026-04-02"},"geometry":{"type":"Point","coordinates":[139.728272,35.5550317]}},{"type":"Feature","properties":{"id":"official-parking-tokyo-2013","name":"蛎殻町駐輪場","municipality":"中央区","address":"東京都中央区日本橋蛎殻町2-1-1先","capacity":126,"source_publisher":"東京都都民安全総合対策本部","source_title":"自転車駐輪場情報","source_url":"https://www.tomin-anzen.metro.tokyo.lg.jp/kotsu/jitensha/seisaku-jyourei/churinjou","source_updated_at":"2026-04-02"},"geometry":{"type":"Point","coordinates":[139.78683,35.682]}},{"type":"Feature","properties":{"id":"official-parking-tokyo-2018","name":"茅場町駐輪場","municipality":"中央区","address":"東京都中央区日本橋茅場町2-17-13","capacity":100,"source_publisher":"東京都都民安全総合対策本部","source_title":"自転車駐輪場情報","source_url":"https://www.tomin-anzen.metro.tokyo.lg.jp/kotsu/jitensha/seisaku-jyourei/churinjou","source_updated_at":"2026-04-02"},"geometry":{"type":"Point","coordinates":[139.781096,35.6790282]}},{"type":"Feature","properties":{"id":"official-parking-tokyo-2001","name":"銀座六丁目地下駐輪場","municipality":"中央区","address":"東京都中央区銀座6-10-1先","capacity":400,"source_publisher":"東京都都民安全総合対策本部","source_title":"自転車駐輪場情報","source_url":"https://www.tomin-anzen.metro.tokyo.lg.jp/kotsu/jitensha/seisaku-jyourei/churinjou","source_updated_at":"2026-04-02"},"geometry":{"type":"Point","coordinates":[139.764907,35.6696126]}},{"type":"Feature","properties":{"id":"official-parking-tokyo-2019","name":"月島駅前第一駐輪場","municipality":"中央区","address":"東京都中央区月島2-1-1先","capacity":500,"source_publisher":"東京都都民安全総合対策本部","source_title":"自転車駐輪場情報","source_url":"https://www.tomin-anzen.metro.tokyo.lg.jp/kotsu/jitensha/seisaku-jyourei/churinjou","source_updated_at":"2026-04-02"},"geometry":{"type":"Point","coordinates":[139.78539,35.66391]}},{"type":"Feature","properties":{"id":"official-parking-tokyo-2020","name":"月島駅地下駐輪場","municipality":"中央区","address":"東京都中央区月島2-10-3先","capacity":777,"source_publisher":"東京都都民安全総合対策本部","source_title":"自転車駐輪場情報","source_url":"https://www.tomin-anzen.metro.tokyo.lg.jp/kotsu/jitensha/seisaku-jyourei/churinjou","source_updated_at":"2026-04-02"},"geometry":{"type":"Point","coordinates":[139.783684,35.6633856]}},{"type":"Feature","properties":{"id":"official-parking-tokyo-2021","name":"勝どき駅地下駐輪場","municipality":"中央区","address":"東京都中央区勝どき1-9-4先","capacity":855,"source_publisher":"東京都都民安全総合対策本部","source_title":"自転車駐輪場情報","source_url":"https://www.tomin-anzen.metro.tokyo.lg.jp/kotsu/jitensha/seisaku-jyourei/churinjou","source_updated_at":"2026-04-02"},"geometry":{"type":"Point","coordinates":[139.77716,35.65901]}},{"type":"Feature","properties":{"id":"official-parking-tokyo-2009","name":"人形町一丁目駐輪場","municipality":"中央区","address":"東京都中央区日本橋人形町1-12-11先","capacity":125,"source_publisher":"東京都都民安全総合対策本部","source_title":"自転車駐輪場情報","source_url":"https://www.tomin-anzen.metro.tokyo.lg.jp/kotsu/jitensha/seisaku-jyourei/churinjou","source_updated_at":"2026-04-02"},"geometry":{"type":"Point","coordinates":[139.783705,35.68379]}},{"type":"Feature","properties":{"id":"official-parking-tokyo-2012","name":"人形町三丁目駐輪場","municipality":"中央区","address":"東京都中央区日本橋人形町3-8-1先","capacity":52,"source_publisher":"東京都都民安全総合対策本部","source_title":"自転車駐輪場情報","source_url":"https://www.tomin-anzen.metro.tokyo.lg.jp/kotsu/jitensha/seisaku-jyourei/churinjou","source_updated_at":"2026-04-02"},"geometry":{"type":"Point","coordinates":[139.78251,35.68656]}},{"type":"Feature","properties":{"id":"official-parking-tokyo-2010","name":"人形町通り駐輪場","municipality":"中央区","address":"東京都中央区日本橋人形町1-14-8先、1-16-8先、1-17-8先、1-18-8先、2-1-3先、2-3-1先、2-4-1先、2-6-3先","capacity":137,"source_publisher":"東京都都民安全総合対策本部","source_title":"自転車駐輪場情報","source_url":"https://www.tomin-anzen.metro.tokyo.lg.jp/kotsu/jitensha/seisaku-jyourei/churinjou","source_updated_at":"2026-04-02"},"geometry":{"type":"Point","coordinates":[139.78415,35.68412]}},{"type":"Feature","properties":{"id":"official-parking-tokyo-2011","name":"人形町二丁目地下駐輪場","municipality":"中央区","address":"東京都中央区日本橋人形町2-12-1","capacity":204,"source_publisher":"東京都都民安全総合対策本部","source_title":"自転車駐輪場情報","source_url":"https://www.tomin-anzen.metro.tokyo.lg.jp/kotsu/jitensha/seisaku-jyourei/churinjou","source_updated_at":"2026-04-02"},"geometry":{"type":"Point","coordinates":[139.784573,35.6847108]}},{"type":"Feature","properties":{"id":"official-parking-tokyo-2015","name":"清杉通り駐輪場","municipality":"中央区","address":"東京都中央区日本橋横山町9-7先、東京都中央区東日本橋2-1-3先、2-1-5先、2-2-5先、2-15-5先、2-15-6先、3-7-16先、3-11-9先","capacity":159,"source_publisher":"東京都都民安全総合対策本部","source_title":"自転車駐輪場情報","source_url":"https://www.tomin-anzen.metro.tokyo.lg.jp/kotsu/jitensha/seisaku-jyourei/churinjou","source_updated_at":"2026-04-02"},"geometry":{"type":"Point","coordinates":[139.785025,35.6939856]}},{"type":"Feature","properties":{"id":"official-parking-tokyo-2003","name":"築地市場駅地下駐輪場","municipality":"中央区","address":"東京都中央区築地5-1-1先","capacity":516,"source_publisher":"東京都都民安全総合対策本部","source_title":"自転車駐輪場情報","source_url":"https://www.tomin-anzen.metro.tokyo.lg.jp/kotsu/jitensha/seisaku-jyourei/churinjou","source_updated_at":"2026-04-02"},"geometry":{"type":"Point","coordinates":[139.766942,35.6648337]}},{"type":"Feature","properties":{"id":"official-parking-tokyo-2017","name":"日本橋二丁目地下駐輪場","municipality":"中央区","address":"東京都中央区日本橋2-10-8先","capacity":134,"source_publisher":"東京都都民安全総合対策本部","source_title":"自転車駐輪場情報","source_url":"https://www.tomin-anzen.metro.tokyo.lg.jp/kotsu/jitensha/seisaku-jyourei/churinjou","source_updated_at":"2026-04-02"},"geometry":{"type":"Point","coordinates":[139.774714,35.6808839]}},{"type":"Feature","properties":{"id":"official-parking-tokyo-2002","name":"入船橋駐輪場","municipality":"中央区","address":"東京都中央区明石町1-34","capacity":184,"source_publisher":"東京都都民安全総合対策本部","source_title":"自転車駐輪場情報","source_url":"https://www.tomin-anzen.metro.tokyo.lg.jp/kotsu/jitensha/seisaku-jyourei/churinjou","source_updated_at":"2026-04-02"},"geometry":{"type":"Point","coordinates":[139.775469,35.669489]}},{"type":"Feature","properties":{"id":"official-parking-tokyo-2014","name":"箱崎町駐輪場","municipality":"中央区","address":"東京都中央区日本橋箱崎町24-2","capacity":80,"source_publisher":"東京都都民安全総合対策本部","source_title":"自転車駐輪場情報","source_url":"https://www.tomin-anzen.metro.tokyo.lg.jp/kotsu/jitensha/seisaku-jyourei/churinjou","source_updated_at":"2026-04-02"},"geometry":{"type":"Point","coordinates":[139.786501,35.6804244]}},{"type":"Feature","properties":{"id":"official-parking-tokyo-2023","name":"八重洲一丁目地下駐輪場","municipality":"中央区","address":"東京都中央区八重洲1-6-1","capacity":300,"source_publisher":"東京都都民安全総合対策本部","source_title":"自転車駐輪場情報","source_url":"https://www.tomin-anzen.metro.tokyo.lg.jp/kotsu/jitensha/seisaku-jyourei/churinjou","source_updated_at":"2026-04-02"},"geometry":{"type":"Point","coordinates":[139.77032,35.68123]}},{"type":"Feature","properties":{"id":"official-parking-tokyo-2024","name":"八重洲一丁目地下駐輪場","municipality":"中央区","address":"東京都中央区八重洲1-6-1","capacity":300,"source_publisher":"東京都都民安全総合対策本部","source_title":"自転車駐輪場情報","source_url":"https://www.tomin-anzen.metro.tokyo.lg.jp/kotsu/jitensha/seisaku-jyourei/churinjou","source_updated_at":"2026-04-02"},"geometry":{"type":"Point","coordinates":[139.77032,35.68123]}},{"type":"Feature","properties":{"id":"official-parking-tokyo-2022","name":"八重洲二丁目地下駐輪場","municipality":"中央区","address":"東京都中央区八重洲2-1-4","capacity":290,"source_publisher":"東京都都民安全総合対策本部","source_title":"自転車駐輪場情報","source_url":"https://www.tomin-anzen.metro.tokyo.lg.jp/kotsu/jitensha/seisaku-jyourei/churinjou","source_updated_at":"2026-04-02"},"geometry":{"type":"Point","coordinates":[139.76984,35.67988]}},{"type":"Feature","properties":{"id":"official-parking-tokyo-2007","name":"八丁堀第一駐輪場","municipality":"中央区","address":"東京都中央区八丁堀4-5-14","capacity":160,"source_publisher":"東京都都民安全総合対策本部","source_title":"自転車駐輪場情報","source_url":"https://www.tomin-anzen.metro.tokyo.lg.jp/kotsu/jitensha/seisaku-jyourei/churinjou","source_updated_at":"2026-04-02"},"geometry":{"type":"Point","coordinates":[139.77634,35.6739741]}},{"type":"Feature","properties":{"id":"official-parking-tokyo-2008","name":"八丁堀第二駐輪場","municipality":"中央区","address":"東京都中央区八丁堀4-11-24","capacity":101,"source_publisher":"東京都都民安全総合対策本部","source_title":"自転車駐輪場情報","source_url":"https://www.tomin-anzen.metro.tokyo.lg.jp/kotsu/jitensha/seisaku-jyourei/churinjou","source_updated_at":"2026-04-02"},"geometry":{"type":"Point","coordinates":[139.776855,35.6739415]}},{"type":"Feature","properties":{"id":"official-parking-tokyo-2004","name":"備前橋第一駐輪場","municipality":"中央区","address":"東京都中央区築地7-1-15","capacity":62,"source_publisher":"東京都都民安全総合対策本部","source_title":"自転車駐輪場情報","source_url":"https://www.tomin-anzen.metro.tokyo.lg.jp/kotsu/jitensha/seisaku-jyourei/churinjou","source_updated_at":"2026-04-02"},"geometry":{"type":"Point","coordinates":[139.773402,35.6666804]}},{"type":"Feature","properties":{"id":"official-parking-tokyo-2006","name":"備前橋第三駐輪場","municipality":"中央区","address":"東京都中央区築地7-5-16","capacity":80,"source_publisher":"東京都都民安全総合対策本部","source_title":"自転車駐輪場情報","source_url":"https://www.tomin-anzen.metro.tokyo.lg.jp/kotsu/jitensha/seisaku-jyourei/churinjou","source_updated_at":"2026-04-02"},"geometry":{"type":"Point","coordinates":[139.7734,35.66632]}},{"type":"Feature","properties":{"id":"official-parking-tokyo-2005","name":"備前橋第二駐輪場","municipality":"中央区","address":"東京都中央区築地7-5-14","capacity":84,"source_publisher":"東京都都民安全総合対策本部","source_title":"自転車駐輪場情報","source_url":"https://www.tomin-anzen.metro.tokyo.lg.jp/kotsu/jitensha/seisaku-jyourei/churinjou","source_updated_at":"2026-04-02"},"geometry":{"type":"Point","coordinates":[139.773153,35.6664367]}},{"type":"Feature","properties":{"id":"official-parking-tokyo-2016","name":"浜町公園地下駐輪場","municipality":"中央区","address":"東京都中央区日本橋浜町2-59-4","capacity":262,"source_publisher":"東京都都民安全総合対策本部","source_title":"自転車駐輪場情報","source_url":"https://www.tomin-anzen.metro.tokyo.lg.jp/kotsu/jitensha/seisaku-jyourei/churinjou","source_updated_at":"2026-04-02"},"geometry":{"type":"Point","coordinates":[139.78755,35.68892]}},{"type":"Feature","properties":{"id":"official-parking-tokyo-14043","name":"Bパーク富士見台","municipality":"中野区","address":"東京都中野区上鷺宮4-17-14,16-5","capacity":68,"source_publisher":"東京都都民安全総合対策本部","source_title":"自転車駐輪場情報","source_url":"https://www.tomin-anzen.metro.tokyo.lg.jp/kotsu/jitensha/seisaku-jyourei/churinjou","source_updated_at":"2026-04-02"},"geometry":{"type":"Point","coordinates":[139.6291621,35.73461892]}},{"type":"Feature","properties":{"id":"official-parking-tokyo-14041","name":"ＥＣＯサイクル新井薬師１","municipality":"中野区","address":"東京都中野区松が丘1-1-3","capacity":40,"source_publisher":"東京都都民安全総合対策本部","source_title":"自転車駐輪場情報","source_url":"https://www.tomin-anzen.metro.tokyo.lg.jp/kotsu/jitensha/seisaku-jyourei/churinjou","source_updated_at":"2026-04-02"},"geometry":{"type":"Point","coordinates":[139.6712108,35.7164939]}},{"type":"Feature","properties":{"id":"official-parking-tokyo-14056","name":"JR Parking in中野5丁目","municipality":"中野区","address":"東京都中野区中野5-31","capacity":38,"source_publisher":"東京都都民安全総合対策本部","source_title":"自転車駐輪場情報","source_url":"https://www.tomin-anzen.metro.tokyo.lg.jp/kotsu/jitensha/seisaku-jyourei/churinjou","source_updated_at":"2026-04-02"},"geometry":{"type":"Point","coordinates":[139.672684,35.7060323]}},{"type":"Feature","properties":{"id":"official-parking-tokyo-14066","name":"NTTル・パルク中野中央第一駐車場","municipality":"中野区","address":"東京都中野区中央4-6-7","capacity":11,"source_publisher":"東京都都民安全総合対策本部","source_title":"自転車駐輪場情報","source_url":"https://www.tomin-anzen.metro.tokyo.lg.jp/kotsu/jitensha/seisaku-jyourei/churinjou","source_updated_at":"2026-04-02"},"geometry":{"type":"Point","coordinates":[139.6675854,35.69807711]}},{"type":"Feature","properties":{"id":"official-parking-tokyo-14057","name":"TOBU PARK","municipality":"中野区","address":"東京都中野区中央2-1-7","capacity":38,"source_publisher":"東京都都民安全総合対策本部","source_title":"自転車駐輪場情報","source_url":"https://www.tomin-anzen.metro.tokyo.lg.jp/kotsu/jitensha/seisaku-jyourei/churinjou","source_updated_at":"2026-04-02"},"geometry":{"type":"Point","coordinates":[139.6827119,35.6973502]}},{"type":"Feature","properties":{"id":"official-parking-tokyo-14031","name":"アップルパーク鷺ノ宮駅前駐輪場第１","municipality":"中野区","address":"東京都中野区若宮3-58-25","capacity":160,"source_publisher":"東京都都民安全総合対策本部","source_title":"自転車駐輪場情報","source_url":"https://www.tomin-anzen.metro.tokyo.lg.jp/kotsu/jitensha/seisaku-jyourei/churinjou","source_updated_at":"2026-04-02"},"geometry":{"type":"Point","coordinates":[139.6388227,35.7224112]}},{"type":"Feature","properties":{"id":"official-parking-tokyo-14059","name":"アップルパーク中野ブロードウェイ駐輪場","municipality":"中野区","address":"東京都中野区中野5-52","capacity":64,"source_publisher":"東京都都民安全総合対策本部","source_title":"自転車駐輪場情報","source_url":"https://www.tomin-anzen.metro.tokyo.lg.jp/kotsu/jitensha/seisaku-jyourei/churinjou","source_updated_at":"2026-04-02"},"geometry":{"type":"Point","coordinates":[139.6664327,35.7090806]}},{"type":"Feature","properties":{"id":"official-parking-tokyo-14039","name":"アップルパーク野方駐輪場","municipality":"中野区","address":"東京都中野区野方6-30-2","capacity":56,"source_publisher":"東京都都民安全総合対策本部","source_title":"自転車駐輪場情報","source_url":"https://www.tomin-anzen.metro.tokyo.lg.jp/kotsu/jitensha/seisaku-jyourei/churinjou","source_updated_at":"2026-04-02"},"geometry":{"type":"Point","coordinates":[139.6521522,35.7206073]}},{"type":"Feature","properties":{"id":"official-parking-tokyo-14060","name":"エコステーション21みずほ銀行中野北口支店駐輪場","municipality":"中野区","address":"東京都中野区新井1-9-5","capacity":34,"source_publisher":"東京都都民安全総合対策本部","source_title":"自転車駐輪場情報","source_url":"https://www.tomin-anzen.metro.tokyo.lg.jp/kotsu/jitensha/seisaku-jyourei/churinjou","source_updated_at":"2026-04-02"},"geometry":{"type":"Point","coordinates":[139.6654845,35.7100535]}},{"type":"Feature","properties":{"id":"official-parking-tokyo-14030","name":"エコステーション２１中野ブロードウェイ駐輪場","municipality":"中野区","address":"東京都中野区中野5-52-15","capacity":231,"source_publisher":"東京都都民安全総合対策本部","source_title":"自転車駐輪場情報","source_url":"https://www.tomin-anzen.metro.tokyo.lg.jp/kotsu/jitensha/seisaku-jyourei/churinjou","source_updated_at":"2026-04-02"},"geometry":{"type":"Point","coordinates":[139.6654252,35.7089416]}},{"type":"Feature","properties":{"id":"official-parking-tokyo-14054","name":"エコステーション21中野マルイ駐輪場","municipality":"中野区","address":"東京都中野区中野3-34","capacity":237,"source_publisher":"東京都都民安全総合対策本部","source_title":"自転車駐輪場情報","source_url":"https://www.tomin-anzen.metro.tokyo.lg.jp/kotsu/jitensha/seisaku-jyourei/churinjou","source_updated_at":"2026-04-02"},"geometry":{"type":"Point","coordinates":[139.665313,35.7042241]}},{"type":"Feature","properties":{"id":"official-parking-tokyo-14035","name":"コインズ鷺ノ宮","municipality":"中野区","address":"東京都中野区鷺宮3-15-21","capacity":112,"source_publisher":"東京都都民安全総合対策本部","source_title":"自転車駐輪場情報","source_url":"https://www.tomin-anzen.metro.tokyo.lg.jp/kotsu/jitensha/seisaku-jyourei/churinjou","source_updated_at":"2026-04-02"},"geometry":{"type":"Point","coordinates":[139.640866,35.7228207]}},{"type":"Feature","properties":{"id":"official-parking-tokyo-14064","name":"サミットストア東中野","municipality":"中野区","address":"東京都中野区東中野4-5-10","capacity":74,"source_publisher":"東京都都民安全総合対策本部","source_title":"自転車駐輪場情報","source_url":"https://www.tomin-anzen.metro.tokyo.lg.jp/kotsu/jitensha/seisaku-jyourei/churinjou","source_updated_at":"2026-04-02"},"geometry":{"type":"Point","coordinates":[139.68344,35.70723]}},{"type":"Feature","properties":{"id":"official-parking-tokyo-14061","name":"バイクパーク","municipality":"中野区","address":"東京都中野区東中野2-24","capacity":4,"source_publisher":"東京都都民安全総合対策本部","source_title":"自転車駐輪場情報","source_url":"https://www.tomin-anzen.metro.tokyo.lg.jp/kotsu/jitensha/seisaku-jyourei/churinjou","source_updated_at":"2026-04-02"},"geometry":{"type":"Point","coordinates":[139.6823328,35.7052437]}},{"type":"Feature","properties":{"id":"official-parking-tokyo-14046","name":"ピーコックストア都立家政駐輪場Ａ","municipality":"中野区","address":"東京都中野区鷺宮1-17","capacity":30,"source_publisher":"東京都都民安全総合対策本部","source_title":"自転車駐輪場情報","source_url":"https://www.tomin-anzen.metro.tokyo.lg.jp/kotsu/jitensha/seisaku-jyourei/churinjou","source_updated_at":"2026-04-02"},"geometry":{"type":"Point","coordinates":[139.644827,35.7225282]}},{"type":"Feature","properties":{"id":"official-parking-tokyo-14047","name":"ピーコックストア都立家政駐輪場Ｂ","municipality":"中野区","address":"東京都中野区鷺宮1-17","capacity":70,"source_publisher":"東京都都民安全総合対策本部","source_title":"自転車駐輪場情報","source_url":"https://www.tomin-anzen.metro.tokyo.lg.jp/kotsu/jitensha/seisaku-jyourei/churinjou","source_updated_at":"2026-04-02"},"geometry":{"type":"Point","coordinates":[139.6448538,35.7229322]}},{"type":"Feature","properties":{"id":"official-parking-tokyo-14055","name":"マルエツ都立家政店駐輪場","municipality":"中野区","address":"東京都中野区鷺宮1-17-8","capacity":64,"source_publisher":"東京都都民安全総合対策本部","source_title":"自転車駐輪場情報","source_url":"https://www.tomin-anzen.metro.tokyo.lg.jp/kotsu/jitensha/seisaku-jyourei/churinjou","source_updated_at":"2026-04-02"},"geometry":{"type":"Point","coordinates":[139.6442311,35.722865]}},{"type":"Feature","properties":{"id":"official-parking-tokyo-14058","name":"ユアーズパーキング駐輪場","municipality":"中野区","address":"東京都中野区沼袋1-32-1","capacity":33,"source_publisher":"東京都都民安全総合対策本部","source_title":"自転車駐輪場情報","source_url":"https://www.tomin-anzen.metro.tokyo.lg.jp/kotsu/jitensha/seisaku-jyourei/churinjou","source_updated_at":"2026-04-02"},"geometry":{"type":"Point","coordinates":[139.6655654,35.7196579]}},{"type":"Feature","properties":{"id":"official-parking-tokyo-14036","name":"ユニゾンモール駐輪場","municipality":"中野区","address":"東京都中野区東中野5-1-1","capacity":260,"source_publisher":"東京都都民安全総合対策本部","source_title":"自転車駐輪場情報","source_url":"https://www.tomin-anzen.metro.tokyo.lg.jp/kotsu/jitensha/seisaku-jyourei/churinjou","source_updated_at":"2026-04-02"},"geometry":{"type":"Point","coordinates":[139.6870065,35.7067338]}},{"type":"Feature","properties":{"id":"official-parking-tokyo-14062","name":"ライフ東中野店","municipality":"中野区","address":"東京都中野区東中野3-9-7","capacity":143,"source_publisher":"東京都都民安全総合対策本部","source_title":"自転車駐輪場情報","source_url":"https://www.tomin-anzen.metro.tokyo.lg.jp/kotsu/jitensha/seisaku-jyourei/churinjou","source_updated_at":"2026-04-02"},"geometry":{"type":"Point","coordinates":[139.6822242,35.7076677]}},{"type":"Feature","properties":{"id":"official-parking-tokyo-14006","name":"鷺宮東自転車駐車場","municipality":"中野区","address":"東京都中野区若宮3-56","capacity":400,"source_publisher":"東京都都民安全総合対策本部","source_title":"自転車駐輪場情報","source_url":"https://www.tomin-anzen.metro.tokyo.lg.jp/kotsu/jitensha/seisaku-jyourei/churinjou","source_updated_at":"2026-04-02"},"geometry":{"type":"Point","coordinates":[139.6403886,35.721527]}},{"type":"Feature","properties":{"id":"official-parking-tokyo-14005","name":"鷺宮南自転車駐車場","municipality":"中野区","address":"東京都中野区白鷺2-49,3-1","capacity":450,"source_publisher":"東京都都民安全総合対策本部","source_title":"自転車駐輪場情報","source_url":"https://www.tomin-anzen.metro.tokyo.lg.jp/kotsu/jitensha/seisaku-jyourei/churinjou","source_updated_at":"2026-04-02"},"geometry":{"type":"Point","coordinates":[139.6362683,35.7219755]}},{"type":"Feature","properties":{"id":"official-parking-tokyo-14007","name":"鷺宮北自転車駐車場","municipality":"中野区","address":"東京都中野区鷺宮3-30","capacity":248,"source_publisher":"東京都都民安全総合対策本部","source_title":"自転車駐輪場情報","source_url":"https://www.tomin-anzen.metro.tokyo.lg.jp/kotsu/jitensha/seisaku-jyourei/churinjou","source_updated_at":"2026-04-02"},"geometry":{"type":"Point","coordinates":[139.6398622,35.7236595]}},{"type":"Feature","properties":{"id":"official-parking-tokyo-14029","name":"三井のリパークサンブライト駐輪場Aエリア","municipality":"中野区","address":"東京都中野区本町2-46-1","capacity":146,"source_publisher":"東京都都民安全総合対策本部","source_title":"自転車駐輪場情報","source_url":"https://www.tomin-anzen.metro.tokyo.lg.jp/kotsu/jitensha/seisaku-jyourei/churinjou","source_updated_at":"2026-04-02"},"geometry":{"type":"Point","coordinates":[139.6817814,35.69643185]}},{"type":"Feature","properties":{"id":"official-parking-tokyo-14051","name":"三井のリパークサンブライト駐輪場Bエリア","municipality":"中野区","address":"東京都中野区本町2-46-1","capacity":124,"source_publisher":"東京都都民安全総合対策本部","source_title":"自転車駐輪場情報","source_url":"https://www.tomin-anzen.metro.tokyo.lg.jp/kotsu/jitensha/seisaku-jyourei/churinjou","source_updated_at":"2026-04-02"},"geometry":{"type":"Point","coordinates":[139.682515,35.69643704]}},{"type":"Feature","properties":{"id":"official-parking-tokyo-14033","name":"三井のリパーク鷺ノ宮駅前第３駐輪場","municipality":"中野区","address":"東京都中野区鷺宮4-4-23","capacity":134,"source_publisher":"東京都都民安全総合対策本部","source_title":"自転車駐輪場情報","source_url":"https://www.tomin-anzen.metro.tokyo.lg.jp/kotsu/jitensha/seisaku-jyourei/churinjou","source_updated_at":"2026-04-02"},"geometry":{"type":"Point","coordinates":[139.6380945,35.723927]}},{"type":"Feature","properties":{"id":"official-parking-tokyo-14034","name":"三井のリパーク鷺ノ宮駅前第４駐輪場","municipality":"中野区","address":"東京都中野区鷺宮4-3-3","capacity":60,"source_publisher":"東京都都民安全総合対策本部","source_title":"自転車駐輪場情報","source_url":"https://www.tomin-anzen.metro.tokyo.lg.jp/kotsu/jitensha/seisaku-jyourei/churinjou","source_updated_at":"2026-04-02"},"geometry":{"type":"Point","coordinates":[139.6376873,35.7235181]}},{"type":"Feature","properties":{"id":"official-parking-tokyo-14068","name":"三井のリパーク鷺ノ宮駅前第５駐輪場","municipality":"中野区","address":"東京都中野区鷺宮3-15-10","capacity":63,"source_publisher":"東京都都民安全総合対策本部","source_title":"自転車駐輪場情報","source_url":"https://www.tomin-anzen.metro.tokyo.lg.jp/kotsu/jitensha/seisaku-jyourei/churinjou","source_updated_at":"2026-04-02"},"geometry":{"type":"Point","coordinates":[139.6390462,35.72285799]}},{"type":"Feature","properties":{"id":"official-parking-tokyo-14032","name":"三井のリパーク鷺ノ宮南","municipality":"中野区","address":"東京都中野区若宮3-58-21","capacity":159,"source_publisher":"東京都都民安全総合対策本部","source_title":"自転車駐輪場情報","source_url":"https://www.tomin-anzen.metro.tokyo.lg.jp/kotsu/jitensha/seisaku-jyourei/churinjou","source_updated_at":"2026-04-02"},"geometry":{"type":"Point","coordinates":[139.6392086,35.7223669]}},{"type":"Feature","properties":{"id":"official-parking-tokyo-14008","name":"沼袋第一自転車駐車場","municipality":"中野区","address":"東京都中野区沼袋3-1","capacity":17,"source_publisher":"東京都都民安全総合対策本部","source_title":"自転車駐輪場情報","source_url":"https://www.tomin-anzen.metro.tokyo.lg.jp/kotsu/jitensha/seisaku-jyourei/churinjou","source_updated_at":"2026-04-02"},"geometry":{"type":"Point","coordinates":[139.6631784,35.7185611]}},{"type":"Feature","properties":{"id":"official-parking-tokyo-14010","name":"沼袋地下自転車駐車場","municipality":"中野区","address":"東京都中野区沼袋1-34-14","capacity":470,"source_publisher":"東京都都民安全総合対策本部","source_title":"自転車駐輪場情報","source_url":"https://www.tomin-anzen.metro.tokyo.lg.jp/kotsu/jitensha/seisaku-jyourei/churinjou","source_updated_at":"2026-04-02"},"geometry":{"type":"Point","coordinates":[139.6652372,35.7197875]}},{"type":"Feature","properties":{"id":"official-parking-tokyo-14009","name":"沼袋南自転車等駐車整理区画","municipality":"中野区","address":"東京都中野区沼袋3-1","capacity":200,"source_publisher":"東京都都民安全総合対策本部","source_title":"自転車駐輪場情報","source_url":"https://www.tomin-anzen.metro.tokyo.lg.jp/kotsu/jitensha/seisaku-jyourei/churinjou","source_updated_at":"2026-04-02"},"geometry":{"type":"Point","coordinates":[139.6630953,35.7182997]}},{"type":"Feature","properties":{"id":"official-parking-tokyo-14040","name":"新井五丁目有料駐輪場","municipality":"中野区","address":"東京都中野区新井5-26-6","capacity":25,"source_publisher":"東京都都民安全総合対策本部","source_title":"自転車駐輪場情報","source_url":"https://www.tomin-anzen.metro.tokyo.lg.jp/kotsu/jitensha/seisaku-jyourei/churinjou","source_updated_at":"2026-04-02"},"geometry":{"type":"Point","coordinates":[139.6708815,35.7158615]}},{"type":"Feature","properties":{"id":"official-parking-tokyo-14069","name":"新井薬師駐輪場","municipality":"中野区","address":"東京都中野区上高田3-38-6","capacity":20,"source_publisher":"東京都都民安全総合対策本部","source_title":"自転車駐輪場情報","source_url":"https://www.tomin-anzen.metro.tokyo.lg.jp/kotsu/jitensha/seisaku-jyourei/churinjou","source_updated_at":"2026-04-02"},"geometry":{"type":"Point","coordinates":[139.6708931,35.71539705]}},{"type":"Feature","properties":{"id":"official-parking-tokyo-14026","name":"新井薬師南自転車駐車場","municipality":"中野区","address":"東京都中野区上高田3-36","capacity":70,"source_publisher":"東京都都民安全総合対策本部","source_title":"自転車駐輪場情報","source_url":"https://www.tomin-anzen.metro.tokyo.lg.jp/kotsu/jitensha/seisaku-jyourei/churinjou","source_updated_at":"2026-04-02"},"geometry":{"type":"Point","coordinates":[139.6721669,35.7148293]}},{"type":"Feature","properties":{"id":"official-parking-tokyo-14025","name":"新井薬師北自転車駐車場","municipality":"中野区","address":"東京都中野区上高田5-43-6","capacity":230,"source_publisher":"東京都都民安全総合対策本部","source_title":"自転車駐輪場情報","source_url":"https://www.tomin-anzen.metro.tokyo.lg.jp/kotsu/jitensha/seisaku-jyourei/churinjou","source_updated_at":"2026-04-02"},"geometry":{"type":"Point","coordinates":[139.6721756,35.7161835]}},{"type":"Feature","properties":{"id":"official-parking-tokyo-14024","name":"新江古田自転車駐車場","municipality":"中野区","address":"東京都中野区江原町2-29-17","capacity":200,"source_publisher":"東京都都民安全総合対策本部","source_title":"自転車駐輪場情報","source_url":"https://www.tomin-anzen.metro.tokyo.lg.jp/kotsu/jitensha/seisaku-jyourei/churinjou","source_updated_at":"2026-04-02"},"geometry":{"type":"Point","coordinates":[139.6712905,35.7319973]}},{"type":"Feature","properties":{"id":"official-parking-tokyo-14028","name":"杉山公園地下自転車駐車場","municipality":"中野区","address":"東京都中野区本町6-15","capacity":240,"source_publisher":"東京都都民安全総合対策本部","source_title":"自転車駐輪場情報","source_url":"https://www.tomin-anzen.metro.tokyo.lg.jp/kotsu/jitensha/seisaku-jyourei/churinjou","source_updated_at":"2026-04-02"},"geometry":{"type":"Point","coordinates":[139.6671802,35.6968676]}},{"type":"Feature","properties":{"id":"official-parking-tokyo-14067","name":"西武スマイルパーク中野白鷺バイク駐車場","municipality":"中野区","address":"東京都中野区白鷺3-5-1","capacity":12,"source_publisher":"東京都都民安全総合対策本部","source_title":"自転車駐輪場情報","source_url":"https://www.tomin-anzen.metro.tokyo.lg.jp/kotsu/jitensha/seisaku-jyourei/churinjou","source_updated_at":"2026-04-02"},"geometry":{"type":"Point","coordinates":[139.6341535,35.72270594]}},{"type":"Feature","properties":{"id":"official-parking-tokyo-14049","name":"西武鷺ノ宮駅駐輪場","municipality":"中野区","address":"東京都中野区鷺宮3-15","capacity":113,"source_publisher":"東京都都民安全総合対策本部","source_title":"自転車駐輪場情報","source_url":"https://www.tomin-anzen.metro.tokyo.lg.jp/kotsu/jitensha/seisaku-jyourei/churinjou","source_updated_at":"2026-04-02"},"geometry":{"type":"Point","coordinates":[139.6384254,35.7228612]}},{"type":"Feature","properties":{"id":"official-parking-tokyo-14065","name":"中野サウステラ","municipality":"中野区","address":"東京都中野区中野2-24-3","capacity":195,"source_publisher":"東京都都民安全総合対策本部","source_title":"自転車駐輪場情報","source_url":"https://www.tomin-anzen.metro.tokyo.lg.jp/kotsu/jitensha/seisaku-jyourei/churinjou","source_updated_at":"2026-04-02"},"geometry":{"type":"Point","coordinates":[139.66708,35.70515]}},{"type":"Feature","properties":{"id":"official-parking-tokyo-14052","name":"中野サンクォーレ 駐輪場","municipality":"中野区","address":"東京都中野区中野4-3","capacity":153,"source_publisher":"東京都都民安全総合対策本部","source_title":"自転車駐輪場情報","source_url":"https://www.tomin-anzen.metro.tokyo.lg.jp/kotsu/jitensha/seisaku-jyourei/churinjou","source_updated_at":"2026-04-02"},"geometry":{"type":"Point","coordinates":[139.6642572,35.7090077]}},{"type":"Feature","properties":{"id":"official-parking-tokyo-14038","name":"中野セントラルパークサウス","municipality":"中野区","address":"東京都中野区中野4-10-2","capacity":135,"source_publisher":"東京都都民安全総合対策本部","source_title":"自転車駐輪場情報","source_url":"https://www.tomin-anzen.metro.tokyo.lg.jp/kotsu/jitensha/seisaku-jyourei/churinjou","source_updated_at":"2026-04-02"},"geometry":{"type":"Point","coordinates":[139.6609802,35.7067091]}},{"type":"Feature","properties":{"id":"official-parking-tokyo-14013","name":"中野坂上駅自転車駐車場","municipality":"中野区","address":"東京都中野区中央2-8","capacity":1040,"source_publisher":"東京都都民安全総合対策本部","source_title":"自転車駐輪場情報","source_url":"https://www.tomin-anzen.metro.tokyo.lg.jp/kotsu/jitensha/seisaku-jyourei/churinjou","source_updated_at":"2026-04-02"},"geometry":{"type":"Point","coordinates":[139.6831079,35.6980985]}},{"type":"Feature","properties":{"id":"official-parking-tokyo-14048","name":"中野四季の森公園地下自転車駐車場","municipality":"中野区","address":"東京都中野区中野4-12","capacity":1662,"source_publisher":"東京都都民安全総合対策本部","source_title":"自転車駐輪場情報","source_url":"https://www.tomin-anzen.metro.tokyo.lg.jp/kotsu/jitensha/seisaku-jyourei/churinjou","source_updated_at":"2026-04-02"},"geometry":{"type":"Point","coordinates":[139.6622116,35.708422]}},{"type":"Feature","properties":{"id":"official-parking-tokyo-14018","name":"中野新橋駅自転車駐車場","municipality":"中野区","address":"東京都中野区弥生町2-24","capacity":250,"source_publisher":"東京都都民安全総合対策本部","source_title":"自転車駐輪場情報","source_url":"https://www.tomin-anzen.metro.tokyo.lg.jp/kotsu/jitensha/seisaku-jyourei/churinjou","source_updated_at":"2026-04-02"},"geometry":{"type":"Point","coordinates":[139.6737857,35.6925347]}},{"type":"Feature","properties":{"id":"official-parking-tokyo-14003","name":"中野西自転車駐車場","municipality":"中野区","address":"東京都中野区中野4-14","capacity":1419,"source_publisher":"東京都都民安全総合対策本部","source_title":"自転車駐輪場情報","source_url":"https://www.tomin-anzen.metro.tokyo.lg.jp/kotsu/jitensha/seisaku-jyourei/churinjou","source_updated_at":"2026-04-02"},"geometry":{"type":"Point","coordinates":[139.6625877,35.7059474]}},{"type":"Feature","properties":{"id":"official-parking-tokyo-14002","name":"中野南自転車駐車場","municipality":"中野区","address":"東京都中野区中野2-24-9","capacity":500,"source_publisher":"東京都都民安全総合対策本部","source_title":"自転車駐輪場情報","source_url":"https://www.tomin-anzen.metro.tokyo.lg.jp/kotsu/jitensha/seisaku-jyourei/churinjou","source_updated_at":"2026-04-02"},"geometry":{"type":"Point","coordinates":[139.66684,35.70446]}},{"type":"Feature","properties":{"id":"official-parking-tokyo-14019","name":"中野富士見町自転車駐車場","municipality":"中野区","address":"東京都中野区弥生町5-23-17","capacity":90,"source_publisher":"東京都都民安全総合対策本部","source_title":"自転車駐輪場情報","source_url":"https://www.tomin-anzen.metro.tokyo.lg.jp/kotsu/jitensha/seisaku-jyourei/churinjou","source_updated_at":"2026-04-02"},"geometry":{"type":"Point","coordinates":[139.6663523,35.6902822]}},{"type":"Feature","properties":{"id":"official-parking-tokyo-14011","name":"都立家政南自転車駐車場","municipality":"中野区","address":"東京都中野区若宮3-15-12","capacity":370,"source_publisher":"東京都都民安全総合対策本部","source_title":"自転車駐輪場情報","source_url":"https://www.tomin-anzen.metro.tokyo.lg.jp/kotsu/jitensha/seisaku-jyourei/churinjou","source_updated_at":"2026-04-02"},"geometry":{"type":"Point","coordinates":[139.6453455,35.7217583]}},{"type":"Feature","properties":{"id":"official-parking-tokyo-14012","name":"都立家政北自転車駐車場","municipality":"中野区","address":"東京都中野区鷺宮1-26-4","capacity":270,"source_publisher":"東京都都民安全総合対策本部","source_title":"自転車駐輪場情報","source_url":"https://www.tomin-anzen.metro.tokyo.lg.jp/kotsu/jitensha/seisaku-jyourei/churinjou","source_updated_at":"2026-04-02"},"geometry":{"type":"Point","coordinates":[139.644986,35.7230692]}},{"type":"Feature","properties":{"id":"official-parking-tokyo-14016","name":"東中野駅自転車駐車場","municipality":"中野区","address":"東京都中野区東中野3-9","capacity":930,"source_publisher":"東京都都民安全総合対策本部","source_title":"自転車駐輪場情報","source_url":"https://www.tomin-anzen.metro.tokyo.lg.jp/kotsu/jitensha/seisaku-jyourei/churinjou","source_updated_at":"2026-04-02"},"geometry":{"type":"Point","coordinates":[139.6833317,35.7071915]}},{"type":"Feature","properties":{"id":"official-parking-tokyo-14015","name":"東中野駅前広場地下自転車駐車場","municipality":"中野区","address":"東京都中野区東中野1-58-9先","capacity":220,"source_publisher":"東京都都民安全総合対策本部","source_title":"自転車駐輪場情報","source_url":"https://www.tomin-anzen.metro.tokyo.lg.jp/kotsu/jitensha/seisaku-jyourei/churinjou","source_updated_at":"2026-04-02"},"geometry":{"type":"Point","coordinates":[139.6832871,35.7059797]}},{"type":"Feature","properties":{"id":"official-parking-tokyo-14017","name":"東中野東自転車等駐車整理区画","municipality":"中野区","address":"東京都中野区東中野5-3","capacity":34,"source_publisher":"東京都都民安全総合対策本部","source_title":"自転車駐輪場情報","source_url":"https://www.tomin-anzen.metro.tokyo.lg.jp/kotsu/jitensha/seisaku-jyourei/churinjou","source_updated_at":"2026-04-02"},"geometry":{"type":"Point","coordinates":[139.686488,35.7068843]}},{"type":"Feature","properties":{"id":"official-parking-tokyo-14027","name":"鍋横自転車駐車場","municipality":"中野区","address":"東京都中野区本町4-44","capacity":250,"source_publisher":"東京都都民安全総合対策本部","source_title":"自転車駐輪場情報","source_url":"https://www.tomin-anzen.metro.tokyo.lg.jp/kotsu/jitensha/seisaku-jyourei/churinjou","source_updated_at":"2026-04-02"},"geometry":{"type":"Point","coordinates":[139.6699209,35.6964702]}},{"type":"Feature","properties":{"id":"official-parking-tokyo-14020","name":"野方第一自転車駐車場","municipality":"中野区","address":"東京都中野区野方5-32","capacity":140,"source_publisher":"東京都都民安全総合対策本部","source_title":"自転車駐輪場情報","source_url":"https://www.tomin-anzen.metro.tokyo.lg.jp/kotsu/jitensha/seisaku-jyourei/churinjou","source_updated_at":"2026-04-02"},"geometry":{"type":"Point","coordinates":[139.6514471,35.7199117]}},{"type":"Feature","properties":{"id":"official-parking-tokyo-14021","name":"野方第二自転車駐車場","municipality":"中野区","address":"東京都中野区野方5-32","capacity":260,"source_publisher":"東京都都民安全総合対策本部","source_title":"自転車駐輪場情報","source_url":"https://www.tomin-anzen.metro.tokyo.lg.jp/kotsu/jitensha/seisaku-jyourei/churinjou","source_updated_at":"2026-04-02"},"geometry":{"type":"Point","coordinates":[139.6517612,35.7200647]}},{"type":"Feature","properties":{"id":"official-parking-tokyo-14023","name":"野方東自転車等駐車整理区画(南)","municipality":"中野区","address":"東京都中野区野方5-25,5-26","capacity":344,"source_publisher":"東京都都民安全総合対策本部","source_title":"自転車駐輪場情報","source_url":"https://www.tomin-anzen.metro.tokyo.lg.jp/kotsu/jitensha/seisaku-jyourei/churinjou","source_updated_at":"2026-04-02"},"geometry":{"type":"Point","coordinates":[139.6537509,35.7192334]}},{"type":"Feature","properties":{"id":"official-parking-tokyo-14022","name":"野方東自転車等駐車整理区画(北)","municipality":"中野区","address":"東京都中野区野方6-1","capacity":226,"source_publisher":"東京都都民安全総合対策本部","source_title":"自転車駐輪場情報","source_url":"https://www.tomin-anzen.metro.tokyo.lg.jp/kotsu/jitensha/seisaku-jyourei/churinjou","source_updated_at":"2026-04-02"},"geometry":{"type":"Point","coordinates":[139.653868,35.7197913]}},{"type":"Feature","properties":{"id":"official-parking-tokyo-14014","name":"落合駅自転車等駐車整理区画","municipality":"中野区","address":"東京都中野区東中野3-14","capacity":160,"source_publisher":"東京都都民安全総合対策本部","source_title":"自転車駐輪場情報","source_url":"https://www.tomin-anzen.metro.tokyo.lg.jp/kotsu/jitensha/seisaku-jyourei/churinjou","source_updated_at":"2026-04-02"},"geometry":{"type":"Point","coordinates":[139.6842865,35.7100759]}},{"type":"Feature","properties":{"id":"official-parking-tokyo-32018","name":"すずかけ台駅前自転車駐車場","municipality":"町田市","address":"東京都町田市南つくし野3-3-3","capacity":116,"source_publisher":"東京都都民安全総合対策本部","source_title":"自転車駐輪場情報","source_url":"https://www.tomin-anzen.metro.tokyo.lg.jp/kotsu/jitensha/seisaku-jyourei/churinjou","source_updated_at":"2026-04-02"},"geometry":{"type":"Point","coordinates":[139.481387,35.517168]}},{"type":"Feature","properties":{"id":"official-parking-tokyo-32017","name":"つくし野駅自転車駐車場","municipality":"町田市","address":"東京都町田市つくし野1-26","capacity":122,"source_publisher":"東京都都民安全総合対策本部","source_title":"自転車駐輪場情報","source_url":"https://www.tomin-anzen.metro.tokyo.lg.jp/kotsu/jitensha/seisaku-jyourei/churinjou","source_updated_at":"2026-04-02"},"geometry":{"type":"Point","coordinates":[139.484769,35.526946]}},{"type":"Feature","properties":{"id":"official-parking-tokyo-32010","name":"なるせ駅前市民センター地下自転車駐車場","municipality":"町田市","address":"東京都町田市南成瀬1-2-5","capacity":372,"source_publisher":"東京都都民安全総合対策本部","source_title":"自転車駐輪場情報","source_url":"https://www.tomin-anzen.metro.tokyo.lg.jp/kotsu/jitensha/seisaku-jyourei/churinjou","source_updated_at":"2026-04-02"},"geometry":{"type":"Point","coordinates":[139.473115,35.536912]}},{"type":"Feature","properties":{"id":"official-parking-tokyo-32026","name":"玉川学園五丁目臨時自転車駐車場","municipality":"町田市","address":"東京都町田市玉川学園5-1","capacity":90,"source_publisher":"東京都都民安全総合対策本部","source_title":"自転車駐輪場情報","source_url":"https://www.tomin-anzen.metro.tokyo.lg.jp/kotsu/jitensha/seisaku-jyourei/churinjou","source_updated_at":"2026-04-02"},"geometry":{"type":"Point","coordinates":[139.46268,35.565538]}},{"type":"Feature","properties":{"id":"official-parking-tokyo-32027","name":"玉川学園二丁目自転車駐輪場","municipality":"町田市","address":"東京都町田市玉川学園2-19-12","capacity":30,"source_publisher":"東京都都民安全総合対策本部","source_title":"自転車駐輪場情報","source_url":"https://www.tomin-anzen.metro.tokyo.lg.jp/kotsu/jitensha/seisaku-jyourei/churinjou","source_updated_at":"2026-04-02"},"geometry":{"type":"Point","coordinates":[139.4624294,35.56362203]}},{"type":"Feature","properties":{"id":"official-parking-tokyo-32005","name":"原町田三丁目自転車駐車場","municipality":"町田市","address":"東京都町田市原町田3-2-18","capacity":144,"source_publisher":"東京都都民安全総合対策本部","source_title":"自転車駐輪場情報","source_url":"https://www.tomin-anzen.metro.tokyo.lg.jp/kotsu/jitensha/seisaku-jyourei/churinjou","source_updated_at":"2026-04-02"},"geometry":{"type":"Point","coordinates":[139.450133,35.540199]}},{"type":"Feature","properties":{"id":"official-parking-tokyo-32006","name":"原町田四丁目自転車駐車場","municipality":"町田市","address":"東京都町田市原町田4-11-11","capacity":417,"source_publisher":"東京都都民安全総合対策本部","source_title":"自転車駐輪場情報","source_url":"https://www.tomin-anzen.metro.tokyo.lg.jp/kotsu/jitensha/seisaku-jyourei/churinjou","source_updated_at":"2026-04-02"},"geometry":{"type":"Point","coordinates":[139.44916,35.542768]}},{"type":"Feature","properties":{"id":"official-parking-tokyo-32007","name":"原町田六丁目自転車駐車場","municipality":"町田市","address":"東京都町田市原町田6-26","capacity":838,"source_publisher":"東京都都民安全総合対策本部","source_title":"自転車駐輪場情報","source_url":"https://www.tomin-anzen.metro.tokyo.lg.jp/kotsu/jitensha/seisaku-jyourei/churinjou","source_updated_at":"2026-04-02"},"geometry":{"type":"Point","coordinates":[139.447449,35.544698]}},{"type":"Feature","properties":{"id":"official-parking-tokyo-32001","name":"森野第一自転車駐車場","municipality":"町田市","address":"東京都町田市森野1-1","capacity":2082,"source_publisher":"東京都都民安全総合対策本部","source_title":"自転車駐輪場情報","source_url":"https://www.tomin-anzen.metro.tokyo.lg.jp/kotsu/jitensha/seisaku-jyourei/churinjou","source_updated_at":"2026-04-02"},"geometry":{"type":"Point","coordinates":[139.443189,35.543006]}},{"type":"Feature","properties":{"id":"official-parking-tokyo-32003","name":"森野第三自転車駐車場","municipality":"町田市","address":"東京都町田市森野1-2、1-3","capacity":478,"source_publisher":"東京都都民安全総合対策本部","source_title":"自転車駐輪場情報","source_url":"https://www.tomin-anzen.metro.tokyo.lg.jp/kotsu/jitensha/seisaku-jyourei/churinjou","source_updated_at":"2026-04-02"},"geometry":{"type":"Point","coordinates":[139.442098,35.543787]}},{"type":"Feature","properties":{"id":"official-parking-tokyo-32002","name":"森野第二自転車駐車場","municipality":"町田市","address":"東京都町田市森野1-15","capacity":308,"source_publisher":"東京都都民安全総合対策本部","source_title":"自転車駐輪場情報","source_url":"https://www.tomin-anzen.metro.tokyo.lg.jp/kotsu/jitensha/seisaku-jyourei/churinjou","source_updated_at":"2026-04-02"},"geometry":{"type":"Point","coordinates":[139.443425,35.543375]}},{"type":"Feature","properties":{"id":"official-parking-tokyo-32011","name":"成瀬駅南口自転車駐車場","municipality":"町田市","address":"東京都町田市成瀬が丘2-1-8","capacity":421,"source_publisher":"東京都都民安全総合対策本部","source_title":"自転車駐輪場情報","source_url":"https://www.tomin-anzen.metro.tokyo.lg.jp/kotsu/jitensha/seisaku-jyourei/churinjou","source_updated_at":"2026-04-02"},"geometry":{"type":"Point","coordinates":[139.473541,35.534651]}},{"type":"Feature","properties":{"id":"official-parking-tokyo-32009","name":"成瀬駅北口自転車駐車場","municipality":"町田市","address":"東京都町田市南成瀬1-3-5","capacity":175,"source_publisher":"東京都都民安全総合対策本部","source_title":"自転車駐輪場情報","source_url":"https://www.tomin-anzen.metro.tokyo.lg.jp/kotsu/jitensha/seisaku-jyourei/churinjou","source_updated_at":"2026-04-02"},"geometry":{"type":"Point","coordinates":[139.4726,35.535786]}},{"type":"Feature","properties":{"id":"official-parking-tokyo-32025","name":"成瀬駅北口路上自転車駐車場","municipality":"町田市","address":"東京都町田市南成瀬1-2,1-3","capacity":180,"source_publisher":"東京都都民安全総合対策本部","source_title":"自転車駐輪場情報","source_url":"https://www.tomin-anzen.metro.tokyo.lg.jp/kotsu/jitensha/seisaku-jyourei/churinjou","source_updated_at":"2026-04-02"},"geometry":{"type":"Point","coordinates":[139.472665,35.5362273]}},{"type":"Feature","properties":{"id":"official-parking-tokyo-32022","name":"相原駅西口自転車駐車場","municipality":"町田市","address":"東京都町田市相原町1216-6","capacity":613,"source_publisher":"東京都都民安全総合対策本部","source_title":"自転車駐輪場情報","source_url":"https://www.tomin-anzen.metro.tokyo.lg.jp/kotsu/jitensha/seisaku-jyourei/churinjou","source_updated_at":"2026-04-02"},"geometry":{"type":"Point","coordinates":[139.331518,35.606107]}},{"type":"Feature","properties":{"id":"official-parking-tokyo-32021","name":"相原駅東口自転車駐車場","municipality":"町田市","address":"東京都町田市相原町1155-5","capacity":565,"source_publisher":"東京都都民安全総合対策本部","source_title":"自転車駐輪場情報","source_url":"https://www.tomin-anzen.metro.tokyo.lg.jp/kotsu/jitensha/seisaku-jyourei/churinjou","source_updated_at":"2026-04-02"},"geometry":{"type":"Point","coordinates":[139.332012,35.607084]}},{"type":"Feature","properties":{"id":"official-parking-tokyo-32019","name":"多摩境駅南側自転車駐車場","municipality":"町田市","address":"東京都町田市小山ヶ丘3-23-134","capacity":589,"source_publisher":"東京都都民安全総合対策本部","source_title":"自転車駐輪場情報","source_url":"https://www.tomin-anzen.metro.tokyo.lg.jp/kotsu/jitensha/seisaku-jyourei/churinjou","source_updated_at":"2026-04-02"},"geometry":{"type":"Point","coordinates":[139.366129,35.600755]}},{"type":"Feature","properties":{"id":"official-parking-tokyo-32020","name":"多摩境駅北側自転車駐車場","municipality":"町田市","address":"東京都町田市小山ヶ丘3-23-142","capacity":664,"source_publisher":"東京都都民安全総合対策本部","source_title":"自転車駐輪場情報","source_url":"https://www.tomin-anzen.metro.tokyo.lg.jp/kotsu/jitensha/seisaku-jyourei/churinjou","source_updated_at":"2026-04-02"},"geometry":{"type":"Point","coordinates":[139.367106,35.60233]}},{"type":"Feature","properties":{"id":"official-parking-tokyo-32008","name":"町田ターミナル自転車駐車場","municipality":"町田市","address":"東京都町田市原町田3-1-4","capacity":706,"source_publisher":"東京都都民安全総合対策本部","source_title":"自転車駐輪場情報","source_url":"https://www.tomin-anzen.metro.tokyo.lg.jp/kotsu/jitensha/seisaku-jyourei/churinjou","source_updated_at":"2026-04-02"},"geometry":{"type":"Point","coordinates":[139.449964,35.540077]}},{"type":"Feature","properties":{"id":"official-parking-tokyo-32012","name":"鶴川駅西側自転車駐車場","municipality":"町田市","address":"東京都町田市大蔵町37他","capacity":1021,"source_publisher":"東京都都民安全総合対策本部","source_title":"自転車駐輪場情報","source_url":"https://www.tomin-anzen.metro.tokyo.lg.jp/kotsu/jitensha/seisaku-jyourei/churinjou","source_updated_at":"2026-04-02"},"geometry":{"type":"Point","coordinates":[139.478179,35.58266]}},{"type":"Feature","properties":{"id":"official-parking-tokyo-32013","name":"鶴川駅南側自転車駐車場","municipality":"町田市","address":"東京都町田市能ヶ谷1-46、1-47","capacity":859,"source_publisher":"東京都都民安全総合対策本部","source_title":"自転車駐輪場情報","source_url":"https://www.tomin-anzen.metro.tokyo.lg.jp/kotsu/jitensha/seisaku-jyourei/churinjou","source_updated_at":"2026-04-02"},"geometry":{"type":"Point","coordinates":[139.479107,35.581552]}},{"type":"Feature","properties":{"id":"official-parking-tokyo-32024","name":"東玉川学園臨時自転車駐車場","municipality":"町田市","address":"東京都町田市玉川学園7-26","capacity":100,"source_publisher":"東京都都民安全総合対策本部","source_title":"自転車駐輪場情報","source_url":"https://www.tomin-anzen.metro.tokyo.lg.jp/kotsu/jitensha/seisaku-jyourei/churinjou","source_updated_at":"2026-04-02"},"geometry":{"type":"Point","coordinates":[139.467887,35.560049]}},{"type":"Feature","properties":{"id":"official-parking-tokyo-32028","name":"南町田グランベリーパーク駅東自転車駐車場","municipality":"町田市","address":"東京都町田市鶴間3-103-23","capacity":293,"source_publisher":"東京都都民安全総合対策本部","source_title":"自転車駐輪場情報","source_url":"https://www.tomin-anzen.metro.tokyo.lg.jp/kotsu/jitensha/seisaku-jyourei/churinjou","source_updated_at":"2026-04-02"},"geometry":{"type":"Point","coordinates":[139.47342,35.51051]}},{"type":"Feature","properties":{"id":"official-parking-tokyo-32016","name":"南町田グランベリーパーク駅北口地下自転車駐車場","municipality":"町田市","address":"東京都町田市鶴間1-17","capacity":641,"source_publisher":"東京都都民安全総合対策本部","source_title":"自転車駐輪場情報","source_url":"https://www.tomin-anzen.metro.tokyo.lg.jp/kotsu/jitensha/seisaku-jyourei/churinjou","source_updated_at":"2026-04-02"},"geometry":{"type":"Point","coordinates":[139.471087,35.511754]}},{"type":"Feature","properties":{"id":"official-parking-tokyo-32023","name":"木曽住宅バス停自転車駐車場","municipality":"町田市","address":"東京都町田市木曽東4-2","capacity":90,"source_publisher":"東京都都民安全総合対策本部","source_title":"自転車駐輪場情報","source_url":"https://www.tomin-anzen.metro.tokyo.lg.jp/kotsu/jitensha/seisaku-jyourei/churinjou","source_updated_at":"2026-04-02"},"geometry":{"type":"Point","coordinates":[139.427029,35.56339]}},{"type":"Feature","properties":{"id":"official-parking-tokyo-31009","name":"つつじヶ丘駅西第１自転車等駐車場","municipality":"調布市","address":"東京都調布市西つつじケ丘3-12-12","capacity":350,"source_publisher":"東京都都民安全総合対策本部","source_title":"自転車駐輪場情報","source_url":"https://www.tomin-anzen.metro.tokyo.lg.jp/kotsu/jitensha/seisaku-jyourei/churinjou","source_updated_at":"2026-04-02"},"geometry":{"type":"Point","coordinates":[139.571557,35.656518]}},{"type":"Feature","properties":{"id":"official-parking-tokyo-31011","name":"つつじヶ丘駅西第３自転車等駐車場","municipality":"調布市","address":"東京都調布市菊野台3-21-25","capacity":290,"source_publisher":"東京都都民安全総合対策本部","source_title":"自転車駐輪場情報","source_url":"https://www.tomin-anzen.metro.tokyo.lg.jp/kotsu/jitensha/seisaku-jyourei/churinjou","source_updated_at":"2026-04-02"},"geometry":{"type":"Point","coordinates":[139.572279,35.65581]}},{"type":"Feature","properties":{"id":"official-parking-tokyo-31044","name":"つつじヶ丘駅南口西自転車駐車場","municipality":"調布市","address":"東京都調布市西つつじケ丘4-4-2","capacity":1130,"source_publisher":"東京都都民安全総合対策本部","source_title":"自転車駐輪場情報","source_url":"https://www.tomin-anzen.metro.tokyo.lg.jp/kotsu/jitensha/seisaku-jyourei/churinjou","source_updated_at":"2026-04-02"},"geometry":{"type":"Point","coordinates":[139.574527,35.657507]}},{"type":"Feature","properties":{"id":"official-parking-tokyo-31045","name":"つつじヶ丘駅南第１自転車駐車場","municipality":"調布市","address":"東京都調布市東つつじケ丘2-4-1","capacity":620,"source_publisher":"東京都都民安全総合対策本部","source_title":"自転車駐輪場情報","source_url":"https://www.tomin-anzen.metro.tokyo.lg.jp/kotsu/jitensha/seisaku-jyourei/churinjou","source_updated_at":"2026-04-02"},"geometry":{"type":"Point","coordinates":[139.576033,35.6565017]}},{"type":"Feature","properties":{"id":"official-parking-tokyo-31033","name":"つつじヶ丘駅北暫定自転車駐車場","municipality":"調布市","address":"東京都調布市西つつじヶ丘2-3-16","capacity":450,"source_publisher":"東京都都民安全総合対策本部","source_title":"自転車駐輪場情報","source_url":"https://www.tomin-anzen.metro.tokyo.lg.jp/kotsu/jitensha/seisaku-jyourei/churinjou","source_updated_at":"2026-04-02"},"geometry":{"type":"Point","coordinates":[139.572076,35.660789]}},{"type":"Feature","properties":{"id":"official-parking-tokyo-31028","name":"西調布駅北自転車等駐車場","municipality":"調布市","address":"東京都調布市富士見町1‐1","capacity":450,"source_publisher":"東京都都民安全総合対策本部","source_title":"自転車駐輪場情報","source_url":"https://www.tomin-anzen.metro.tokyo.lg.jp/kotsu/jitensha/seisaku-jyourei/churinjou","source_updated_at":"2026-04-02"},"geometry":{"type":"Point","coordinates":[139.532461,35.660071]}},{"type":"Feature","properties":{"id":"official-parking-tokyo-31004","name":"仙川駅東自転車等駐車場","municipality":"調布市","address":"東京都調布市仙川町1‐44‐1","capacity":2439,"source_publisher":"東京都都民安全総合対策本部","source_title":"自転車駐輪場情報","source_url":"https://www.tomin-anzen.metro.tokyo.lg.jp/kotsu/jitensha/seisaku-jyourei/churinjou","source_updated_at":"2026-04-02"},"geometry":{"type":"Point","coordinates":[139.586022,35.66267]}},{"type":"Feature","properties":{"id":"official-parking-tokyo-31021","name":"調布駅北第１自転車駐車場","municipality":"調布市","address":"東京都調布市布田1-28-3","capacity":2051,"source_publisher":"東京都都民安全総合対策本部","source_title":"自転車駐輪場情報","source_url":"https://www.tomin-anzen.metro.tokyo.lg.jp/kotsu/jitensha/seisaku-jyourei/churinjou","source_updated_at":"2026-04-02"},"geometry":{"type":"Point","coordinates":[139.54551,35.6530209]}},{"type":"Feature","properties":{"id":"official-parking-tokyo-31022","name":"調布駅北第２自転車駐車場","municipality":"調布市","address":"東京都調布市小島町1‐11‐31","capacity":1617,"source_publisher":"東京都都民安全総合対策本部","source_title":"自転車駐輪場情報","source_url":"https://www.tomin-anzen.metro.tokyo.lg.jp/kotsu/jitensha/seisaku-jyourei/churinjou","source_updated_at":"2026-04-02"},"geometry":{"type":"Point","coordinates":[139.54327,35.65355]}},{"type":"Feature","properties":{"id":"official-parking-tokyo-31010","name":"調布市立つつじケ丘西第2自転車駐車場","municipality":"調布市","address":"東京都調布市西つつじケ丘3-14-4","capacity":200,"source_publisher":"東京都都民安全総合対策本部","source_title":"自転車駐輪場情報","source_url":"https://www.tomin-anzen.metro.tokyo.lg.jp/kotsu/jitensha/seisaku-jyourei/churinjou","source_updated_at":"2026-04-02"},"geometry":{"type":"Point","coordinates":[139.572434,35.657113]}},{"type":"Feature","properties":{"id":"official-parking-tokyo-31012","name":"調布市立つつじケ丘南自転車駐車場","municipality":"調布市","address":"東京都調布市東つつじケ丘2-28-26","capacity":400,"source_publisher":"東京都都民安全総合対策本部","source_title":"自転車駐輪場情報","source_url":"https://www.tomin-anzen.metro.tokyo.lg.jp/kotsu/jitensha/seisaku-jyourei/churinjou","source_updated_at":"2026-04-02"},"geometry":{"type":"Point","coordinates":[139.577571,35.656215]}},{"type":"Feature","properties":{"id":"official-parking-tokyo-31005","name":"調布市立つつじケ丘北自転車駐車場","municipality":"調布市","address":"東京都調布市西つつじケ丘3-37-6","capacity":35,"source_publisher":"東京都都民安全総合対策本部","source_title":"自転車駐輪場情報","source_url":"https://www.tomin-anzen.metro.tokyo.lg.jp/kotsu/jitensha/seisaku-jyourei/churinjou","source_updated_at":"2026-04-02"},"geometry":{"type":"Point","coordinates":[139.574486,35.659319]}},{"type":"Feature","properties":{"id":"official-parking-tokyo-31007","name":"調布市立つつじケ丘北第2自転車駐車場","municipality":"調布市","address":"東京都調布市西つつじケ丘2-14-2","capacity":230,"source_publisher":"東京都都民安全総合対策本部","source_title":"自転車駐輪場情報","source_url":"https://www.tomin-anzen.metro.tokyo.lg.jp/kotsu/jitensha/seisaku-jyourei/churinjou","source_updated_at":"2026-04-02"},"geometry":{"type":"Point","coordinates":[139.573579,35.659927]}},{"type":"Feature","properties":{"id":"official-parking-tokyo-31008","name":"調布市立つつじケ丘北第3自転車駐車場","municipality":"調布市","address":"東京都調布市西つつじケ丘2-15-22","capacity":130,"source_publisher":"東京都都民安全総合対策本部","source_title":"自転車駐輪場情報","source_url":"https://www.tomin-anzen.metro.tokyo.lg.jp/kotsu/jitensha/seisaku-jyourei/churinjou","source_updated_at":"2026-04-02"},"geometry":{"type":"Point","coordinates":[139.573912,35.659765]}},{"type":"Feature","properties":{"id":"official-parking-tokyo-31038","name":"調布市立つつじケ丘北第4自転車駐車場","municipality":"調布市","address":"東京都調布市西つつじケ丘3-29-19","capacity":60,"source_publisher":"東京都都民安全総合対策本部","source_title":"自転車駐輪場情報","source_url":"https://www.tomin-anzen.metro.tokyo.lg.jp/kotsu/jitensha/seisaku-jyourei/churinjou","source_updated_at":"2026-04-02"},"geometry":{"type":"Point","coordinates":[139.573501,35.6585373]}},{"type":"Feature","properties":{"id":"official-parking-tokyo-31031","name":"調布市立京王多摩川自転車等駐車場","municipality":"調布市","address":"東京都調布市多摩川5-38-6","capacity":440,"source_publisher":"東京都都民安全総合対策本部","source_title":"自転車駐輪場情報","source_url":"https://www.tomin-anzen.metro.tokyo.lg.jp/kotsu/jitensha/seisaku-jyourei/churinjou","source_updated_at":"2026-04-02"},"geometry":{"type":"Point","coordinates":[139.537383,35.645272]}},{"type":"Feature","properties":{"id":"official-parking-tokyo-31018","name":"調布市立国領西自転車等駐車場","municipality":"調布市","address":"東京都調布市国領町1-44-38","capacity":246,"source_publisher":"東京都都民安全総合対策本部","source_title":"自転車駐輪場情報","source_url":"https://www.tomin-anzen.metro.tokyo.lg.jp/kotsu/jitensha/seisaku-jyourei/churinjou","source_updated_at":"2026-04-02"},"geometry":{"type":"Point","coordinates":[139.557014,35.6498358]}},{"type":"Feature","properties":{"id":"official-parking-tokyo-31036","name":"調布市立国領東路上自転車等駐車場","municipality":"調布市","address":"東京都調布市国領町3-11-68","capacity":757,"source_publisher":"東京都都民安全総合対策本部","source_title":"自転車駐輪場情報","source_url":"https://www.tomin-anzen.metro.tokyo.lg.jp/kotsu/jitensha/seisaku-jyourei/churinjou","source_updated_at":"2026-04-02"},"geometry":{"type":"Point","coordinates":[139.55891,35.65049]}},{"type":"Feature","properties":{"id":"official-parking-tokyo-31017","name":"調布市立国領北自転車駐車場","municipality":"調布市","address":"東京都調布市国領町2-16-22","capacity":196,"source_publisher":"東京都都民安全総合対策本部","source_title":"自転車駐輪場情報","source_url":"https://www.tomin-anzen.metro.tokyo.lg.jp/kotsu/jitensha/seisaku-jyourei/churinjou","source_updated_at":"2026-04-02"},"geometry":{"type":"Point","coordinates":[139.559707,35.650996]}},{"type":"Feature","properties":{"id":"official-parking-tokyo-31014","name":"調布市立柴崎東自転車駐車場","municipality":"調布市","address":"東京都調布市菊野台1-22-3","capacity":657,"source_publisher":"東京都都民安全総合対策本部","source_title":"自転車駐輪場情報","source_url":"https://www.tomin-anzen.metro.tokyo.lg.jp/kotsu/jitensha/seisaku-jyourei/churinjou","source_updated_at":"2026-04-02"},"geometry":{"type":"Point","coordinates":[139.567507,35.654716]}},{"type":"Feature","properties":{"id":"official-parking-tokyo-31016","name":"調布市立柴崎南自転車等駐車場","municipality":"調布市","address":"東京都調布市菊野台2-27-14","capacity":594,"source_publisher":"東京都都民安全総合対策本部","source_title":"自転車駐輪場情報","source_url":"https://www.tomin-anzen.metro.tokyo.lg.jp/kotsu/jitensha/seisaku-jyourei/churinjou","source_updated_at":"2026-04-02"},"geometry":{"type":"Point","coordinates":[139.567386,35.653389]}},{"type":"Feature","properties":{"id":"official-parking-tokyo-31025","name":"調布市立西調布南第１自転車等駐車場","municipality":"調布市","address":"東京都調布市上石原2-31-2","capacity":1018,"source_publisher":"東京都都民安全総合対策本部","source_title":"自転車駐輪場情報","source_url":"https://www.tomin-anzen.metro.tokyo.lg.jp/kotsu/jitensha/seisaku-jyourei/churinjou","source_updated_at":"2026-04-02"},"geometry":{"type":"Point","coordinates":[139.530187,35.655851]}},{"type":"Feature","properties":{"id":"official-parking-tokyo-31026","name":"調布市立西調布南第２自転車駐車場","municipality":"調布市","address":"東京都調布市上石原2-32-2","capacity":218,"source_publisher":"東京都都民安全総合対策本部","source_title":"自転車駐輪場情報","source_url":"https://www.tomin-anzen.metro.tokyo.lg.jp/kotsu/jitensha/seisaku-jyourei/churinjou","source_updated_at":"2026-04-02"},"geometry":{"type":"Point","coordinates":[139.530192,35.656398]}},{"type":"Feature","properties":{"id":"official-parking-tokyo-31027","name":"調布市立西調布南第３自転車等駐車場","municipality":"調布市","address":"東京都調布市上石原2-29-4","capacity":292,"source_publisher":"東京都都民安全総合対策本部","source_title":"自転車駐輪場情報","source_url":"https://www.tomin-anzen.metro.tokyo.lg.jp/kotsu/jitensha/seisaku-jyourei/churinjou","source_updated_at":"2026-04-02"},"geometry":{"type":"Point","coordinates":[139.529712,35.657041]}},{"type":"Feature","properties":{"id":"official-parking-tokyo-31043","name":"調布市立西調布北第1自転車駐車場","municipality":"調布市","address":"東京都調布市上石原1-25-7","capacity":100,"source_publisher":"東京都都民安全総合対策本部","source_title":"自転車駐輪場情報","source_url":"https://www.tomin-anzen.metro.tokyo.lg.jp/kotsu/jitensha/seisaku-jyourei/churinjou","source_updated_at":"2026-04-02"},"geometry":{"type":"Point","coordinates":[139.529841,35.6574914]}},{"type":"Feature","properties":{"id":"official-parking-tokyo-31002","name":"調布市立仙川南自転車駐車場","municipality":"調布市","address":"東京都調布市仙川町1-20-17","capacity":720,"source_publisher":"東京都都民安全総合対策本部","source_title":"自転車駐輪場情報","source_url":"https://www.tomin-anzen.metro.tokyo.lg.jp/kotsu/jitensha/seisaku-jyourei/churinjou","source_updated_at":"2026-04-02"},"geometry":{"type":"Point","coordinates":[139.586545,35.661465]}},{"type":"Feature","properties":{"id":"official-parking-tokyo-31003","name":"調布市立仙川南第２自転車駐車場","municipality":"調布市","address":"東京都調布市仙川町1-50-2","capacity":766,"source_publisher":"東京都都民安全総合対策本部","source_title":"自転車駐輪場情報","source_url":"https://www.tomin-anzen.metro.tokyo.lg.jp/kotsu/jitensha/seisaku-jyourei/churinjou","source_updated_at":"2026-04-02"},"geometry":{"type":"Point","coordinates":[139.586349,35.66084]}},{"type":"Feature","properties":{"id":"official-parking-tokyo-31001","name":"調布市立仙川北自転車駐車場","municipality":"調布市","address":"東京都調布市仙川町3-3-45","capacity":206,"source_publisher":"東京都都民安全総合対策本部","source_title":"自転車駐輪場情報","source_url":"https://www.tomin-anzen.metro.tokyo.lg.jp/kotsu/jitensha/seisaku-jyourei/churinjou","source_updated_at":"2026-04-02"},"geometry":{"type":"Point","coordinates":[139.584295,35.664233]}},{"type":"Feature","properties":{"id":"official-parking-tokyo-31035","name":"調布市立調布西第1路上自転車駐車場","municipality":"調布市","address":"東京都調布市小島町2-62-32","capacity":373,"source_publisher":"東京都都民安全総合対策本部","source_title":"自転車駐輪場情報","source_url":"https://www.tomin-anzen.metro.tokyo.lg.jp/kotsu/jitensha/seisaku-jyourei/churinjou","source_updated_at":"2026-04-02"},"geometry":{"type":"Point","coordinates":[139.540868,35.6518387]}},{"type":"Feature","properties":{"id":"official-parking-tokyo-31042","name":"調布市立調布西第2路上自転車等駐車場","municipality":"調布市","address":"東京都調布市小島町2-59-31","capacity":278,"source_publisher":"東京都都民安全総合対策本部","source_title":"自転車駐輪場情報","source_url":"https://www.tomin-anzen.metro.tokyo.lg.jp/kotsu/jitensha/seisaku-jyourei/churinjou","source_updated_at":"2026-04-02"},"geometry":{"type":"Point","coordinates":[139.54119,35.65294]}},{"type":"Feature","properties":{"id":"official-parking-tokyo-31046","name":"調布市立調布西第３自転車等駐車場","municipality":"調布市","address":"東京都調布市小島町2-27-4","capacity":145,"source_publisher":"東京都都民安全総合対策本部","source_title":"自転車駐輪場情報","source_url":"https://www.tomin-anzen.metro.tokyo.lg.jp/kotsu/jitensha/seisaku-jyourei/churinjou","source_updated_at":"2026-04-02"},"geometry":{"type":"Point","coordinates":[139.54042,35.65151]}},{"type":"Feature","properties":{"id":"official-parking-tokyo-31040","name":"調布市立調布東第1路上自転車等駐車場","municipality":"調布市","address":"東京都調布市布田3-56-1","capacity":177,"source_publisher":"東京都都民安全総合対策本部","source_title":"自転車駐輪場情報","source_url":"https://www.tomin-anzen.metro.tokyo.lg.jp/kotsu/jitensha/seisaku-jyourei/churinjou","source_updated_at":"2026-04-02"},"geometry":{"type":"Point","coordinates":[139.54685,35.65112]}},{"type":"Feature","properties":{"id":"official-parking-tokyo-31041","name":"調布市立調布東第2路上自転車等駐車場","municipality":"調布市","address":"東京都調布市布田3-56-48","capacity":320,"source_publisher":"東京都都民安全総合対策本部","source_title":"自転車駐輪場情報","source_url":"https://www.tomin-anzen.metro.tokyo.lg.jp/kotsu/jitensha/seisaku-jyourei/churinjou","source_updated_at":"2026-04-02"},"geometry":{"type":"Point","coordinates":[139.54753,35.65092]}},{"type":"Feature","properties":{"id":"official-parking-tokyo-31039","name":"調布市立調布東第３自転車等駐車場","municipality":"調布市","address":"東京都調布市布田3-4-1","capacity":400,"source_publisher":"東京都都民安全総合対策本部","source_title":"自転車駐輪場情報","source_url":"https://www.tomin-anzen.metro.tokyo.lg.jp/kotsu/jitensha/seisaku-jyourei/churinjou","source_updated_at":"2026-04-02"},"geometry":{"type":"Point","coordinates":[139.547358,35.650884]}},{"type":"Feature","properties":{"id":"official-parking-tokyo-31034","name":"調布市立調布南第1自転車駐車場","municipality":"調布市","address":"東京都調布市布田4-17-10","capacity":672,"source_publisher":"東京都都民安全総合対策本部","source_title":"自転車駐輪場情報","source_url":"https://www.tomin-anzen.metro.tokyo.lg.jp/kotsu/jitensha/seisaku-jyourei/churinjou","source_updated_at":"2026-04-02"},"geometry":{"type":"Point","coordinates":[139.543977,35.6502416]}},{"type":"Feature","properties":{"id":"official-parking-tokyo-31020","name":"調布市立調布南第２自転車駐車場","municipality":"調布市","address":"東京都調布市布田4-3-1","capacity":750,"source_publisher":"東京都都民安全総合対策本部","source_title":"自転車駐輪場情報","source_url":"https://www.tomin-anzen.metro.tokyo.lg.jp/kotsu/jitensha/seisaku-jyourei/churinjou","source_updated_at":"2026-04-02"},"geometry":{"type":"Point","coordinates":[139.544791,35.651322]}},{"type":"Feature","properties":{"id":"official-parking-tokyo-31047","name":"調布市立調布南第3路上自転車駐車場","municipality":"調布市","address":"東京都調布市布田4-34-1","capacity":80,"source_publisher":"東京都都民安全総合対策本部","source_title":"自転車駐輪場情報","source_url":"https://www.tomin-anzen.metro.tokyo.lg.jp/kotsu/jitensha/seisaku-jyourei/churinjou","source_updated_at":"2026-04-02"},"geometry":{"type":"Point","coordinates":[139.54341,35.65081]}},{"type":"Feature","properties":{"id":"official-parking-tokyo-31029","name":"調布市立飛田給北自転車駐車場","municipality":"調布市","address":"東京都調布市飛田給1-41-1","capacity":1300,"source_publisher":"東京都都民安全総合対策本部","source_title":"自転車駐輪場情報","source_url":"https://www.tomin-anzen.metro.tokyo.lg.jp/kotsu/jitensha/seisaku-jyourei/churinjou","source_updated_at":"2026-04-02"},"geometry":{"type":"Point","coordinates":[139.523057,35.660506]}},{"type":"Feature","properties":{"id":"official-parking-tokyo-31037","name":"調布市立布田東路上自転車等駐車場","municipality":"調布市","address":"東京都調布市国領町5-68-23","capacity":320,"source_publisher":"東京都都民安全総合対策本部","source_title":"自転車駐輪場情報","source_url":"https://www.tomin-anzen.metro.tokyo.lg.jp/kotsu/jitensha/seisaku-jyourei/churinjou","source_updated_at":"2026-04-02"},"geometry":{"type":"Point","coordinates":[139.55287,35.64983]}},{"type":"Feature","properties":{"id":"official-parking-tokyo-43016","name":"サイクルスペース２４東久留米駐輪場","municipality":"東久留米市","address":"東京都東久留米市新川町1-9","capacity":98,"source_publisher":"東京都都民安全総合対策本部","source_title":"自転車駐輪場情報","source_url":"https://www.tomin-anzen.metro.tokyo.lg.jp/kotsu/jitensha/seisaku-jyourei/churinjou","source_updated_at":"2026-04-02"},"geometry":{"type":"Point","coordinates":[139.536459,35.7611]}},{"type":"Feature","properties":{"id":"official-parking-tokyo-43025","name":"パーシモン駐輪場","municipality":"東久留米市","address":"東京都東久留米市新川町1-3","capacity":13,"source_publisher":"東京都都民安全総合対策本部","source_title":"自転車駐輪場情報","source_url":"https://www.tomin-anzen.metro.tokyo.lg.jp/kotsu/jitensha/seisaku-jyourei/churinjou","source_updated_at":"2026-04-02"},"geometry":{"type":"Point","coordinates":[139.53561,35.96049]}},{"type":"Feature","properties":{"id":"official-parking-tokyo-43018","name":"リバーウエストビルズ駐輪場","municipality":"東久留米市","address":"東京都東久留米市本町1-5","capacity":36,"source_publisher":"東京都都民安全総合対策本部","source_title":"自転車駐輪場情報","source_url":"https://www.tomin-anzen.metro.tokyo.lg.jp/kotsu/jitensha/seisaku-jyourei/churinjou","source_updated_at":"2026-04-02"},"geometry":{"type":"Point","coordinates":[139.532761,35.7601154]}},{"type":"Feature","properties":{"id":"official-parking-tokyo-43007","name":"市立西第１０一時利用自転車駐車場","municipality":"東久留米市","address":"東京都東久留米市本町1-4","capacity":470,"source_publisher":"東京都都民安全総合対策本部","source_title":"自転車駐輪場情報","source_url":"https://www.tomin-anzen.metro.tokyo.lg.jp/kotsu/jitensha/seisaku-jyourei/churinjou","source_updated_at":"2026-04-02"},"geometry":{"type":"Point","coordinates":[139.533183,35.7591503]}},{"type":"Feature","properties":{"id":"official-parking-tokyo-43017","name":"市立西第１０原付自転車駐車場","municipality":"東久留米市","address":"東京都東久留米市本町1-4","capacity":20,"source_publisher":"東京都都民安全総合対策本部","source_title":"自転車駐輪場情報","source_url":"https://www.tomin-anzen.metro.tokyo.lg.jp/kotsu/jitensha/seisaku-jyourei/churinjou","source_updated_at":"2026-04-02"},"geometry":{"type":"Point","coordinates":[139.533353,35.759164]}},{"type":"Feature","properties":{"id":"official-parking-tokyo-43006","name":"市立西第９自転車駐車場","municipality":"東久留米市","address":"東京都東久留米市本町1-5","capacity":459,"source_publisher":"東京都都民安全総合対策本部","source_title":"自転車駐輪場情報","source_url":"https://www.tomin-anzen.metro.tokyo.lg.jp/kotsu/jitensha/seisaku-jyourei/churinjou","source_updated_at":"2026-04-02"},"geometry":{"type":"Point","coordinates":[139.533842,35.75937]}},{"type":"Feature","properties":{"id":"official-parking-tokyo-43022","name":"市立臨時西第２自転車駐車場","municipality":"東久留米市","address":"東京都東久留米市本町1-8","capacity":280,"source_publisher":"東京都都民安全総合対策本部","source_title":"自転車駐輪場情報","source_url":"https://www.tomin-anzen.metro.tokyo.lg.jp/kotsu/jitensha/seisaku-jyourei/churinjou","source_updated_at":"2026-04-02"},"geometry":{"type":"Point","coordinates":[139.53562,35.75798]}},{"type":"Feature","properties":{"id":"official-parking-tokyo-43011","name":"東久留米駅西口第１自転車駐車場","municipality":"東久留米市","address":"東京都東久留米市新川町1-3","capacity":174,"source_publisher":"東京都都民安全総合対策本部","source_title":"自転車駐輪場情報","source_url":"https://www.tomin-anzen.metro.tokyo.lg.jp/kotsu/jitensha/seisaku-jyourei/churinjou","source_updated_at":"2026-04-02"},"geometry":{"type":"Point","coordinates":[139.53465,35.75952]}},{"type":"Feature","properties":{"id":"official-parking-tokyo-43023","name":"東久留米駅西口第１自転車駐車場","municipality":"東久留米市","address":"東京都東久留米市本町1-3","capacity":1046,"source_publisher":"東京都都民安全総合対策本部","source_title":"自転車駐輪場情報","source_url":"https://www.tomin-anzen.metro.tokyo.lg.jp/kotsu/jitensha/seisaku-jyourei/churinjou","source_updated_at":"2026-04-02"},"geometry":{"type":"Point","coordinates":[139.532163,35.760537]}},{"type":"Feature","properties":{"id":"official-parking-tokyo-43012","name":"東久留米駅西口第２自転車駐車場","municipality":"東久留米市","address":"東京都東久留米市新川町1-3","capacity":263,"source_publisher":"東京都都民安全総合対策本部","source_title":"自転車駐輪場情報","source_url":"https://www.tomin-anzen.metro.tokyo.lg.jp/kotsu/jitensha/seisaku-jyourei/churinjou","source_updated_at":"2026-04-02"},"geometry":{"type":"Point","coordinates":[139.534639,35.760086]}},{"type":"Feature","properties":{"id":"official-parking-tokyo-43024","name":"東久留米駅西口第２自転車駐車場","municipality":"東久留米市","address":"東京都東久留米市本町1-5","capacity":826,"source_publisher":"東京都都民安全総合対策本部","source_title":"自転車駐輪場情報","source_url":"https://www.tomin-anzen.metro.tokyo.lg.jp/kotsu/jitensha/seisaku-jyourei/churinjou","source_updated_at":"2026-04-02"},"geometry":{"type":"Point","coordinates":[139.53443,35.759607]}},{"type":"Feature","properties":{"id":"official-parking-tokyo-43013","name":"東久留米駅西口第３自転車駐車場","municipality":"東久留米市","address":"東京都東久留米市本町1-14","capacity":120,"source_publisher":"東京都都民安全総合対策本部","source_title":"自転車駐輪場情報","source_url":"https://www.tomin-anzen.metro.tokyo.lg.jp/kotsu/jitensha/seisaku-jyourei/churinjou","source_updated_at":"2026-04-02"},"geometry":{"type":"Point","coordinates":[139.53266,35.76137]}},{"type":"Feature","properties":{"id":"official-parking-tokyo-43009","name":"東久留米駅前第２駐輪場","municipality":"東久留米市","address":"東京都東久留米市東本町1-15","capacity":80,"source_publisher":"東京都都民安全総合対策本部","source_title":"自転車駐輪場情報","source_url":"https://www.tomin-anzen.metro.tokyo.lg.jp/kotsu/jitensha/seisaku-jyourei/churinjou","source_updated_at":"2026-04-02"},"geometry":{"type":"Point","coordinates":[139.534205,35.76067]}},{"type":"Feature","properties":{"id":"official-parking-tokyo-43010","name":"東久留米駅前第３駐輪場","municipality":"東久留米市","address":"東京都東久留米市本町1-3-28","capacity":62,"source_publisher":"東京都都民安全総合対策本部","source_title":"自転車駐輪場情報","source_url":"https://www.tomin-anzen.metro.tokyo.lg.jp/kotsu/jitensha/seisaku-jyourei/churinjou","source_updated_at":"2026-04-02"},"geometry":{"type":"Point","coordinates":[139.532061,35.7600883]}},{"type":"Feature","properties":{"id":"official-parking-tokyo-43020","name":"東久留米駅前第４駐輪場","municipality":"東久留米市","address":"東京都東久留米市東本町5-6","capacity":88,"source_publisher":"東京都都民安全総合対策本部","source_title":"自転車駐輪場情報","source_url":"https://www.tomin-anzen.metro.tokyo.lg.jp/kotsu/jitensha/seisaku-jyourei/churinjou","source_updated_at":"2026-04-02"},"geometry":{"type":"Point","coordinates":[139.533329,35.7619022]}},{"type":"Feature","properties":{"id":"official-parking-tokyo-43026","name":"東久留米駅前第5駐輪場","municipality":"東久留米市","address":"東京都東久留米市東本町5-1","capacity":31,"source_publisher":"東京都都民安全総合対策本部","source_title":"自転車駐輪場情報","source_url":"https://www.tomin-anzen.metro.tokyo.lg.jp/kotsu/jitensha/seisaku-jyourei/churinjou","source_updated_at":"2026-04-02"},"geometry":{"type":"Point","coordinates":[139.53386,35.76126]}},{"type":"Feature","properties":{"id":"official-parking-tokyo-43008","name":"東久留米駅前駐輪場","municipality":"東久留米市","address":"東京都東久留米市東本町1-1","capacity":223,"source_publisher":"東京都都民安全総合対策本部","source_title":"自転車駐輪場情報","source_url":"https://www.tomin-anzen.metro.tokyo.lg.jp/kotsu/jitensha/seisaku-jyourei/churinjou","source_updated_at":"2026-04-02"},"geometry":{"type":"Point","coordinates":[139.532794,35.761732]}},{"type":"Feature","properties":{"id":"official-parking-tokyo-43014","name":"東久留米駅東口自転車駐車場","municipality":"東久留米市","address":"東京都東久留米市新川町1-3","capacity":623,"source_publisher":"東京都都民安全総合対策本部","source_title":"自転車駐輪場情報","source_url":"https://www.tomin-anzen.metro.tokyo.lg.jp/kotsu/jitensha/seisaku-jyourei/churinjou","source_updated_at":"2026-04-02"},"geometry":{"type":"Point","coordinates":[139.532821,35.761732]}},{"type":"Feature","properties":{"id":"official-parking-tokyo-43015","name":"東久留米駅北口自転車駐車場","municipality":"東久留米市","address":"東京都東久留米市東本町1-6","capacity":125,"source_publisher":"東京都都民安全総合対策本部","source_title":"自転車駐輪場情報","source_url":"https://www.tomin-anzen.metro.tokyo.lg.jp/kotsu/jitensha/seisaku-jyourei/churinjou","source_updated_at":"2026-04-02"},"geometry":{"type":"Point","coordinates":[139.533411,35.761275]}},{"type":"Feature","properties":{"id":"official-parking-tokyo-43004","name":"日生サイクルプラザ東久留米第１","municipality":"東久留米市","address":"東京都東久留米市新川町1-3","capacity":306,"source_publisher":"東京都都民安全総合対策本部","source_title":"自転車駐輪場情報","source_url":"https://www.tomin-anzen.metro.tokyo.lg.jp/kotsu/jitensha/seisaku-jyourei/churinjou","source_updated_at":"2026-04-02"},"geometry":{"type":"Point","coordinates":[139.535133,35.759642]}},{"type":"Feature","properties":{"id":"official-parking-tokyo-43002","name":"日生サイクルプラザ東久留米第２","municipality":"東久留米市","address":"東京都東久留米市新川町1-4","capacity":260,"source_publisher":"東京都都民安全総合対策本部","source_title":"自転車駐輪場情報","source_url":"https://www.tomin-anzen.metro.tokyo.lg.jp/kotsu/jitensha/seisaku-jyourei/churinjou","source_updated_at":"2026-04-02"},"geometry":{"type":"Point","coordinates":[139.535449,35.761388]}},{"type":"Feature","properties":{"id":"official-parking-tokyo-36030","name":"Ａ－Ｐarkサイクル新秋津駅前","municipality":"東村山市","address":"東京都東村山市秋津町5-25","capacity":244,"source_publisher":"東京都都民安全総合対策本部","source_title":"自転車駐輪場情報","source_url":"https://www.tomin-anzen.metro.tokyo.lg.jp/kotsu/jitensha/seisaku-jyourei/churinjou","source_updated_at":"2026-04-02"},"geometry":{"type":"Point","coordinates":[139.493105,35.778398]}},{"type":"Feature","properties":{"id":"official-parking-tokyo-36025","name":"Ｂ－Ｐａｒｋ24　東村山駅東口","municipality":"東村山市","address":"東京都東村山市久米川町4-8-12","capacity":520,"source_publisher":"東京都都民安全総合対策本部","source_title":"自転車駐輪場情報","source_url":"https://www.tomin-anzen.metro.tokyo.lg.jp/kotsu/jitensha/seisaku-jyourei/churinjou","source_updated_at":"2026-04-02"},"geometry":{"type":"Point","coordinates":[139.468941,35.760946]}},{"type":"Feature","properties":{"id":"official-parking-tokyo-36026","name":"サイクル・インＢ－Ｐａｒｋ　東村山駅東口駐輪場","municipality":"東村山市","address":"東京都東村山市久米川町4-8-12","capacity":1000,"source_publisher":"東京都都民安全総合対策本部","source_title":"自転車駐輪場情報","source_url":"https://www.tomin-anzen.metro.tokyo.lg.jp/kotsu/jitensha/seisaku-jyourei/churinjou","source_updated_at":"2026-04-02"},"geometry":{"type":"Point","coordinates":[139.468756,35.761429]}},{"type":"Feature","properties":{"id":"official-parking-tokyo-36023","name":"サイクルタイムズ久米川","municipality":"東村山市","address":"東京都東村山市栄町2-6","capacity":50,"source_publisher":"東京都都民安全総合対策本部","source_title":"自転車駐輪場情報","source_url":"https://www.tomin-anzen.metro.tokyo.lg.jp/kotsu/jitensha/seisaku-jyourei/churinjou","source_updated_at":"2026-04-02"},"geometry":{"type":"Point","coordinates":[139.473554,35.748215]}},{"type":"Feature","properties":{"id":"official-parking-tokyo-36031","name":"サイクルタイムズ秋津","municipality":"東村山市","address":"東京都東村山市秋津町5-8","capacity":273,"source_publisher":"東京都都民安全総合対策本部","source_title":"自転車駐輪場情報","source_url":"https://www.tomin-anzen.metro.tokyo.lg.jp/kotsu/jitensha/seisaku-jyourei/churinjou","source_updated_at":"2026-04-02"},"geometry":{"type":"Point","coordinates":[139.495559,35.777366]}},{"type":"Feature","properties":{"id":"official-parking-tokyo-36001","name":"久米川駅南口第１駐輪場","municipality":"東村山市","address":"東京都東村山市栄町2-29-2.3.4.15.18.19","capacity":260,"source_publisher":"東京都都民安全総合対策本部","source_title":"自転車駐輪場情報","source_url":"https://www.tomin-anzen.metro.tokyo.lg.jp/kotsu/jitensha/seisaku-jyourei/churinjou","source_updated_at":"2026-04-02"},"geometry":{"type":"Point","coordinates":[139.748434,35.748434]}},{"type":"Feature","properties":{"id":"official-parking-tokyo-36002","name":"久米川駅南口第２駐輪場","municipality":"東村山市","address":"東京都東村山市栄町2-11-13","capacity":165,"source_publisher":"東京都都民安全総合対策本部","source_title":"自転車駐輪場情報","source_url":"https://www.tomin-anzen.metro.tokyo.lg.jp/kotsu/jitensha/seisaku-jyourei/churinjou","source_updated_at":"2026-04-02"},"geometry":{"type":"Point","coordinates":[139.470451,35.750923]}},{"type":"Feature","properties":{"id":"official-parking-tokyo-36005","name":"久米川駅年間登録制駐輪場","municipality":"東村山市","address":"東京都東村山市萩山町5-1-60.61.62.63.64","capacity":230,"source_publisher":"東京都都民安全総合対策本部","source_title":"自転車駐輪場情報","source_url":"https://www.tomin-anzen.metro.tokyo.lg.jp/kotsu/jitensha/seisaku-jyourei/churinjou","source_updated_at":"2026-04-02"},"geometry":{"type":"Point","coordinates":[139.475116,35.747614]}},{"type":"Feature","properties":{"id":"official-parking-tokyo-36004","name":"久米川駅北口第１駐輪場","municipality":"東村山市","address":"東京都東村山市栄町1-6-6","capacity":129,"source_publisher":"東京都都民安全総合対策本部","source_title":"自転車駐輪場情報","source_url":"https://www.tomin-anzen.metro.tokyo.lg.jp/kotsu/jitensha/seisaku-jyourei/churinjou","source_updated_at":"2026-04-02"},"geometry":{"type":"Point","coordinates":[139.474432,35.749969]}},{"type":"Feature","properties":{"id":"official-parking-tokyo-36003","name":"久米川駅北口地下駐輪場","municipality":"東村山市","address":"東京都東村山市栄町1-3-1.5.6.12.64.65　栄町1-4-15.16.17　栄町1-5-31.34","capacity":800,"source_publisher":"東京都都民安全総合対策本部","source_title":"自転車駐輪場情報","source_url":"https://www.tomin-anzen.metro.tokyo.lg.jp/kotsu/jitensha/seisaku-jyourei/churinjou","source_updated_at":"2026-04-02"},"geometry":{"type":"Point","coordinates":[139.472967,35.750148]}},{"type":"Feature","properties":{"id":"official-parking-tokyo-36006","name":"久米川駅北駐輪場","municipality":"東村山市","address":"東京都東村山市栄町1-35-2.3.55","capacity":200,"source_publisher":"東京都都民安全総合対策本部","source_title":"自転車駐輪場情報","source_url":"https://www.tomin-anzen.metro.tokyo.lg.jp/kotsu/jitensha/seisaku-jyourei/churinjou","source_updated_at":"2026-04-02"},"geometry":{"type":"Point","coordinates":[139.476938,35.753199]}},{"type":"Feature","properties":{"id":"official-parking-tokyo-36022","name":"三井のリパーク　久米川駅前駐輪場","municipality":"東村山市","address":"東京都東村山市栄町2-10","capacity":57,"source_publisher":"東京都都民安全総合対策本部","source_title":"自転車駐輪場情報","source_url":"https://www.tomin-anzen.metro.tokyo.lg.jp/kotsu/jitensha/seisaku-jyourei/churinjou","source_updated_at":"2026-04-02"},"geometry":{"type":"Point","coordinates":[139.47099,35.750188]}},{"type":"Feature","properties":{"id":"official-parking-tokyo-36036","name":"三井のリパーク　新秋津駅前駐輪場","municipality":"東村山市","address":"東京都東村山市秋津町5-14-1","capacity":187,"source_publisher":"東京都都民安全総合対策本部","source_title":"自転車駐輪場情報","source_url":"https://www.tomin-anzen.metro.tokyo.lg.jp/kotsu/jitensha/seisaku-jyourei/churinjou","source_updated_at":"2026-04-02"},"geometry":{"type":"Point","coordinates":[139.493268,35.77727]}},{"type":"Feature","properties":{"id":"official-parking-tokyo-36028","name":"三井のリパーク　東村山駅前駐輪場","municipality":"東村山市","address":"東京都東村山市野口町1-1-4","capacity":147,"source_publisher":"東京都都民安全総合対策本部","source_title":"自転車駐輪場情報","source_url":"https://www.tomin-anzen.metro.tokyo.lg.jp/kotsu/jitensha/seisaku-jyourei/churinjou","source_updated_at":"2026-04-02"},"geometry":{"type":"Point","coordinates":[139.465258,35.761301]}},{"type":"Feature","properties":{"id":"official-parking-tokyo-36034","name":"秋津駅前駐輪場No.１","municipality":"東村山市","address":"東京都東村山市秋津町5-8-33","capacity":103,"source_publisher":"東京都都民安全総合対策本部","source_title":"自転車駐輪場情報","source_url":"https://www.tomin-anzen.metro.tokyo.lg.jp/kotsu/jitensha/seisaku-jyourei/churinjou","source_updated_at":"2026-04-02"},"geometry":{"type":"Point","coordinates":[139.4966,35.778117]}},{"type":"Feature","properties":{"id":"official-parking-tokyo-36016","name":"秋津駅第１駐輪場","municipality":"東村山市","address":"東京都東村山市秋津町5-8-12","capacity":769,"source_publisher":"東京都都民安全総合対策本部","source_title":"自転車駐輪場情報","source_url":"https://www.tomin-anzen.metro.tokyo.lg.jp/kotsu/jitensha/seisaku-jyourei/churinjou","source_updated_at":"2026-04-02"},"geometry":{"type":"Point","coordinates":[139.496297,35.777064]}},{"type":"Feature","properties":{"id":"official-parking-tokyo-36017","name":"秋津駅第２駐輪場","municipality":"東村山市","address":"東京都東村山市秋津町5-7-31.32","capacity":134,"source_publisher":"東京都都民安全総合対策本部","source_title":"自転車駐輪場情報","source_url":"https://www.tomin-anzen.metro.tokyo.lg.jp/kotsu/jitensha/seisaku-jyourei/churinjou","source_updated_at":"2026-04-02"},"geometry":{"type":"Point","coordinates":[139.495865,35.778208]}},{"type":"Feature","properties":{"id":"official-parking-tokyo-36012","name":"新秋津駅第１駐輪場","municipality":"東村山市","address":"東京都東村山市秋津町5-6-12.13.14.15　秋津町5－5－38","capacity":701,"source_publisher":"東京都都民安全総合対策本部","source_title":"自転車駐輪場情報","source_url":"https://www.tomin-anzen.metro.tokyo.lg.jp/kotsu/jitensha/seisaku-jyourei/churinjou","source_updated_at":"2026-04-02"},"geometry":{"type":"Point","coordinates":[139.49433,35.778813]}},{"type":"Feature","properties":{"id":"official-parking-tokyo-36013","name":"新秋津駅第２駐輪場","municipality":"東村山市","address":"東京都東村山市秋津町5-24-19","capacity":66,"source_publisher":"東京都都民安全総合対策本部","source_title":"自転車駐輪場情報","source_url":"https://www.tomin-anzen.metro.tokyo.lg.jp/kotsu/jitensha/seisaku-jyourei/churinjou","source_updated_at":"2026-04-02"},"geometry":{"type":"Point","coordinates":[139.492257,35.778334]}},{"type":"Feature","properties":{"id":"official-parking-tokyo-36014","name":"新秋津駅第３駐輪場","municipality":"東村山市","address":"東京都東村山市秋津町5-14-9.14","capacity":186,"source_publisher":"東京都都民安全総合対策本部","source_title":"自転車駐輪場情報","source_url":"https://www.tomin-anzen.metro.tokyo.lg.jp/kotsu/jitensha/seisaku-jyourei/churinjou","source_updated_at":"2026-04-02"},"geometry":{"type":"Point","coordinates":[139.493558,35.776776]}},{"type":"Feature","properties":{"id":"official-parking-tokyo-36039","name":"新秋津駅第5駐輪場","municipality":"東村山市","address":"東京都東村山市秋津町5-17-1.2.3","capacity":1000,"source_publisher":"東京都都民安全総合対策本部","source_title":"自転車駐輪場情報","source_url":"https://www.tomin-anzen.metro.tokyo.lg.jp/kotsu/jitensha/seisaku-jyourei/churinjou","source_updated_at":"2026-04-02"},"geometry":{"type":"Point","coordinates":[139.492752,35.776513]}},{"type":"Feature","properties":{"id":"official-parking-tokyo-36032","name":"西武スマイルパーク　秋津駅南口駐輪場","municipality":"東村山市","address":"東京都東村山市秋津町5-7-8","capacity":50,"source_publisher":"東京都都民安全総合対策本部","source_title":"自転車駐輪場情報","source_url":"https://www.tomin-anzen.metro.tokyo.lg.jp/kotsu/jitensha/seisaku-jyourei/churinjou","source_updated_at":"2026-04-02"},"geometry":{"type":"Point","coordinates":[139.495859,35.778369]}},{"type":"Feature","properties":{"id":"official-parking-tokyo-36021","name":"西武園駅駐輪場","municipality":"東村山市","address":"東京都東村山市多摩湖町4-29-3","capacity":132,"source_publisher":"東京都都民安全総合対策本部","source_title":"自転車駐輪場情報","source_url":"https://www.tomin-anzen.metro.tokyo.lg.jp/kotsu/jitensha/seisaku-jyourei/churinjou","source_updated_at":"2026-04-02"},"geometry":{"type":"Point","coordinates":[139.449227,35.767878]}},{"type":"Feature","properties":{"id":"official-parking-tokyo-36020","name":"多摩湖駅駐輪場","municipality":"東村山市","address":"東京都東村山市多摩湖町3-10-9","capacity":352,"source_publisher":"東京都都民安全総合対策本部","source_title":"自転車駐輪場情報","source_url":"https://www.tomin-anzen.metro.tokyo.lg.jp/kotsu/jitensha/seisaku-jyourei/churinjou","source_updated_at":"2026-04-02"},"geometry":{"type":"Point","coordinates":[139.443294,35.765458]}},{"type":"Feature","properties":{"id":"official-parking-tokyo-36029","name":"駐輪館","municipality":"東村山市","address":"東京都東村山市野口町1-25-8","capacity":228,"source_publisher":"東京都都民安全総合対策本部","source_title":"自転車駐輪場情報","source_url":"https://www.tomin-anzen.metro.tokyo.lg.jp/kotsu/jitensha/seisaku-jyourei/churinjou","source_updated_at":"2026-04-02"},"geometry":{"type":"Point","coordinates":[139.46415,35.758815]}},{"type":"Feature","properties":{"id":"official-parking-tokyo-36011","name":"東村山駅西口第１駐輪場","municipality":"東村山市","address":"東京都東村山市野口町1-3-27","capacity":47,"source_publisher":"東京都都民安全総合対策本部","source_title":"自転車駐輪場情報","source_url":"https://www.tomin-anzen.metro.tokyo.lg.jp/kotsu/jitensha/seisaku-jyourei/churinjou","source_updated_at":"2026-04-02"},"geometry":{"type":"Point","coordinates":[139.465387,35.762261]}},{"type":"Feature","properties":{"id":"official-parking-tokyo-36010","name":"東村山駅西口地下駐輪場","municipality":"東村山市","address":"東京都東村山市野口町1-41","capacity":1000,"source_publisher":"東京都都民安全総合対策本部","source_title":"自転車駐輪場情報","source_url":"https://www.tomin-anzen.metro.tokyo.lg.jp/kotsu/jitensha/seisaku-jyourei/churinjou","source_updated_at":"2026-04-02"},"geometry":{"type":"Point","coordinates":[139.465248,35.761209]}},{"type":"Feature","properties":{"id":"official-parking-tokyo-36007","name":"東村山駅東口第１駐輪場","municipality":"東村山市","address":"東京都東村山市本町2-16-13.16","capacity":274,"source_publisher":"東京都都民安全総合対策本部","source_title":"自転車駐輪場情報","source_url":"https://www.tomin-anzen.metro.tokyo.lg.jp/kotsu/jitensha/seisaku-jyourei/churinjou","source_updated_at":"2026-04-02"},"geometry":{"type":"Point","coordinates":[139.468251,35.760922]}},{"type":"Feature","properties":{"id":"official-parking-tokyo-36008","name":"東村山駅東口第２駐輪場","municipality":"東村山市","address":"東京都東村山市本町2-15-2.42.43.44","capacity":310,"source_publisher":"東京都都民安全総合対策本部","source_title":"自転車駐輪場情報","source_url":"https://www.tomin-anzen.metro.tokyo.lg.jp/kotsu/jitensha/seisaku-jyourei/churinjou","source_updated_at":"2026-04-02"},"geometry":{"type":"Point","coordinates":[139.467412,35.761886]}},{"type":"Feature","properties":{"id":"official-parking-tokyo-36009","name":"東村山駅東口第３駐輪場","municipality":"東村山市","address":"東京都東村山市久米川町4-9-84","capacity":290,"source_publisher":"東京都都民安全総合対策本部","source_title":"自転車駐輪場情報","source_url":"https://www.tomin-anzen.metro.tokyo.lg.jp/kotsu/jitensha/seisaku-jyourei/churinjou","source_updated_at":"2026-04-02"},"geometry":{"type":"Point","coordinates":[139.468707,35.761716]}},{"type":"Feature","properties":{"id":"official-parking-tokyo-36018","name":"萩山駅北口駐輪場","municipality":"東村山市","address":"東京都東村山市萩山町2-3-3","capacity":250,"source_publisher":"東京都都民安全総合対策本部","source_title":"自転車駐輪場情報","source_url":"https://www.tomin-anzen.metro.tokyo.lg.jp/kotsu/jitensha/seisaku-jyourei/churinjou","source_updated_at":"2026-04-02"},"geometry":{"type":"Point","coordinates":[139.477122,35.741126]}},{"type":"Feature","properties":{"id":"official-parking-tokyo-36019","name":"八坂駅駐輪場","municipality":"東村山市","address":"東京都東村山市栄町3-26-28　栄町3-16-35","capacity":225,"source_publisher":"東京都都民安全総合対策本部","source_title":"自転車駐輪場情報","source_url":"https://www.tomin-anzen.metro.tokyo.lg.jp/kotsu/jitensha/seisaku-jyourei/churinjou","source_updated_at":"2026-04-02"},"geometry":{"type":"Point","coordinates":[139.467439,35.745271]}},{"type":"Feature","properties":{"id":"official-parking-tokyo-41035","name":"Cycle DAICHI　武蔵大和駅前駐輪場","municipality":"東大和市","address":"東京都東大和市清水2-802-1","capacity":139,"source_publisher":"東京都都民安全総合対策本部","source_title":"自転車駐輪場情報","source_url":"https://www.tomin-anzen.metro.tokyo.lg.jp/kotsu/jitensha/seisaku-jyourei/churinjou","source_updated_at":"2026-04-02"},"geometry":{"type":"Point","coordinates":[139.44402,35.75562]}},{"type":"Feature","properties":{"id":"official-parking-tokyo-41007","name":"玉川上水駅第１公共自転車等駐車場","municipality":"東大和市","address":"東京都東大和市桜が丘3-44-19","capacity":449,"source_publisher":"東京都都民安全総合対策本部","source_title":"自転車駐輪場情報","source_url":"https://www.tomin-anzen.metro.tokyo.lg.jp/kotsu/jitensha/seisaku-jyourei/churinjou","source_updated_at":"2026-04-02"},"geometry":{"type":"Point","coordinates":[139.417606,35.734107]}},{"type":"Feature","properties":{"id":"official-parking-tokyo-41008","name":"玉川上水駅第2公共自転車等駐車場","municipality":"東大和市","address":"東京都東大和市桜が丘3-44-23","capacity":425,"source_publisher":"東京都都民安全総合対策本部","source_title":"自転車駐輪場情報","source_url":"https://www.tomin-anzen.metro.tokyo.lg.jp/kotsu/jitensha/seisaku-jyourei/churinjou","source_updated_at":"2026-04-02"},"geometry":{"type":"Point","coordinates":[139.419417,35.731971]}},{"type":"Feature","properties":{"id":"official-parking-tokyo-41009","name":"玉川上水駅第3公共自転車等駐車場","municipality":"東大和市","address":"東京都東大和市桜が丘3-44-20","capacity":44,"source_publisher":"東京都都民安全総合対策本部","source_title":"自転車駐輪場情報","source_url":"https://www.tomin-anzen.metro.tokyo.lg.jp/kotsu/jitensha/seisaku-jyourei/churinjou","source_updated_at":"2026-04-02"},"geometry":{"type":"Point","coordinates":[139.417625,35.734793]}},{"type":"Feature","properties":{"id":"official-parking-tokyo-41010","name":"玉川上水駅第4公共自転車等駐車場","municipality":"東大和市","address":"東京都東大和市桜が丘3-44-36","capacity":491,"source_publisher":"東京都都民安全総合対策本部","source_title":"自転車駐輪場情報","source_url":"https://www.tomin-anzen.metro.tokyo.lg.jp/kotsu/jitensha/seisaku-jyourei/churinjou","source_updated_at":"2026-04-02"},"geometry":{"type":"Point","coordinates":[139.417832,35.732326]}},{"type":"Feature","properties":{"id":"official-parking-tokyo-41030","name":"玉川上水駅第5公共自転車等駐車場","municipality":"東大和市","address":"東京都東大和市桜が丘4-43-8・9","capacity":38,"source_publisher":"東京都都民安全総合対策本部","source_title":"自転車駐輪場情報","source_url":"https://www.tomin-anzen.metro.tokyo.lg.jp/kotsu/jitensha/seisaku-jyourei/churinjou","source_updated_at":"2026-04-02"},"geometry":{"type":"Point","coordinates":[139.41792,35.73209]}},{"type":"Feature","properties":{"id":"official-parking-tokyo-41031","name":"玉川上水駅第6公共自転車等駐車場","municipality":"東大和市","address":"東京都東大和市桜が丘3-44-23","capacity":145,"source_publisher":"東京都都民安全総合対策本部","source_title":"自転車駐輪場情報","source_url":"https://www.tomin-anzen.metro.tokyo.lg.jp/kotsu/jitensha/seisaku-jyourei/churinjou","source_updated_at":"2026-04-02"},"geometry":{"type":"Point","coordinates":[139.420666,35.7317588]}},{"type":"Feature","properties":{"id":"official-parking-tokyo-41019","name":"桜街道駅第1公共自転車等駐車場","municipality":"東大和市","address":"東京都東大和市上北台3-470-1","capacity":46,"source_publisher":"東京都都民安全総合対策本部","source_title":"自転車駐輪場情報","source_url":"https://www.tomin-anzen.metro.tokyo.lg.jp/kotsu/jitensha/seisaku-jyourei/churinjou","source_updated_at":"2026-04-02"},"geometry":{"type":"Point","coordinates":[139.416528,35.738949]}},{"type":"Feature","properties":{"id":"official-parking-tokyo-41020","name":"桜街道駅第2公共自転車等駐車場","municipality":"東大和市","address":"東京都東大和市立野4-504-3","capacity":31,"source_publisher":"東京都都民安全総合対策本部","source_title":"自転車駐輪場情報","source_url":"https://www.tomin-anzen.metro.tokyo.lg.jp/kotsu/jitensha/seisaku-jyourei/churinjou","source_updated_at":"2026-04-02"},"geometry":{"type":"Point","coordinates":[139.416761,35.738973]}},{"type":"Feature","properties":{"id":"official-parking-tokyo-41034","name":"桜街道駅第3公共自転車等駐車場","municipality":"東大和市","address":"東京都東大和市桜が丘4-259-1","capacity":176,"source_publisher":"東京都都民安全総合対策本部","source_title":"自転車駐輪場情報","source_url":"https://www.tomin-anzen.metro.tokyo.lg.jp/kotsu/jitensha/seisaku-jyourei/churinjou","source_updated_at":"2026-04-02"},"geometry":{"type":"Point","coordinates":[139.416445,35.7380402]}},{"type":"Feature","properties":{"id":"official-parking-tokyo-41022","name":"桜街道駅第4公共自転車等駐車場","municipality":"東大和市","address":"東京都東大和市桜が丘2-231-6","capacity":204,"source_publisher":"東京都都民安全総合対策本部","source_title":"自転車駐輪場情報","source_url":"https://www.tomin-anzen.metro.tokyo.lg.jp/kotsu/jitensha/seisaku-jyourei/churinjou","source_updated_at":"2026-04-02"},"geometry":{"type":"Point","coordinates":[139.418001,35.738078]}},{"type":"Feature","properties":{"id":"official-parking-tokyo-41036","name":"三井のリパーク　桜街道駅前駐輪場","municipality":"東大和市","address":"東京都東大和市上北台3-470-5","capacity":46,"source_publisher":"東京都都民安全総合対策本部","source_title":"自転車駐輪場情報","source_url":"https://www.tomin-anzen.metro.tokyo.lg.jp/kotsu/jitensha/seisaku-jyourei/churinjou","source_updated_at":"2026-04-02"},"geometry":{"type":"Point","coordinates":[139.416421,35.7389845]}},{"type":"Feature","properties":{"id":"official-parking-tokyo-41039","name":"三井のリパーク武蔵大和駅前駐輪場","municipality":"東大和市","address":"東京都東大和市清水2-806-7","capacity":110,"source_publisher":"東京都都民安全総合対策本部","source_title":"自転車駐輪場情報","source_url":"https://www.tomin-anzen.metro.tokyo.lg.jp/kotsu/jitensha/seisaku-jyourei/churinjou","source_updated_at":"2026-04-02"},"geometry":{"type":"Point","coordinates":[139.44468,35.75586]}},{"type":"Feature","properties":{"id":"official-parking-tokyo-41045","name":"上北台駅第10公共自転車等駐車場","municipality":"東大和市","address":"東京都東大和市立野2-18-2","capacity":117,"source_publisher":"東京都都民安全総合対策本部","source_title":"自転車駐輪場情報","source_url":"https://www.tomin-anzen.metro.tokyo.lg.jp/kotsu/jitensha/seisaku-jyourei/churinjou","source_updated_at":"2026-04-02"},"geometry":{"type":"Point","coordinates":[139.41777,35.74614]}},{"type":"Feature","properties":{"id":"official-parking-tokyo-41015","name":"上北台駅第1公共自転車等駐車場","municipality":"東大和市","address":"東京都東大和市上北台1-5-1","capacity":54,"source_publisher":"東京都都民安全総合対策本部","source_title":"自転車駐輪場情報","source_url":"https://www.tomin-anzen.metro.tokyo.lg.jp/kotsu/jitensha/seisaku-jyourei/churinjou","source_updated_at":"2026-04-02"},"geometry":{"type":"Point","coordinates":[139.415943,35.746031]}},{"type":"Feature","properties":{"id":"official-parking-tokyo-41016","name":"上北台駅第2公共自転車等駐車場","municipality":"東大和市","address":"東京都東大和市上北台1-5-1","capacity":82,"source_publisher":"東京都都民安全総合対策本部","source_title":"自転車駐輪場情報","source_url":"https://www.tomin-anzen.metro.tokyo.lg.jp/kotsu/jitensha/seisaku-jyourei/churinjou","source_updated_at":"2026-04-02"},"geometry":{"type":"Point","coordinates":[139.415962,35.745874]}},{"type":"Feature","properties":{"id":"official-parking-tokyo-41014","name":"上北台駅第5公共自転車等駐車場","municipality":"東大和市","address":"東京都東大和市上北台1-2-4","capacity":103,"source_publisher":"東京都都民安全総合対策本部","source_title":"自転車駐輪場情報","source_url":"https://www.tomin-anzen.metro.tokyo.lg.jp/kotsu/jitensha/seisaku-jyourei/churinjou","source_updated_at":"2026-04-02"},"geometry":{"type":"Point","coordinates":[139.415305,35.74651]}},{"type":"Feature","properties":{"id":"official-parking-tokyo-41033","name":"上北台駅第6公共自転車等駐車場","municipality":"東大和市","address":"東京都東大和市上北台1-810-4","capacity":617,"source_publisher":"東京都都民安全総合対策本部","source_title":"自転車駐輪場情報","source_url":"https://www.tomin-anzen.metro.tokyo.lg.jp/kotsu/jitensha/seisaku-jyourei/churinjou","source_updated_at":"2026-04-02"},"geometry":{"type":"Point","coordinates":[139.414765,35.7463242]}},{"type":"Feature","properties":{"id":"official-parking-tokyo-41037","name":"上北台駅第7公共自転車等駐車場","municipality":"東大和市","address":"東京都東大和市上北台1-5-1","capacity":71,"source_publisher":"東京都都民安全総合対策本部","source_title":"自転車駐輪場情報","source_url":"https://www.tomin-anzen.metro.tokyo.lg.jp/kotsu/jitensha/seisaku-jyourei/churinjou","source_updated_at":"2026-04-02"},"geometry":{"type":"Point","coordinates":[139.41596,35.74556]}},{"type":"Feature","properties":{"id":"official-parking-tokyo-41043","name":"上北台駅第8公共自転車等駐車場","municipality":"東大和市","address":"東京都東大和市上北台1-5-1","capacity":91,"source_publisher":"東京都都民安全総合対策本部","source_title":"自転車駐輪場情報","source_url":"https://www.tomin-anzen.metro.tokyo.lg.jp/kotsu/jitensha/seisaku-jyourei/churinjou","source_updated_at":"2026-04-02"},"geometry":{"type":"Point","coordinates":[139.4162,35.74601]}},{"type":"Feature","properties":{"id":"official-parking-tokyo-41044","name":"上北台駅第9公共自転車等駐車場","municipality":"東大和市","address":"東京都東大和市上北台1-5-5","capacity":92,"source_publisher":"東京都都民安全総合対策本部","source_title":"自転車駐輪場情報","source_url":"https://www.tomin-anzen.metro.tokyo.lg.jp/kotsu/jitensha/seisaku-jyourei/churinjou","source_updated_at":"2026-04-02"},"geometry":{"type":"Point","coordinates":[139.41531,35.74653]}},{"type":"Feature","properties":{"id":"official-parking-tokyo-41006","name":"西武スマイルパークBIGBOX東大和","municipality":"東大和市","address":"東京都東大和市桜が丘1-1330-19","capacity":406,"source_publisher":"東京都都民安全総合対策本部","source_title":"自転車駐輪場情報","source_url":"https://www.tomin-anzen.metro.tokyo.lg.jp/kotsu/jitensha/seisaku-jyourei/churinjou","source_updated_at":"2026-04-02"},"geometry":{"type":"Point","coordinates":[139.433384,35.733848]}},{"type":"Feature","properties":{"id":"official-parking-tokyo-41032","name":"西武スマイルパークBIGBOX東大和第2","municipality":"東大和市","address":"東京都東大和市桜が丘1-1330-19","capacity":182,"source_publisher":"東京都都民安全総合対策本部","source_title":"自転車駐輪場情報","source_url":"https://www.tomin-anzen.metro.tokyo.lg.jp/kotsu/jitensha/seisaku-jyourei/churinjou","source_updated_at":"2026-04-02"},"geometry":{"type":"Point","coordinates":[139.433577,35.7338158]}},{"type":"Feature","properties":{"id":"official-parking-tokyo-41004","name":"西武スマイルパーク東大和市駅高架下駐輪場","municipality":"東大和市","address":"東京都東大和市桜が丘1-1415-1","capacity":1365,"source_publisher":"東京都都民安全総合対策本部","source_title":"自転車駐輪場情報","source_url":"https://www.tomin-anzen.metro.tokyo.lg.jp/kotsu/jitensha/seisaku-jyourei/churinjou","source_updated_at":"2026-04-02"},"geometry":{"type":"Point","coordinates":[139.4363,35.73361]}},{"type":"Feature","properties":{"id":"official-parking-tokyo-41005","name":"西武スマイルパーク東大和市駅前第１","municipality":"東大和市","address":"東京都東大和市桜が丘1-1330-19","capacity":615,"source_publisher":"東京都都民安全総合対策本部","source_title":"自転車駐輪場情報","source_url":"https://www.tomin-anzen.metro.tokyo.lg.jp/kotsu/jitensha/seisaku-jyourei/churinjou","source_updated_at":"2026-04-02"},"geometry":{"type":"Point","coordinates":[139.434646,35.7331472]}},{"type":"Feature","properties":{"id":"official-parking-tokyo-41001","name":"西武スマイルパーク東大和市駅前第3","municipality":"東大和市","address":"東京都東大和市向原6-1414-5他","capacity":121,"source_publisher":"東京都都民安全総合対策本部","source_title":"自転車駐輪場情報","source_url":"https://www.tomin-anzen.metro.tokyo.lg.jp/kotsu/jitensha/seisaku-jyourei/churinjou","source_updated_at":"2026-04-02"},"geometry":{"type":"Point","coordinates":[139.435628,35.73338]}},{"type":"Feature","properties":{"id":"official-parking-tokyo-41002","name":"西武スマイルパーク東大和市駅前第4","municipality":"東大和市","address":"東京都東大和市向原6-1245-37他","capacity":202,"source_publisher":"東京都都民安全総合対策本部","source_title":"自転車駐輪場情報","source_url":"https://www.tomin-anzen.metro.tokyo.lg.jp/kotsu/jitensha/seisaku-jyourei/churinjou","source_updated_at":"2026-04-02"},"geometry":{"type":"Point","coordinates":[139.436038,35.733495]}},{"type":"Feature","properties":{"id":"official-parking-tokyo-41011","name":"西武スマイルパーク武蔵大和駅前","municipality":"東大和市","address":"東京都東大和市清水2-806-2","capacity":621,"source_publisher":"東京都都民安全総合対策本部","source_title":"自転車駐輪場情報","source_url":"https://www.tomin-anzen.metro.tokyo.lg.jp/kotsu/jitensha/seisaku-jyourei/churinjou","source_updated_at":"2026-04-02"},"geometry":{"type":"Point","coordinates":[139.44439,35.75578]}},{"type":"Feature","properties":{"id":"official-parking-tokyo-41042","name":"東大和市上北台1-1-4ニラク上北台店月極バイク駐車場\n東大和市上北台1-1-4ニラク上北台店バイク駐車場（日貸し）\n東大和市上北台1-1-4ニラク上北台店月極駐輪場\n東大和市上北台1-1-4ニラク上北台店駐輪場（日貸し）","municipality":"東大和市","address":"東京都東大和市上北台1-1-4","capacity":25,"source_publisher":"東京都都民安全総合対策本部","source_title":"自転車駐輪場情報","source_url":"https://www.tomin-anzen.metro.tokyo.lg.jp/kotsu/jitensha/seisaku-jyourei/churinjou","source_updated_at":"2026-04-02"},"geometry":{"type":"Point","coordinates":[139.41492,35.74654]}},{"type":"Feature","properties":{"id":"official-parking-tokyo-41040","name":"東大和市上北台3-470-7桜街道駅前バイク駐車場（月極）\n東大和市上北台3-470-7桜街道駅前駐輪場（月極）\n東大和市上北台3-470-7桜街道駅前駐輪場（日貸し）","municipality":"東大和市","address":"東京都東大和市上北台3-470-7","capacity":12,"source_publisher":"東京都都民安全総合対策本部","source_title":"自転車駐輪場情報","source_url":"https://www.tomin-anzen.metro.tokyo.lg.jp/kotsu/jitensha/seisaku-jyourei/churinjou","source_updated_at":"2026-04-02"},"geometry":{"type":"Point","coordinates":[139.41642,35.73917]}},{"type":"Feature","properties":{"id":"official-parking-tokyo-41012","name":"武蔵大和駅第1公共自転車等駐車場","municipality":"東大和市","address":"東京都東大和市清水2-801-3","capacity":226,"source_publisher":"東京都都民安全総合対策本部","source_title":"自転車駐輪場情報","source_url":"https://www.tomin-anzen.metro.tokyo.lg.jp/kotsu/jitensha/seisaku-jyourei/churinjou","source_updated_at":"2026-04-02"},"geometry":{"type":"Point","coordinates":[139.44408,35.755239]}},{"type":"Feature","properties":{"id":"official-parking-tokyo-41013","name":"武蔵大和駅第2公共自転車等駐車場","municipality":"東大和市","address":"東京都東大和市清水1-748-2","capacity":395,"source_publisher":"東京都都民安全総合対策本部","source_title":"自転車駐輪場情報","source_url":"https://www.tomin-anzen.metro.tokyo.lg.jp/kotsu/jitensha/seisaku-jyourei/churinjou","source_updated_at":"2026-04-02"},"geometry":{"type":"Point","coordinates":[139.443905,35.755857]}},{"type":"Feature","properties":{"id":"official-parking-tokyo-35084","name":"Cycle DAICHI　日野駅前駐輪場","municipality":"日野市","address":"東京都日野市日野本町3-11-9","capacity":109,"source_publisher":"東京都都民安全総合対策本部","source_title":"自転車駐輪場情報","source_url":"https://www.tomin-anzen.metro.tokyo.lg.jp/kotsu/jitensha/seisaku-jyourei/churinjou","source_updated_at":"2026-04-02"},"geometry":{"type":"Point","coordinates":[139.39488,35.6791]}},{"type":"Feature","properties":{"id":"official-parking-tokyo-35071","name":"Cycle DAICHI　豊田駅南口駐輪場","municipality":"日野市","address":"東京都日野市豊田3-40","capacity":182,"source_publisher":"東京都都民安全総合対策本部","source_title":"自転車駐輪場情報","source_url":"https://www.tomin-anzen.metro.tokyo.lg.jp/kotsu/jitensha/seisaku-jyourei/churinjou","source_updated_at":"2026-04-02"},"geometry":{"type":"Point","coordinates":[139.380801,35.6581211]}},{"type":"Feature","properties":{"id":"official-parking-tokyo-35065","name":"SEPHORA","municipality":"日野市","address":"東京都日野市豊田3-39-28","capacity":31,"source_publisher":"東京都都民安全総合対策本部","source_title":"自転車駐輪場情報","source_url":"https://www.tomin-anzen.metro.tokyo.lg.jp/kotsu/jitensha/seisaku-jyourei/churinjou","source_updated_at":"2026-04-02"},"geometry":{"type":"Point","coordinates":[139.379703,35.6581091]}},{"type":"Feature","properties":{"id":"official-parking-tokyo-35078","name":"アップルパーク","municipality":"日野市","address":"東京都日野市多摩平2-2","capacity":112,"source_publisher":"東京都都民安全総合対策本部","source_title":"自転車駐輪場情報","source_url":"https://www.tomin-anzen.metro.tokyo.lg.jp/kotsu/jitensha/seisaku-jyourei/churinjou","source_updated_at":"2026-04-02"},"geometry":{"type":"Point","coordinates":[139.38223,35.66038]}},{"type":"Feature","properties":{"id":"official-parking-tokyo-35068","name":"イオンモール多摩平の森公共駐輪場","municipality":"日野市","address":"東京都日野市多摩平2-4-1","capacity":855,"source_publisher":"東京都都民安全総合対策本部","source_title":"自転車駐輪場情報","source_url":"https://www.tomin-anzen.metro.tokyo.lg.jp/kotsu/jitensha/seisaku-jyourei/churinjou","source_updated_at":"2026-04-02"},"geometry":{"type":"Point","coordinates":[139.381256,35.6615773]}},{"type":"Feature","properties":{"id":"official-parking-tokyo-35074","name":"サイクル　スペース","municipality":"日野市","address":"東京都日野市多摩平2-1-10","capacity":46,"source_publisher":"東京都都民安全総合対策本部","source_title":"自転車駐輪場情報","source_url":"https://www.tomin-anzen.metro.tokyo.lg.jp/kotsu/jitensha/seisaku-jyourei/churinjou","source_updated_at":"2026-04-02"},"geometry":{"type":"Point","coordinates":[139.38197,35.66008]}},{"type":"Feature","properties":{"id":"official-parking-tokyo-35066","name":"サポートハウス","municipality":"日野市","address":"東京都日野市豊田4-36－３","capacity":150,"source_publisher":"東京都都民安全総合対策本部","source_title":"自転車駐輪場情報","source_url":"https://www.tomin-anzen.metro.tokyo.lg.jp/kotsu/jitensha/seisaku-jyourei/churinjou","source_updated_at":"2026-04-02"},"geometry":{"type":"Point","coordinates":[139.383053,35.6599877]}},{"type":"Feature","properties":{"id":"official-parking-tokyo-35064","name":"安西自転車駐輪場","municipality":"日野市","address":"東京都日野市日野本町4-6-8","capacity":172,"source_publisher":"東京都都民安全総合対策本部","source_title":"自転車駐輪場情報","source_url":"https://www.tomin-anzen.metro.tokyo.lg.jp/kotsu/jitensha/seisaku-jyourei/churinjou","source_updated_at":"2026-04-02"},"geometry":{"type":"Point","coordinates":[139.394381,35.6796601]}},{"type":"Feature","properties":{"id":"official-parking-tokyo-35058","name":"遠藤自転車駐輪場","municipality":"日野市","address":"東京都日野市高幡3-13","capacity":45,"source_publisher":"東京都都民安全総合対策本部","source_title":"自転車駐輪場情報","source_url":"https://www.tomin-anzen.metro.tokyo.lg.jp/kotsu/jitensha/seisaku-jyourei/churinjou","source_updated_at":"2026-04-02"},"geometry":{"type":"Point","coordinates":[139.412529,35.662147]}},{"type":"Feature","properties":{"id":"official-parking-tokyo-35060","name":"京王サイクルパーク平山城址公園","municipality":"日野市","address":"東京都日野市平山5-18-10","capacity":117,"source_publisher":"東京都都民安全総合対策本部","source_title":"自転車駐輪場情報","source_url":"https://www.tomin-anzen.metro.tokyo.lg.jp/kotsu/jitensha/seisaku-jyourei/churinjou","source_updated_at":"2026-04-02"},"geometry":{"type":"Point","coordinates":[139.380503,35.64772]}},{"type":"Feature","properties":{"id":"official-parking-tokyo-35079","name":"京王高幡駐輪場","municipality":"日野市","address":"東京都日野市高幡139","capacity":518,"source_publisher":"東京都都民安全総合対策本部","source_title":"自転車駐輪場情報","source_url":"https://www.tomin-anzen.metro.tokyo.lg.jp/kotsu/jitensha/seisaku-jyourei/churinjou","source_updated_at":"2026-04-02"},"geometry":{"type":"Point","coordinates":[139.41384,35.66172]}},{"type":"Feature","properties":{"id":"official-parking-tokyo-35082","name":"甲州街道駅南第１駐輪場","municipality":"日野市","address":"東京都日野市日野1027","capacity":79,"source_publisher":"東京都都民安全総合対策本部","source_title":"自転車駐輪場情報","source_url":"https://www.tomin-anzen.metro.tokyo.lg.jp/kotsu/jitensha/seisaku-jyourei/churinjou","source_updated_at":"2026-04-02"},"geometry":{"type":"Point","coordinates":[139.40892,35.67828]}},{"type":"Feature","properties":{"id":"official-parking-tokyo-35080","name":"甲州街道駅北第１駐輪場","municipality":"日野市","address":"東京都日野市日野1030","capacity":75,"source_publisher":"東京都都民安全総合対策本部","source_title":"自転車駐輪場情報","source_url":"https://www.tomin-anzen.metro.tokyo.lg.jp/kotsu/jitensha/seisaku-jyourei/churinjou","source_updated_at":"2026-04-02"},"geometry":{"type":"Point","coordinates":[139.40296,35.67841]}},{"type":"Feature","properties":{"id":"official-parking-tokyo-35081","name":"甲州街道駅北第２駐輪場","municipality":"日野市","address":"東京都日野市日野869、874、975","capacity":446,"source_publisher":"東京都都民安全総合対策本部","source_title":"自転車駐輪場情報","source_url":"https://www.tomin-anzen.metro.tokyo.lg.jp/kotsu/jitensha/seisaku-jyourei/churinjou","source_updated_at":"2026-04-02"},"geometry":{"type":"Point","coordinates":[139.40958,35.67838]}},{"type":"Feature","properties":{"id":"official-parking-tokyo-35031","name":"高幡不動駅西駐輪場","municipality":"日野市","address":"東京都日野市高幡667","capacity":60,"source_publisher":"東京都都民安全総合対策本部","source_title":"自転車駐輪場情報","source_url":"https://www.tomin-anzen.metro.tokyo.lg.jp/kotsu/jitensha/seisaku-jyourei/churinjou","source_updated_at":"2026-04-02"},"geometry":{"type":"Point","coordinates":[139.407036,35.664204]}},{"type":"Feature","properties":{"id":"official-parking-tokyo-35070","name":"高幡不動駅前駐輪場","municipality":"日野市","address":"東京都日野市高幡1008-9","capacity":51,"source_publisher":"東京都都民安全総合対策本部","source_title":"自転車駐輪場情報","source_url":"https://www.tomin-anzen.metro.tokyo.lg.jp/kotsu/jitensha/seisaku-jyourei/churinjou","source_updated_at":"2026-04-02"},"geometry":{"type":"Point","coordinates":[139.413952,35.6609949]}},{"type":"Feature","properties":{"id":"official-parking-tokyo-35086","name":"高幡不動駅前駐輪場","municipality":"日野市","address":"東京都日野市高幡587-2","capacity":128,"source_publisher":"東京都都民安全総合対策本部","source_title":"自転車駐輪場情報","source_url":"https://www.tomin-anzen.metro.tokyo.lg.jp/kotsu/jitensha/seisaku-jyourei/churinjou","source_updated_at":"2026-04-02"},"geometry":{"type":"Point","coordinates":[139.411,35.6629]}},{"type":"Feature","properties":{"id":"official-parking-tokyo-35026","name":"高幡不動駅南第１駐輪場","municipality":"日野市","address":"東京都日野市高幡76","capacity":367,"source_publisher":"東京都都民安全総合対策本部","source_title":"自転車駐輪場情報","source_url":"https://www.tomin-anzen.metro.tokyo.lg.jp/kotsu/jitensha/seisaku-jyourei/churinjou","source_updated_at":"2026-04-02"},"geometry":{"type":"Point","coordinates":[139.414747,35.66021]}},{"type":"Feature","properties":{"id":"official-parking-tokyo-35027","name":"高幡不動駅南第２駐輪場","municipality":"日野市","address":"東京都日野市高幡1009-2","capacity":216,"source_publisher":"東京都都民安全総合対策本部","source_title":"自転車駐輪場情報","source_url":"https://www.tomin-anzen.metro.tokyo.lg.jp/kotsu/jitensha/seisaku-jyourei/churinjou","source_updated_at":"2026-04-02"},"geometry":{"type":"Point","coordinates":[139.414396,35.660689]}},{"type":"Feature","properties":{"id":"official-parking-tokyo-35028","name":"高幡不動駅南第３駐輪場","municipality":"日野市","address":"東京都日野市高幡1039-1","capacity":90,"source_publisher":"東京都都民安全総合対策本部","source_title":"自転車駐輪場情報","source_url":"https://www.tomin-anzen.metro.tokyo.lg.jp/kotsu/jitensha/seisaku-jyourei/churinjou","source_updated_at":"2026-04-02"},"geometry":{"type":"Point","coordinates":[139.41498,35.660975]}},{"type":"Feature","properties":{"id":"official-parking-tokyo-35029","name":"高幡不動駅南第４駐輪場","municipality":"日野市","address":"東京都日野市高幡1000-3","capacity":132,"source_publisher":"東京都都民安全総合対策本部","source_title":"自転車駐輪場情報","source_url":"https://www.tomin-anzen.metro.tokyo.lg.jp/kotsu/jitensha/seisaku-jyourei/churinjou","source_updated_at":"2026-04-02"},"geometry":{"type":"Point","coordinates":[139.412827,35.661308]}},{"type":"Feature","properties":{"id":"official-parking-tokyo-35030","name":"高幡不動駅南臨時駐輪場","municipality":"日野市","address":"東京都日野市高幡68","capacity":230,"source_publisher":"東京都都民安全総合対策本部","source_title":"自転車駐輪場情報","source_url":"https://www.tomin-anzen.metro.tokyo.lg.jp/kotsu/jitensha/seisaku-jyourei/churinjou","source_updated_at":"2026-04-02"},"geometry":{"type":"Point","coordinates":[139.414197,35.659587]}},{"type":"Feature","properties":{"id":"official-parking-tokyo-35021","name":"高幡不動駅北第２駐輪場","municipality":"日野市","address":"東京都日野市高幡509","capacity":120,"source_publisher":"東京都都民安全総合対策本部","source_title":"自転車駐輪場情報","source_url":"https://www.tomin-anzen.metro.tokyo.lg.jp/kotsu/jitensha/seisaku-jyourei/churinjou","source_updated_at":"2026-04-02"},"geometry":{"type":"Point","coordinates":[139.413084,35.663867]}},{"type":"Feature","properties":{"id":"official-parking-tokyo-35022","name":"高幡不動駅北第３駐輪場","municipality":"日野市","address":"東京都日野市高幡575","capacity":260,"source_publisher":"東京都都民安全総合対策本部","source_title":"自転車駐輪場情報","source_url":"https://www.tomin-anzen.metro.tokyo.lg.jp/kotsu/jitensha/seisaku-jyourei/churinjou","source_updated_at":"2026-04-02"},"geometry":{"type":"Point","coordinates":[139.412003,35.66352]}},{"type":"Feature","properties":{"id":"official-parking-tokyo-35023","name":"高幡不動駅北第４駐輪場","municipality":"日野市","address":"東京都日野市新井924","capacity":500,"source_publisher":"東京都都民安全総合対策本部","source_title":"自転車駐輪場情報","source_url":"https://www.tomin-anzen.metro.tokyo.lg.jp/kotsu/jitensha/seisaku-jyourei/churinjou","source_updated_at":"2026-04-02"},"geometry":{"type":"Point","coordinates":[139.413489,35.664723]}},{"type":"Feature","properties":{"id":"official-parking-tokyo-35024","name":"高幡不動駅北第５駐輪場","municipality":"日野市","address":"東京都日野市高幡1040","capacity":195,"source_publisher":"東京都都民安全総合対策本部","source_title":"自転車駐輪場情報","source_url":"https://www.tomin-anzen.metro.tokyo.lg.jp/kotsu/jitensha/seisaku-jyourei/churinjou","source_updated_at":"2026-04-02"},"geometry":{"type":"Point","coordinates":[139.415439,35.662431]}},{"type":"Feature","properties":{"id":"official-parking-tokyo-35075","name":"三井のリパーク","municipality":"日野市","address":"東京都日野市豊田3-39","capacity":78,"source_publisher":"東京都都民安全総合対策本部","source_title":"自転車駐輪場情報","source_url":"https://www.tomin-anzen.metro.tokyo.lg.jp/kotsu/jitensha/seisaku-jyourei/churinjou","source_updated_at":"2026-04-02"},"geometry":{"type":"Point","coordinates":[139.38007,35.65835]}},{"type":"Feature","properties":{"id":"official-parking-tokyo-35063","name":"三井のリパーク高幡不動第２","municipality":"日野市","address":"東京都日野市高幡320","capacity":62,"source_publisher":"東京都都民安全総合対策本部","source_title":"自転車駐輪場情報","source_url":"https://www.tomin-anzen.metro.tokyo.lg.jp/kotsu/jitensha/seisaku-jyourei/churinjou","source_updated_at":"2026-04-02"},"geometry":{"type":"Point","coordinates":[139.415156,35.6620926]}},{"type":"Feature","properties":{"id":"official-parking-tokyo-35085","name":"三井のリパーク南口第２","municipality":"日野市","address":"東京都日野市豊田3-31","capacity":89,"source_publisher":"東京都都民安全総合対策本部","source_title":"自転車駐輪場情報","source_url":"https://www.tomin-anzen.metro.tokyo.lg.jp/kotsu/jitensha/seisaku-jyourei/churinjou","source_updated_at":"2026-04-02"},"geometry":{"type":"Point","coordinates":[139.38223,35.65868]}},{"type":"Feature","properties":{"id":"official-parking-tokyo-35076","name":"三井のリパーク南口第５","municipality":"日野市","address":"東京都日野市豊田3-31","capacity":66,"source_publisher":"東京都都民安全総合対策本部","source_title":"自転車駐輪場情報","source_url":"https://www.tomin-anzen.metro.tokyo.lg.jp/kotsu/jitensha/seisaku-jyourei/churinjou","source_updated_at":"2026-04-02"},"geometry":{"type":"Point","coordinates":[139.38231,35.65896]}},{"type":"Feature","properties":{"id":"official-parking-tokyo-35067","name":"秋山自転車預かり所","municipality":"日野市","address":"東京都日野市豊田4-36-9","capacity":50,"source_publisher":"東京都都民安全総合対策本部","source_title":"自転車駐輪場情報","source_url":"https://www.tomin-anzen.metro.tokyo.lg.jp/kotsu/jitensha/seisaku-jyourei/churinjou","source_updated_at":"2026-04-02"},"geometry":{"type":"Point","coordinates":[139.38286,35.6599354]}},{"type":"Feature","properties":{"id":"official-parking-tokyo-35056","name":"水越自転車預かり所","municipality":"日野市","address":"東京都日野市日野本町4-5-22","capacity":68,"source_publisher":"東京都都民安全総合対策本部","source_title":"自転車駐輪場情報","source_url":"https://www.tomin-anzen.metro.tokyo.lg.jp/kotsu/jitensha/seisaku-jyourei/churinjou","source_updated_at":"2026-04-02"},"geometry":{"type":"Point","coordinates":[139.396076,35.67991]}},{"type":"Feature","properties":{"id":"official-parking-tokyo-35073","name":"多摩動物公園駅駐輪場","municipality":"日野市","address":"東京都日野市程久保7-1","capacity":108,"source_publisher":"東京都都民安全総合対策本部","source_title":"自転車駐輪場情報","source_url":"https://www.tomin-anzen.metro.tokyo.lg.jp/kotsu/jitensha/seisaku-jyourei/churinjou","source_updated_at":"2026-04-02"},"geometry":{"type":"Point","coordinates":[139.40378,35.64862]}},{"type":"Feature","properties":{"id":"official-parking-tokyo-35054","name":"程久保駅西第２駐輪場","municipality":"日野市","address":"東京都日野市程久保8-1","capacity":44,"source_publisher":"東京都都民安全総合対策本部","source_title":"自転車駐輪場情報","source_url":"https://www.tomin-anzen.metro.tokyo.lg.jp/kotsu/jitensha/seisaku-jyourei/churinjou","source_updated_at":"2026-04-02"},"geometry":{"type":"Point","coordinates":[139.4106,35.655232]}},{"type":"Feature","properties":{"id":"official-parking-tokyo-35053","name":"程久保駅西駐輪場","municipality":"日野市","address":"東京都日野市程久保8-1","capacity":42,"source_publisher":"東京都都民安全総合対策本部","source_title":"自転車駐輪場情報","source_url":"https://www.tomin-anzen.metro.tokyo.lg.jp/kotsu/jitensha/seisaku-jyourei/churinjou","source_updated_at":"2026-04-02"},"geometry":{"type":"Point","coordinates":[139.410434,35.654888]}},{"type":"Feature","properties":{"id":"official-parking-tokyo-35055","name":"程久保駅東駐輪場","municipality":"日野市","address":"東京都日野市程久保8-4","capacity":24,"source_publisher":"東京都都民安全総合対策本部","source_title":"自転車駐輪場情報","source_url":"https://www.tomin-anzen.metro.tokyo.lg.jp/kotsu/jitensha/seisaku-jyourei/churinjou","source_updated_at":"2026-04-02"},"geometry":{"type":"Point","coordinates":[139.410922,35.655252]}},{"type":"Feature","properties":{"id":"official-parking-tokyo-35037","name":"南平駅南第１駐輪場","municipality":"日野市","address":"東京都日野市南平7-17","capacity":235,"source_publisher":"東京都都民安全総合対策本部","source_title":"自転車駐輪場情報","source_url":"https://www.tomin-anzen.metro.tokyo.lg.jp/kotsu/jitensha/seisaku-jyourei/churinjou","source_updated_at":"2026-04-02"},"geometry":{"type":"Point","coordinates":[139.39161,35.654036]}},{"type":"Feature","properties":{"id":"official-parking-tokyo-35038","name":"南平駅南第３駐輪場","municipality":"日野市","address":"東京都日野市南平駅7-5-6","capacity":120,"source_publisher":"東京都都民安全総合対策本部","source_title":"自転車駐輪場情報","source_url":"https://www.tomin-anzen.metro.tokyo.lg.jp/kotsu/jitensha/seisaku-jyourei/churinjou","source_updated_at":"2026-04-02"},"geometry":{"type":"Point","coordinates":[139.393981,35.654805]}},{"type":"Feature","properties":{"id":"official-parking-tokyo-35034","name":"南平駅北第１駐輪場","municipality":"日野市","address":"東京都日野市南平6-14","capacity":270,"source_publisher":"東京都都民安全総合対策本部","source_title":"自転車駐輪場情報","source_url":"https://www.tomin-anzen.metro.tokyo.lg.jp/kotsu/jitensha/seisaku-jyourei/churinjou","source_updated_at":"2026-04-02"},"geometry":{"type":"Point","coordinates":[139.392123,35.654947]}},{"type":"Feature","properties":{"id":"official-parking-tokyo-35035","name":"南平駅北第２駐輪場","municipality":"日野市","address":"東京都日野市南平6-12","capacity":67,"source_publisher":"東京都都民安全総合対策本部","source_title":"自転車駐輪場情報","source_url":"https://www.tomin-anzen.metro.tokyo.lg.jp/kotsu/jitensha/seisaku-jyourei/churinjou","source_updated_at":"2026-04-02"},"geometry":{"type":"Point","coordinates":[139.392713,35.656002]}},{"type":"Feature","properties":{"id":"official-parking-tokyo-35036","name":"南平駅北第４駐輪場","municipality":"日野市","address":"東京都日野市南平6-24","capacity":160,"source_publisher":"東京都都民安全総合対策本部","source_title":"自転車駐輪場情報","source_url":"https://www.tomin-anzen.metro.tokyo.lg.jp/kotsu/jitensha/seisaku-jyourei/churinjou","source_updated_at":"2026-04-02"},"geometry":{"type":"Point","coordinates":[139.39046,35.653591]}},{"type":"Feature","properties":{"id":"official-parking-tokyo-35004","name":"日野駅西第２駐輪場","municipality":"日野市","address":"東京都日野市大坂上1-30-7","capacity":470,"source_publisher":"東京都都民安全総合対策本部","source_title":"自転車駐輪場情報","source_url":"https://www.tomin-anzen.metro.tokyo.lg.jp/kotsu/jitensha/seisaku-jyourei/churinjou","source_updated_at":"2026-04-02"},"geometry":{"type":"Point","coordinates":[139.390782,35.678845]}},{"type":"Feature","properties":{"id":"official-parking-tokyo-35005","name":"日野駅西第３駐輪場","municipality":"日野市","address":"東京都日野市大坂上1-29-2","capacity":220,"source_publisher":"東京都都民安全総合対策本部","source_title":"自転車駐輪場情報","source_url":"https://www.tomin-anzen.metro.tokyo.lg.jp/kotsu/jitensha/seisaku-jyourei/churinjou","source_updated_at":"2026-04-02"},"geometry":{"type":"Point","coordinates":[139.390639,35.678747]}},{"type":"Feature","properties":{"id":"official-parking-tokyo-35003","name":"日野駅西駐輪場","municipality":"日野市","address":"東京都日野市大坂上1-9-8","capacity":708,"source_publisher":"東京都都民安全総合対策本部","source_title":"自転車駐輪場情報","source_url":"https://www.tomin-anzen.metro.tokyo.lg.jp/kotsu/jitensha/seisaku-jyourei/churinjou","source_updated_at":"2026-04-02"},"geometry":{"type":"Point","coordinates":[139.392579,35.677501]}},{"type":"Feature","properties":{"id":"official-parking-tokyo-35001","name":"日野駅東第１駐輪場","municipality":"日野市","address":"東京都日野市日野本町2-13-8","capacity":450,"source_publisher":"東京都都民安全総合対策本部","source_title":"自転車駐輪場情報","source_url":"https://www.tomin-anzen.metro.tokyo.lg.jp/kotsu/jitensha/seisaku-jyourei/churinjou","source_updated_at":"2026-04-02"},"geometry":{"type":"Point","coordinates":[139.398227,35.677398]}},{"type":"Feature","properties":{"id":"official-parking-tokyo-35002","name":"日野駅東第２駐輪場","municipality":"日野市","address":"東京都日野市日野本町4-5-25","capacity":216,"source_publisher":"東京都都民安全総合対策本部","source_title":"自転車駐輪場情報","source_url":"https://www.tomin-anzen.metro.tokyo.lg.jp/kotsu/jitensha/seisaku-jyourei/churinjou","source_updated_at":"2026-04-02"},"geometry":{"type":"Point","coordinates":[139.396347,35.679858]}},{"type":"Feature","properties":{"id":"official-parking-tokyo-35007","name":"日野駅北バイク駐輪場","municipality":"日野市","address":"東京都日野市栄町1-24","capacity":155,"source_publisher":"東京都都民安全総合対策本部","source_title":"自転車駐輪場情報","source_url":"https://www.tomin-anzen.metro.tokyo.lg.jp/kotsu/jitensha/seisaku-jyourei/churinjou","source_updated_at":"2026-04-02"},"geometry":{"type":"Point","coordinates":[139.393957,35.680041]}},{"type":"Feature","properties":{"id":"official-parking-tokyo-35006","name":"日野駅北駐輪場","municipality":"日野市","address":"東京都日野市栄町1-33-6","capacity":856,"source_publisher":"東京都都民安全総合対策本部","source_title":"自転車駐輪場情報","source_url":"https://www.tomin-anzen.metro.tokyo.lg.jp/kotsu/jitensha/seisaku-jyourei/churinjou","source_updated_at":"2026-04-02"},"geometry":{"type":"Point","coordinates":[139.39367,35.68118]}},{"type":"Feature","properties":{"id":"official-parking-tokyo-35083","name":"日野本町駐輪場","municipality":"日野市","address":"東京都日野市日野本町4-10-52","capacity":70,"source_publisher":"東京都都民安全総合対策本部","source_title":"自転車駐輪場情報","source_url":"https://www.tomin-anzen.metro.tokyo.lg.jp/kotsu/jitensha/seisaku-jyourei/churinjou","source_updated_at":"2026-04-02"},"geometry":{"type":"Point","coordinates":[139.39602,35.68002]}},{"type":"Feature","properties":{"id":"official-parking-tokyo-35033","name":"百草園駅南第１駐輪場","municipality":"日野市","address":"東京都日野市落川1049","capacity":161,"source_publisher":"東京都都民安全総合対策本部","source_title":"自転車駐輪場情報","source_url":"https://www.tomin-anzen.metro.tokyo.lg.jp/kotsu/jitensha/seisaku-jyourei/churinjou","source_updated_at":"2026-04-02"},"geometry":{"type":"Point","coordinates":[139.429572,35.65727]}},{"type":"Feature","properties":{"id":"official-parking-tokyo-35032","name":"百草園駅北第1駐輪場","municipality":"日野市","address":"東京都日野市落川978","capacity":493,"source_publisher":"東京都都民安全総合対策本部","source_title":"自転車駐輪場情報","source_url":"https://www.tomin-anzen.metro.tokyo.lg.jp/kotsu/jitensha/seisaku-jyourei/churinjou","source_updated_at":"2026-04-02"},"geometry":{"type":"Point","coordinates":[139.433649,35.656507]}},{"type":"Feature","properties":{"id":"official-parking-tokyo-35041","name":"平山城址公園駅南第１駐輪場","municipality":"日野市","address":"東京都日野市平山5-23","capacity":110,"source_publisher":"東京都都民安全総合対策本部","source_title":"自転車駐輪場情報","source_url":"https://www.tomin-anzen.metro.tokyo.lg.jp/kotsu/jitensha/seisaku-jyourei/churinjou","source_updated_at":"2026-04-02"},"geometry":{"type":"Point","coordinates":[139.378749,35.645976]}},{"type":"Feature","properties":{"id":"official-parking-tokyo-35042","name":"平山城址公園駅南第３駐輪場","municipality":"日野市","address":"東京都日野市平山5-18","capacity":15,"source_publisher":"東京都都民安全総合対策本部","source_title":"自転車駐輪場情報","source_url":"https://www.tomin-anzen.metro.tokyo.lg.jp/kotsu/jitensha/seisaku-jyourei/churinjou","source_updated_at":"2026-04-02"},"geometry":{"type":"Point","coordinates":[139.380696,35.647408]}},{"type":"Feature","properties":{"id":"official-parking-tokyo-35039","name":"平山城址公園駅北第１駐輪場","municipality":"日野市","address":"東京都日野市平山5-25","capacity":161,"source_publisher":"東京都都民安全総合対策本部","source_title":"自転車駐輪場情報","source_url":"https://www.tomin-anzen.metro.tokyo.lg.jp/kotsu/jitensha/seisaku-jyourei/churinjou","source_updated_at":"2026-04-02"},"geometry":{"type":"Point","coordinates":[139.378561,35.646658]}},{"type":"Feature","properties":{"id":"official-parking-tokyo-35040","name":"平山城址公園駅北第２駐輪場","municipality":"日野市","address":"東京都日野市平山5-27","capacity":125,"source_publisher":"東京都都民安全総合対策本部","source_title":"自転車駐輪場情報","source_url":"https://www.tomin-anzen.metro.tokyo.lg.jp/kotsu/jitensha/seisaku-jyourei/churinjou","source_updated_at":"2026-04-02"},"geometry":{"type":"Point","coordinates":[139.37921,35.647299]}},{"type":"Feature","properties":{"id":"official-parking-tokyo-35077","name":"豊田駅前駐輪場","municipality":"日野市","address":"東京都日野市豊田3-26","capacity":70,"source_publisher":"東京都都民安全総合対策本部","source_title":"自転車駐輪場情報","source_url":"https://www.tomin-anzen.metro.tokyo.lg.jp/kotsu/jitensha/seisaku-jyourei/churinjou","source_updated_at":"2026-04-02"},"geometry":{"type":"Point","coordinates":[139.38211,35.65876]}},{"type":"Feature","properties":{"id":"official-parking-tokyo-35015","name":"豊田駅東臨時駐輪場","municipality":"日野市","address":"東京都日野市多摩平2-14-4","capacity":242,"source_publisher":"東京都都民安全総合対策本部","source_title":"自転車駐輪場情報","source_url":"https://www.tomin-anzen.metro.tokyo.lg.jp/kotsu/jitensha/seisaku-jyourei/churinjou","source_updated_at":"2026-04-02"},"geometry":{"type":"Point","coordinates":[139.382628,35.662065]}},{"type":"Feature","properties":{"id":"official-parking-tokyo-35017","name":"豊田駅南第１駐輪場","municipality":"日野市","address":"東京都日野市東平山3-5","capacity":448,"source_publisher":"東京都都民安全総合対策本部","source_title":"自転車駐輪場情報","source_url":"https://www.tomin-anzen.metro.tokyo.lg.jp/kotsu/jitensha/seisaku-jyourei/churinjou","source_updated_at":"2026-04-02"},"geometry":{"type":"Point","coordinates":[139.377821,35.656233]}},{"type":"Feature","properties":{"id":"official-parking-tokyo-35018","name":"豊田駅南第２駐輪場","municipality":"日野市","address":"東京都日野市豊田4-19-44","capacity":210,"source_publisher":"東京都都民安全総合対策本部","source_title":"自転車駐輪場情報","source_url":"https://www.tomin-anzen.metro.tokyo.lg.jp/kotsu/jitensha/seisaku-jyourei/churinjou","source_updated_at":"2026-04-02"},"geometry":{"type":"Point","coordinates":[139.385283,35.660709]}},{"type":"Feature","properties":{"id":"official-parking-tokyo-35019","name":"豊田駅南第３駐輪場","municipality":"日野市","address":"東京都日野市豊田4-17-16","capacity":200,"source_publisher":"東京都都民安全総合対策本部","source_title":"自転車駐輪場情報","source_url":"https://www.tomin-anzen.metro.tokyo.lg.jp/kotsu/jitensha/seisaku-jyourei/churinjou","source_updated_at":"2026-04-02"},"geometry":{"type":"Point","coordinates":[139.385913,35.661156]}},{"type":"Feature","properties":{"id":"official-parking-tokyo-35020","name":"豊田駅南第４駐輪場","municipality":"日野市","address":"東京都日野市豊田3-40","capacity":150,"source_publisher":"東京都都民安全総合対策本部","source_title":"自転車駐輪場情報","source_url":"https://www.tomin-anzen.metro.tokyo.lg.jp/kotsu/jitensha/seisaku-jyourei/churinjou","source_updated_at":"2026-04-02"},"geometry":{"type":"Point","coordinates":[139.380396,35.658595]}},{"type":"Feature","properties":{"id":"official-parking-tokyo-35016","name":"豊田駅北９駐輪場","municipality":"日野市","address":"東京都日野市多摩平3-1","capacity":367,"source_publisher":"東京都都民安全総合対策本部","source_title":"自転車駐輪場情報","source_url":"https://www.tomin-anzen.metro.tokyo.lg.jp/kotsu/jitensha/seisaku-jyourei/churinjou","source_updated_at":"2026-04-02"},"geometry":{"type":"Point","coordinates":[139.378481,35.665364]}},{"type":"Feature","properties":{"id":"official-parking-tokyo-35008","name":"豊田駅北第１駐輪場","municipality":"日野市","address":"東京都日野市旭ヶ丘1-4","capacity":466,"source_publisher":"東京都都民安全総合対策本部","source_title":"自転車駐輪場情報","source_url":"https://www.tomin-anzen.metro.tokyo.lg.jp/kotsu/jitensha/seisaku-jyourei/churinjou","source_updated_at":"2026-04-02"},"geometry":{"type":"Point","coordinates":[139.376689,35.657481]}},{"type":"Feature","properties":{"id":"official-parking-tokyo-35009","name":"豊田駅北第３駐輪場","municipality":"日野市","address":"東京都日野市多摩平1-29","capacity":490,"source_publisher":"東京都都民安全総合対策本部","source_title":"自転車駐輪場情報","source_url":"https://www.tomin-anzen.metro.tokyo.lg.jp/kotsu/jitensha/seisaku-jyourei/churinjou","source_updated_at":"2026-04-02"},"geometry":{"type":"Point","coordinates":[139.381018,35.659517]}},{"type":"Feature","properties":{"id":"official-parking-tokyo-35010","name":"豊田駅北第４駐輪場","municipality":"日野市","address":"東京都日野市多摩平1-25","capacity":309,"source_publisher":"東京都都民安全総合対策本部","source_title":"自転車駐輪場情報","source_url":"https://www.tomin-anzen.metro.tokyo.lg.jp/kotsu/jitensha/seisaku-jyourei/churinjou","source_updated_at":"2026-04-02"},"geometry":{"type":"Point","coordinates":[139.381018,35.659517]}},{"type":"Feature","properties":{"id":"official-parking-tokyo-35011","name":"豊田駅北第５駐輪場","municipality":"日野市","address":"東京都日野市多摩平1-14-97","capacity":265,"source_publisher":"東京都都民安全総合対策本部","source_title":"自転車駐輪場情報","source_url":"https://www.tomin-anzen.metro.tokyo.lg.jp/kotsu/jitensha/seisaku-jyourei/churinjou","source_updated_at":"2026-04-02"},"geometry":{"type":"Point","coordinates":[139.378387,35.661295]}},{"type":"Feature","properties":{"id":"official-parking-tokyo-35012","name":"豊田駅北第６駐輪場","municipality":"日野市","address":"東京都日野市多摩平1-14-94","capacity":383,"source_publisher":"東京都都民安全総合対策本部","source_title":"自転車駐輪場情報","source_url":"https://www.tomin-anzen.metro.tokyo.lg.jp/kotsu/jitensha/seisaku-jyourei/churinjou","source_updated_at":"2026-04-02"},"geometry":{"type":"Point","coordinates":[139.378336,35.661454]}},{"type":"Feature","properties":{"id":"official-parking-tokyo-35013","name":"豊田駅北第７駐輪場","municipality":"日野市","address":"東京都日野市多摩平1-15","capacity":108,"source_publisher":"東京都都民安全総合対策本部","source_title":"自転車駐輪場情報","source_url":"https://www.tomin-anzen.metro.tokyo.lg.jp/kotsu/jitensha/seisaku-jyourei/churinjou","source_updated_at":"2026-04-02"},"geometry":{"type":"Point","coordinates":[139.379328,35.662871]}},{"type":"Feature","properties":{"id":"official-parking-tokyo-35014","name":"豊田駅北第８駐輪場","municipality":"日野市","address":"東京都日野市多摩平2-15","capacity":30,"source_publisher":"東京都都民安全総合対策本部","source_title":"自転車駐輪場情報","source_url":"https://www.tomin-anzen.metro.tokyo.lg.jp/kotsu/jitensha/seisaku-jyourei/churinjou","source_updated_at":"2026-04-02"},"geometry":{"type":"Point","coordinates":[139.379328,35.662871]}},{"type":"Feature","properties":{"id":"official-parking-tokyo-35057","name":"豊田北口自転車駐車場","municipality":"日野市","address":"東京都日野市多摩平2-3-11","capacity":984,"source_publisher":"東京都都民安全総合対策本部","source_title":"自転車駐輪場情報","source_url":"https://www.tomin-anzen.metro.tokyo.lg.jp/kotsu/jitensha/seisaku-jyourei/churinjou","source_updated_at":"2026-04-02"},"geometry":{"type":"Point","coordinates":[139.381512,35.660707]}},{"type":"Feature","properties":{"id":"official-parking-tokyo-35049","name":"万願寺駅西駐輪場","municipality":"日野市","address":"東京都日野市万願寺4-1","capacity":74,"source_publisher":"東京都都民安全総合対策本部","source_title":"自転車駐輪場情報","source_url":"https://www.tomin-anzen.metro.tokyo.lg.jp/kotsu/jitensha/seisaku-jyourei/churinjou","source_updated_at":"2026-04-02"},"geometry":{"type":"Point","coordinates":[139.419977,35.671095]}},{"type":"Feature","properties":{"id":"official-parking-tokyo-35051","name":"万願寺駅東第１臨時駐輪場","municipality":"日野市","address":"東京都日野市万願寺2-24","capacity":126,"source_publisher":"東京都都民安全総合対策本部","source_title":"自転車駐輪場情報","source_url":"https://www.tomin-anzen.metro.tokyo.lg.jp/kotsu/jitensha/seisaku-jyourei/churinjou","source_updated_at":"2026-04-02"},"geometry":{"type":"Point","coordinates":[139.42068,35.671086]}},{"type":"Feature","properties":{"id":"official-parking-tokyo-35052","name":"万願寺駅東第２臨時駐輪場","municipality":"日野市","address":"東京都日野市万願寺2-366-2他","capacity":210,"source_publisher":"東京都都民安全総合対策本部","source_title":"自転車駐輪場情報","source_url":"https://www.tomin-anzen.metro.tokyo.lg.jp/kotsu/jitensha/seisaku-jyourei/churinjou","source_updated_at":"2026-04-02"},"geometry":{"type":"Point","coordinates":[139.421782,35.671809]}},{"type":"Feature","properties":{"id":"official-parking-tokyo-35050","name":"万願寺駅東駐輪場","municipality":"日野市","address":"東京都日野市万願寺2-24","capacity":108,"source_publisher":"東京都都民安全総合対策本部","source_title":"自転車駐輪場情報","source_url":"https://www.tomin-anzen.metro.tokyo.lg.jp/kotsu/jitensha/seisaku-jyourei/churinjou","source_updated_at":"2026-04-02"},"geometry":{"type":"Point","coordinates":[139.420197,35.671151]}},{"type":"Feature","properties":{"id":"official-parking-tokyo-24050","name":"ジョイ五番街通り自転車駐輪帯Aブロック","municipality":"八王子市","address":"東京都八王子市横山町145-1地先","capacity":21,"source_publisher":"東京都都民安全総合対策本部","source_title":"自転車駐輪場情報","source_url":"https://www.tomin-anzen.metro.tokyo.lg.jp/kotsu/jitensha/seisaku-jyourei/churinjou","source_updated_at":"2026-04-02"},"geometry":{"type":"Point","coordinates":[139.338475,35.6594423]}},{"type":"Feature","properties":{"id":"official-parking-tokyo-24051","name":"ジョイ五番街通り自転車駐輪帯Bブロック","municipality":"八王子市","address":"東京都八王子市東町10-4","capacity":17,"source_publisher":"東京都都民安全総合対策本部","source_title":"自転車駐輪場情報","source_url":"https://www.tomin-anzen.metro.tokyo.lg.jp/kotsu/jitensha/seisaku-jyourei/churinjou","source_updated_at":"2026-04-02"},"geometry":{"type":"Point","coordinates":[139.33843,35.6585987]}},{"type":"Feature","properties":{"id":"official-parking-tokyo-24052","name":"ジョイ五番街通り自転車駐輪帯Cブロック","municipality":"八王子市","address":"東京都八王子市東町11-2","capacity":29,"source_publisher":"東京都都民安全総合対策本部","source_title":"自転車駐輪場情報","source_url":"https://www.tomin-anzen.metro.tokyo.lg.jp/kotsu/jitensha/seisaku-jyourei/churinjou","source_updated_at":"2026-04-02"},"geometry":{"type":"Point","coordinates":[139.338412,35.6580788]}},{"type":"Feature","properties":{"id":"official-parking-tokyo-24053","name":"ジョイ五番街通り自転車駐輪帯Dブロック","municipality":"八王子市","address":"東京都八王子市旭町9-1","capacity":33,"source_publisher":"東京都都民安全総合対策本部","source_title":"自転車駐輪場情報","source_url":"https://www.tomin-anzen.metro.tokyo.lg.jp/kotsu/jitensha/seisaku-jyourei/churinjou","source_updated_at":"2026-04-02"},"geometry":{"type":"Point","coordinates":[139.338379,35.6575465]}},{"type":"Feature","properties":{"id":"official-parking-tokyo-24054","name":"ジョイ五番街通り自転車駐輪帯Eブロック","municipality":"八王子市","address":"東京都八王子市横山町5-13","capacity":35,"source_publisher":"東京都都民安全総合対策本部","source_title":"自転車駐輪場情報","source_url":"https://www.tomin-anzen.metro.tokyo.lg.jp/kotsu/jitensha/seisaku-jyourei/churinjou","source_updated_at":"2026-04-02"},"geometry":{"type":"Point","coordinates":[139.338361,35.6593106]}},{"type":"Feature","properties":{"id":"official-parking-tokyo-24055","name":"ジョイ五番街通り自転車駐輪帯Fブロック","municipality":"八王子市","address":"東京都八王子市東町13-10","capacity":11,"source_publisher":"東京都都民安全総合対策本部","source_title":"自転車駐輪場情報","source_url":"https://www.tomin-anzen.metro.tokyo.lg.jp/kotsu/jitensha/seisaku-jyourei/churinjou","source_updated_at":"2026-04-02"},"geometry":{"type":"Point","coordinates":[139.338348,35.6587456]}},{"type":"Feature","properties":{"id":"official-parking-tokyo-24056","name":"ジョイ五番街通り自転車駐輪帯Gブロック","municipality":"八王子市","address":"東京都八王子市東町12-14","capacity":23,"source_publisher":"東京都都民安全総合対策本部","source_title":"自転車駐輪場情報","source_url":"https://www.tomin-anzen.metro.tokyo.lg.jp/kotsu/jitensha/seisaku-jyourei/churinjou","source_updated_at":"2026-04-02"},"geometry":{"type":"Point","coordinates":[139.338345,35.6582349]}},{"type":"Feature","properties":{"id":"official-parking-tokyo-24044","name":"めじろ台駅自転車駐車場","municipality":"八王子市","address":"東京都八王子市めじろ台1-1-3","capacity":495,"source_publisher":"東京都都民安全総合対策本部","source_title":"自転車駐輪場情報","source_url":"https://www.tomin-anzen.metro.tokyo.lg.jp/kotsu/jitensha/seisaku-jyourei/churinjou","source_updated_at":"2026-04-02"},"geometry":{"type":"Point","coordinates":[139.307244,35.6437225]}},{"type":"Feature","properties":{"id":"official-parking-tokyo-24038","name":"京王八王子駅中央自転車駐車場","municipality":"八王子市","address":"東京都八王子市明神町4-7-15","capacity":308,"source_publisher":"東京都都民安全総合対策本部","source_title":"自転車駐輪場情報","source_url":"https://www.tomin-anzen.metro.tokyo.lg.jp/kotsu/jitensha/seisaku-jyourei/churinjou","source_updated_at":"2026-04-02"},"geometry":{"type":"Point","coordinates":[139.342037,35.6580271]}},{"type":"Feature","properties":{"id":"official-parking-tokyo-24039","name":"京王八王子駅中央第２自転車駐車場","municipality":"八王子市","address":"東京都八王子市明神町3-27-1","capacity":120,"source_publisher":"東京都都民安全総合対策本部","source_title":"自転車駐輪場情報","source_url":"https://www.tomin-anzen.metro.tokyo.lg.jp/kotsu/jitensha/seisaku-jyourei/churinjou","source_updated_at":"2026-04-02"},"geometry":{"type":"Point","coordinates":[139.34337,35.6579275]}},{"type":"Feature","properties":{"id":"official-parking-tokyo-24040","name":"京王八王子駅東自転車駐車場","municipality":"八王子市","address":"東京都八王子市明神町3-6-11","capacity":382,"source_publisher":"東京都都民安全総合対策本部","source_title":"自転車駐輪場情報","source_url":"https://www.tomin-anzen.metro.tokyo.lg.jp/kotsu/jitensha/seisaku-jyourei/churinjou","source_updated_at":"2026-04-02"},"geometry":{"type":"Point","coordinates":[139.345184,35.6566231]}},{"type":"Feature","properties":{"id":"official-parking-tokyo-24037","name":"京王八王子駅南臨時自転車駐車場","municipality":"八王子市","address":"東京都八王子市明神町3-18-10","capacity":445,"source_publisher":"東京都都民安全総合対策本部","source_title":"自転車駐輪場情報","source_url":"https://www.tomin-anzen.metro.tokyo.lg.jp/kotsu/jitensha/seisaku-jyourei/churinjou","source_updated_at":"2026-04-02"},"geometry":{"type":"Point","coordinates":[139.341684,35.6562193]}},{"type":"Feature","properties":{"id":"official-parking-tokyo-24062","name":"京王八王子駅南臨時第2自転車駐車場","municipality":"八王子市","address":"東京都八王子市明神町3-19-2","capacity":101,"source_publisher":"東京都都民安全総合対策本部","source_title":"自転車駐輪場情報","source_url":"https://www.tomin-anzen.metro.tokyo.lg.jp/kotsu/jitensha/seisaku-jyourei/churinjou","source_updated_at":"2026-04-02"},"geometry":{"type":"Point","coordinates":[139.34474,35.65355]}},{"type":"Feature","properties":{"id":"official-parking-tokyo-24058","name":"京王八王子駅北自転車駐輪帯","municipality":"八王子市","address":"東京都八王子市明神町4-20","capacity":84,"source_publisher":"東京都都民安全総合対策本部","source_title":"自転車駐輪場情報","source_url":"https://www.tomin-anzen.metro.tokyo.lg.jp/kotsu/jitensha/seisaku-jyourei/churinjou","source_updated_at":"2026-04-02"},"geometry":{"type":"Point","coordinates":[139.342797,35.6600039]}},{"type":"Feature","properties":{"id":"official-parking-tokyo-24007","name":"京王片倉駅自転車駐車場","municipality":"八王子市","address":"東京都八王子市片倉町497－12先,497-1の内","capacity":210,"source_publisher":"東京都都民安全総合対策本部","source_title":"自転車駐輪場情報","source_url":"https://www.tomin-anzen.metro.tokyo.lg.jp/kotsu/jitensha/seisaku-jyourei/churinjou","source_updated_at":"2026-04-02"},"geometry":{"type":"Point","coordinates":[139.337478,35.644649]}},{"type":"Feature","properties":{"id":"official-parking-tokyo-24048","name":"京王堀之内駅自転車駐車場","municipality":"八王子市","address":"東京都八王子市堀之内3-24-4","capacity":1588,"source_publisher":"東京都都民安全総合対策本部","source_title":"自転車駐輪場情報","source_url":"https://www.tomin-anzen.metro.tokyo.lg.jp/kotsu/jitensha/seisaku-jyourei/churinjou","source_updated_at":"2026-04-02"},"geometry":{"type":"Point","coordinates":[139.39969,35.6241624]}},{"type":"Feature","properties":{"id":"official-parking-tokyo-24009","name":"狭間駅第1自転車駐車場","municipality":"八王子市","address":"東京都八王子市東浅川町543－1","capacity":25,"source_publisher":"東京都都民安全総合対策本部","source_title":"自転車駐輪場情報","source_url":"https://www.tomin-anzen.metro.tokyo.lg.jp/kotsu/jitensha/seisaku-jyourei/churinjou","source_updated_at":"2026-04-02"},"geometry":{"type":"Point","coordinates":[139.292519,35.640738]}},{"type":"Feature","properties":{"id":"official-parking-tokyo-24010","name":"狭間駅第2自転車駐車場","municipality":"八王子市","address":"東京都八王子市東浅川町543－1","capacity":55,"source_publisher":"東京都都民安全総合対策本部","source_title":"自転車駐輪場情報","source_url":"https://www.tomin-anzen.metro.tokyo.lg.jp/kotsu/jitensha/seisaku-jyourei/churinjou","source_updated_at":"2026-04-02"},"geometry":{"type":"Point","coordinates":[139.29221,35.640817]}},{"type":"Feature","properties":{"id":"official-parking-tokyo-24017","name":"圏央道上川橋自転車駐車場","municipality":"八王子市","address":"東京都八王子市上川町2359","capacity":30,"source_publisher":"東京都都民安全総合対策本部","source_title":"自転車駐輪場情報","source_url":"https://www.tomin-anzen.metro.tokyo.lg.jp/kotsu/jitensha/seisaku-jyourei/churinjou","source_updated_at":"2026-04-02"},"geometry":{"type":"Point","coordinates":[139.270466,35.698419]}},{"type":"Feature","properties":{"id":"official-parking-tokyo-24032","name":"高尾駅南口自転車駐車場","municipality":"八王子市","address":"東京都八王子市初沢町1231-26","capacity":1067,"source_publisher":"東京都都民安全総合対策本部","source_title":"自転車駐輪場情報","source_url":"https://www.tomin-anzen.metro.tokyo.lg.jp/kotsu/jitensha/seisaku-jyourei/churinjou","source_updated_at":"2026-04-02"},"geometry":{"type":"Point","coordinates":[139.283885,35.6425376]}},{"type":"Feature","properties":{"id":"official-parking-tokyo-24030","name":"高尾駅北口自転車駐車場","municipality":"八王子市","address":"東京都八王子市高尾町1184-3","capacity":656,"source_publisher":"東京都都民安全総合対策本部","source_title":"自転車駐輪場情報","source_url":"https://www.tomin-anzen.metro.tokyo.lg.jp/kotsu/jitensha/seisaku-jyourei/churinjou","source_updated_at":"2026-04-02"},"geometry":{"type":"Point","coordinates":[139.283227,35.6431098]}},{"type":"Feature","properties":{"id":"official-parking-tokyo-24031","name":"高尾駅北口第２自転車駐車場","municipality":"八王子市","address":"東京都八王子市高尾町1199","capacity":63,"source_publisher":"東京都都民安全総合対策本部","source_title":"自転車駐輪場情報","source_url":"https://www.tomin-anzen.metro.tokyo.lg.jp/kotsu/jitensha/seisaku-jyourei/churinjou","source_updated_at":"2026-04-02"},"geometry":{"type":"Point","coordinates":[139.282326,35.6426147]}},{"type":"Feature","properties":{"id":"official-parking-tokyo-24011","name":"高尾山口駅自転車駐車場","municipality":"八王子市","address":"東京都八王子市高尾町2151-1","capacity":74,"source_publisher":"東京都都民安全総合対策本部","source_title":"自転車駐輪場情報","source_url":"https://www.tomin-anzen.metro.tokyo.lg.jp/kotsu/jitensha/seisaku-jyourei/churinjou","source_updated_at":"2026-04-02"},"geometry":{"type":"Point","coordinates":[139.270205,35.632877]}},{"type":"Feature","properties":{"id":"official-parking-tokyo-24008","name":"山田駅第1自転車駐車場","municipality":"八王子市","address":"東京都八王子市緑町430-1","capacity":170,"source_publisher":"東京都都民安全総合対策本部","source_title":"自転車駐輪場情報","source_url":"https://www.tomin-anzen.metro.tokyo.lg.jp/kotsu/jitensha/seisaku-jyourei/churinjou","source_updated_at":"2026-04-02"},"geometry":{"type":"Point","coordinates":[139.321452,35.644531]}},{"type":"Feature","properties":{"id":"official-parking-tokyo-24006","name":"小宮駅南口自転車駐車場","municipality":"八王子市","address":"東京都八王子市小宮町787-7、784-12","capacity":350,"source_publisher":"東京都都民安全総合対策本部","source_title":"自転車駐輪場情報","source_url":"https://www.tomin-anzen.metro.tokyo.lg.jp/kotsu/jitensha/seisaku-jyourei/churinjou","source_updated_at":"2026-04-02"},"geometry":{"type":"Point","coordinates":[139.368393,35.685821]}},{"type":"Feature","properties":{"id":"official-parking-tokyo-24005","name":"小宮駅北口自転車駐車場","municipality":"八王子市","address":"東京都八王子市小宮町806-1","capacity":191,"source_publisher":"東京都都民安全総合対策本部","source_title":"自転車駐輪場情報","source_url":"https://www.tomin-anzen.metro.tokyo.lg.jp/kotsu/jitensha/seisaku-jyourei/churinjou","source_updated_at":"2026-04-02"},"geometry":{"type":"Point","coordinates":[139.368895,35.685978]}},{"type":"Feature","properties":{"id":"official-parking-tokyo-24012","name":"松が谷駅自転車駐車場","municipality":"八王子市","address":"東京都八王子市松が谷1-1 （の一部)","capacity":268,"source_publisher":"東京都都民安全総合対策本部","source_title":"自転車駐輪場情報","source_url":"https://www.tomin-anzen.metro.tokyo.lg.jp/kotsu/jitensha/seisaku-jyourei/churinjou","source_updated_at":"2026-04-02"},"geometry":{"type":"Point","coordinates":[139.422048,35.631338]}},{"type":"Feature","properties":{"id":"official-parking-tokyo-24028","name":"西八王子駅南口自転車駐車場","municipality":"八王子市","address":"東京都八王子市散田町3-8-22","capacity":994,"source_publisher":"東京都都民安全総合対策本部","source_title":"自転車駐輪場情報","source_url":"https://www.tomin-anzen.metro.tokyo.lg.jp/kotsu/jitensha/seisaku-jyourei/churinjou","source_updated_at":"2026-04-02"},"geometry":{"type":"Point","coordinates":[139.312336,35.6558531]}},{"type":"Feature","properties":{"id":"official-parking-tokyo-24029","name":"西八王子駅南口臨時自転車駐車場","municipality":"八王子市","address":"東京都八王子市台町4-48","capacity":654,"source_publisher":"東京都都民安全総合対策本部","source_title":"自転車駐輪場情報","source_url":"https://www.tomin-anzen.metro.tokyo.lg.jp/kotsu/jitensha/seisaku-jyourei/churinjou","source_updated_at":"2026-04-02"},"geometry":{"type":"Point","coordinates":[139.31336,35.6568215]}},{"type":"Feature","properties":{"id":"official-parking-tokyo-24025","name":"西八王子駅北口自転車駐車場","municipality":"八王子市","address":"東京都八王子市千人町3-1-25","capacity":1532,"source_publisher":"東京都都民安全総合対策本部","source_title":"自転車駐輪場情報","source_url":"https://www.tomin-anzen.metro.tokyo.lg.jp/kotsu/jitensha/seisaku-jyourei/churinjou","source_updated_at":"2026-04-02"},"geometry":{"type":"Point","coordinates":[139.31221,35.6566637]}},{"type":"Feature","properties":{"id":"official-parking-tokyo-24027","name":"西八王子駅北口西自転車駐車場","municipality":"八王子市","address":"東京都八王子市千人町3-19-25","capacity":800,"source_publisher":"東京都都民安全総合対策本部","source_title":"自転車駐輪場情報","source_url":"https://www.tomin-anzen.metro.tokyo.lg.jp/kotsu/jitensha/seisaku-jyourei/churinjou","source_updated_at":"2026-04-02"},"geometry":{"type":"Point","coordinates":[139.310604,35.6563503]}},{"type":"Feature","properties":{"id":"official-parking-tokyo-24026","name":"西八王子駅北口第３自転車駐車場","municipality":"八王子市","address":"東京都八王子市千人町3-1-17","capacity":798,"source_publisher":"東京都都民安全総合対策本部","source_title":"自転車駐輪場情報","source_url":"https://www.tomin-anzen.metro.tokyo.lg.jp/kotsu/jitensha/seisaku-jyourei/churinjou","source_updated_at":"2026-04-02"},"geometry":{"type":"Point","coordinates":[139.311385,35.6566087]}},{"type":"Feature","properties":{"id":"official-parking-tokyo-24061","name":"西八王子駅北口第4自転車駐車場","municipality":"八王子市","address":"東京都八王子市千人町3－1－3","capacity":133,"source_publisher":"東京都都民安全総合対策本部","source_title":"自転車駐輪場情報","source_url":"https://www.tomin-anzen.metro.tokyo.lg.jp/kotsu/jitensha/seisaku-jyourei/churinjou","source_updated_at":"2026-04-02"},"geometry":{"type":"Point","coordinates":[139.30525,35.65815]}},{"type":"Feature","properties":{"id":"official-parking-tokyo-24016","name":"川原宿大橋自転車駐車場","municipality":"八王子市","address":"東京都八王子市下恩方町1836先","capacity":300,"source_publisher":"東京都都民安全総合対策本部","source_title":"自転車駐輪場情報","source_url":"https://www.tomin-anzen.metro.tokyo.lg.jp/kotsu/jitensha/seisaku-jyourei/churinjou","source_updated_at":"2026-04-02"},"geometry":{"type":"Point","coordinates":[139.260477,35.671761]}},{"type":"Feature","properties":{"id":"official-parking-tokyo-24013","name":"大塚・帝京大学駅第1自転車駐車場","municipality":"八王子市","address":"東京都八王子市大塚（堰場橋上流左岸）","capacity":278,"source_publisher":"東京都都民安全総合対策本部","source_title":"自転車駐輪場情報","source_url":"https://www.tomin-anzen.metro.tokyo.lg.jp/kotsu/jitensha/seisaku-jyourei/churinjou","source_updated_at":"2026-04-02"},"geometry":{"type":"Point","coordinates":[139.416767,35.63647]}},{"type":"Feature","properties":{"id":"official-parking-tokyo-24014","name":"大塚・帝京大学駅第2自転車駐車場","municipality":"八王子市","address":"東京都八王子市大塚（堰場橋下流左岸）","capacity":269,"source_publisher":"東京都都民安全総合対策本部","source_title":"自転車駐輪場情報","source_url":"https://www.tomin-anzen.metro.tokyo.lg.jp/kotsu/jitensha/seisaku-jyourei/churinjou","source_updated_at":"2026-04-02"},"geometry":{"type":"Point","coordinates":[139.417113,35.636653]}},{"type":"Feature","properties":{"id":"official-parking-tokyo-24015","name":"中央大学・明星大学駅第2自転車駐車場","municipality":"八王子市","address":"東京都八王子市東中野346-1","capacity":136,"source_publisher":"東京都都民安全総合対策本部","source_title":"自転車駐輪場情報","source_url":"https://www.tomin-anzen.metro.tokyo.lg.jp/kotsu/jitensha/seisaku-jyourei/churinjou","source_updated_at":"2026-04-02"},"geometry":{"type":"Point","coordinates":[139.408245,35.642281]}},{"type":"Feature","properties":{"id":"official-parking-tokyo-24041","name":"長沼駅自転車駐車場","municipality":"八王子市","address":"東京都八王子市長沼町682-1","capacity":153,"source_publisher":"東京都都民安全総合対策本部","source_title":"自転車駐輪場情報","source_url":"https://www.tomin-anzen.metro.tokyo.lg.jp/kotsu/jitensha/seisaku-jyourei/churinjou","source_updated_at":"2026-04-02"},"geometry":{"type":"Point","coordinates":[139.367487,35.6427739]}},{"type":"Feature","properties":{"id":"official-parking-tokyo-24018","name":"楢原町自転車駐車場","municipality":"八王子市","address":"東京都八王子市楢原町503","capacity":100,"source_publisher":"東京都都民安全総合対策本部","source_title":"自転車駐輪場情報","source_url":"https://www.tomin-anzen.metro.tokyo.lg.jp/kotsu/jitensha/seisaku-jyourei/churinjou","source_updated_at":"2026-04-02"},"geometry":{"type":"Point","coordinates":[139.305471,35.681934]}},{"type":"Feature","properties":{"id":"official-parking-tokyo-24046","name":"南大沢駅中央自転車駐車場","municipality":"八王子市","address":"東京都八王子市南大沢2-3","capacity":505,"source_publisher":"東京都都民安全総合対策本部","source_title":"自転車駐輪場情報","source_url":"https://www.tomin-anzen.metro.tokyo.lg.jp/kotsu/jitensha/seisaku-jyourei/churinjou","source_updated_at":"2026-04-02"},"geometry":{"type":"Point","coordinates":[139.379627,35.6143869]}},{"type":"Feature","properties":{"id":"official-parking-tokyo-24047","name":"南大沢駅北自転車駐車場","municipality":"八王子市","address":"東京都八王子市南大沢1-444","capacity":613,"source_publisher":"東京都都民安全総合対策本部","source_title":"自転車駐輪場情報","source_url":"https://www.tomin-anzen.metro.tokyo.lg.jp/kotsu/jitensha/seisaku-jyourei/churinjou","source_updated_at":"2026-04-02"},"geometry":{"type":"Point","coordinates":[139.378953,35.6146226]}},{"type":"Feature","properties":{"id":"official-parking-tokyo-24059","name":"南大沢駅北自転車駐輪帯","municipality":"八王子市","address":"東京都八王子市南大沢1-444","capacity":133,"source_publisher":"東京都都民安全総合対策本部","source_title":"自転車駐輪場情報","source_url":"https://www.tomin-anzen.metro.tokyo.lg.jp/kotsu/jitensha/seisaku-jyourei/churinjou","source_updated_at":"2026-04-02"},"geometry":{"type":"Point","coordinates":[139.378649,35.6145933]}},{"type":"Feature","properties":{"id":"official-parking-tokyo-24045","name":"南大沢大橋自転車駐車場","municipality":"八王子市","address":"東京都八王子市南大沢2-29","capacity":260,"source_publisher":"東京都都民安全総合対策本部","source_title":"自転車駐輪場情報","source_url":"https://www.tomin-anzen.metro.tokyo.lg.jp/kotsu/jitensha/seisaku-jyourei/churinjou","source_updated_at":"2026-04-02"},"geometry":{"type":"Point","coordinates":[139.380902,35.6142508]}},{"type":"Feature","properties":{"id":"official-parking-tokyo-24034","name":"八王子みなみ野駅西自転車駐車場","municipality":"八王子市","address":"東京都八王子市みなみ野1-3","capacity":1264,"source_publisher":"東京都都民安全総合対策本部","source_title":"自転車駐輪場情報","source_url":"https://www.tomin-anzen.metro.tokyo.lg.jp/kotsu/jitensha/seisaku-jyourei/churinjou","source_updated_at":"2026-04-02"},"geometry":{"type":"Point","coordinates":[139.330283,35.631274]}},{"type":"Feature","properties":{"id":"official-parking-tokyo-24035","name":"八王子みなみ野駅東自転車駐車場","municipality":"八王子市","address":"東京都八王子市兵衛1-4","capacity":194,"source_publisher":"東京都都民安全総合対策本部","source_title":"自転車駐輪場情報","source_url":"https://www.tomin-anzen.metro.tokyo.lg.jp/kotsu/jitensha/seisaku-jyourei/churinjou","source_updated_at":"2026-04-02"},"geometry":{"type":"Point","coordinates":[139.330645,35.6304639]}},{"type":"Feature","properties":{"id":"official-parking-tokyo-24024","name":"八王子駅南口地下タワー式自転車駐車場","municipality":"八王子市","address":"東京都八王子市子安町4-7","capacity":1224,"source_publisher":"東京都都民安全総合対策本部","source_title":"自転車駐輪場情報","source_url":"https://www.tomin-anzen.metro.tokyo.lg.jp/kotsu/jitensha/seisaku-jyourei/churinjou","source_updated_at":"2026-04-02"},"geometry":{"type":"Point","coordinates":[139.33876,35.6541041]}},{"type":"Feature","properties":{"id":"official-parking-tokyo-24060","name":"八王子駅南口臨時自転車駐車場","municipality":"八王子市","address":"東京都八王子市子安町１-11-14","capacity":116,"source_publisher":"東京都都民安全総合対策本部","source_title":"自転車駐輪場情報","source_url":"https://www.tomin-anzen.metro.tokyo.lg.jp/kotsu/jitensha/seisaku-jyourei/churinjou","source_updated_at":"2026-04-02"},"geometry":{"type":"Point","coordinates":[139.3406,35.65256]}},{"type":"Feature","properties":{"id":"official-parking-tokyo-24019","name":"八王子駅北口旭町自転車駐車場","municipality":"八王子市","address":"東京都八王子市旭町4-19","capacity":2268,"source_publisher":"東京都都民安全総合対策本部","source_title":"自転車駐輪場情報","source_url":"https://www.tomin-anzen.metro.tokyo.lg.jp/kotsu/jitensha/seisaku-jyourei/churinjou","source_updated_at":"2026-04-02"},"geometry":{"type":"Point","coordinates":[139.335834,35.6564122]}},{"type":"Feature","properties":{"id":"official-parking-tokyo-24049","name":"八王子駅北口駅前駐輪帯","municipality":"八王子市","address":"東京都八王子市旭町9","capacity":87,"source_publisher":"東京都都民安全総合対策本部","source_title":"自転車駐輪場情報","source_url":"https://www.tomin-anzen.metro.tokyo.lg.jp/kotsu/jitensha/seisaku-jyourei/churinjou","source_updated_at":"2026-04-02"},"geometry":{"type":"Point","coordinates":[139.339117,35.6572155]}},{"type":"Feature","properties":{"id":"official-parking-tokyo-24021","name":"八王子駅北口地下自転車駐車場","municipality":"八王子市","address":"東京都八王子市旭町1-B1","capacity":1080,"source_publisher":"東京都都民安全総合対策本部","source_title":"自転車駐輪場情報","source_url":"https://www.tomin-anzen.metro.tokyo.lg.jp/kotsu/jitensha/seisaku-jyourei/churinjou","source_updated_at":"2026-04-02"},"geometry":{"type":"Point","coordinates":[139.338346,35.6573096]}},{"type":"Feature","properties":{"id":"official-parking-tokyo-24022","name":"八王子駅北口東自転車駐車場","municipality":"八王子市","address":"東京都八王子市明神町3-18-3","capacity":1171,"source_publisher":"東京都都民安全総合対策本部","source_title":"自転車駐輪場情報","source_url":"https://www.tomin-anzen.metro.tokyo.lg.jp/kotsu/jitensha/seisaku-jyourei/churinjou","source_updated_at":"2026-04-02"},"geometry":{"type":"Point","coordinates":[139.341294,35.6560909]}},{"type":"Feature","properties":{"id":"official-parking-tokyo-24033","name":"片倉駅自転車駐車場","municipality":"八王子市","address":"東京都八王子市片倉町712-6","capacity":756,"source_publisher":"東京都都民安全総合対策本部","source_title":"自転車駐輪場情報","source_url":"https://www.tomin-anzen.metro.tokyo.lg.jp/kotsu/jitensha/seisaku-jyourei/churinjou","source_updated_at":"2026-04-02"},"geometry":{"type":"Point","coordinates":[139.341925,35.6404759]}},{"type":"Feature","properties":{"id":"official-parking-tokyo-24001","name":"北八王子駅自転車駐車場","municipality":"八王子市","address":"東京都八王子市石川町2953-4","capacity":300,"source_publisher":"東京都都民安全総合対策本部","source_title":"自転車駐輪場情報","source_url":"https://www.tomin-anzen.metro.tokyo.lg.jp/kotsu/jitensha/seisaku-jyourei/churinjou","source_updated_at":"2026-04-02"},"geometry":{"type":"Point","coordinates":[139.363471,35.669765]}},{"type":"Feature","properties":{"id":"official-parking-tokyo-24002","name":"北八王子駅西口臨時自転車駐車場","municipality":"八王子市","address":"東京都八王子市石川町2951-4","capacity":100,"source_publisher":"東京都都民安全総合対策本部","source_title":"自転車駐輪場情報","source_url":"https://www.tomin-anzen.metro.tokyo.lg.jp/kotsu/jitensha/seisaku-jyourei/churinjou","source_updated_at":"2026-04-02"},"geometry":{"type":"Point","coordinates":[139.362943,35.668953]}},{"type":"Feature","properties":{"id":"official-parking-tokyo-24003","name":"北八王子駅東口臨時第1自転車駐車場","municipality":"八王子市","address":"東京都八王子市高倉町9-1","capacity":40,"source_publisher":"東京都都民安全総合対策本部","source_title":"自転車駐輪場情報","source_url":"https://www.tomin-anzen.metro.tokyo.lg.jp/kotsu/jitensha/seisaku-jyourei/churinjou","source_updated_at":"2026-04-02"},"geometry":{"type":"Point","coordinates":[139.36327,35.6688]}},{"type":"Feature","properties":{"id":"official-parking-tokyo-24004","name":"北八王子駅東口臨時第2自転車駐車場","municipality":"八王子市","address":"東京都八王子市高倉町9-1","capacity":44,"source_publisher":"東京都都民安全総合対策本部","source_title":"自転車駐輪場情報","source_url":"https://www.tomin-anzen.metro.tokyo.lg.jp/kotsu/jitensha/seisaku-jyourei/churinjou","source_updated_at":"2026-04-02"},"geometry":{"type":"Point","coordinates":[139.363115,35.668537]}},{"type":"Feature","properties":{"id":"official-parking-tokyo-24042","name":"北野駅西自転車駐車場","municipality":"八王子市","address":"東京都八王子市打越町232-1","capacity":193,"source_publisher":"東京都都民安全総合対策本部","source_title":"自転車駐輪場情報","source_url":"https://www.tomin-anzen.metro.tokyo.lg.jp/kotsu/jitensha/seisaku-jyourei/churinjou","source_updated_at":"2026-04-02"},"geometry":{"type":"Point","coordinates":[139.352419,35.645364]}},{"type":"Feature","properties":{"id":"official-parking-tokyo-24043","name":"北野駅東自転車駐車場","municipality":"八王子市","address":"東京都八王子市打越町335-1","capacity":143,"source_publisher":"東京都都民安全総合対策本部","source_title":"自転車駐輪場情報","source_url":"https://www.tomin-anzen.metro.tokyo.lg.jp/kotsu/jitensha/seisaku-jyourei/churinjou","source_updated_at":"2026-04-02"},"geometry":{"type":"Point","coordinates":[139.355326,35.6439684]}},{"type":"Feature","properties":{"id":"official-parking-tokyo-24063","name":"北野駅北口自転車駐輪帯","municipality":"八王子市","address":"東京都八王子市打越町335-1","capacity":111,"source_publisher":"東京都都民安全総合対策本部","source_title":"自転車駐輪場情報","source_url":"https://www.tomin-anzen.metro.tokyo.lg.jp/kotsu/jitensha/seisaku-jyourei/churinjou","source_updated_at":"2026-04-02"},"geometry":{"type":"Point","coordinates":[139.3536869,35.6451101]}},{"type":"Feature","properties":{"id":"official-parking-tokyo-19080","name":"ＹＵＭＥパーク大和町自転車駐車場","municipality":"板橋区","address":"東京都板橋区大和町17-1","capacity":114,"source_publisher":"東京都都民安全総合対策本部","source_title":"自転車駐輪場情報","source_url":"https://www.tomin-anzen.metro.tokyo.lg.jp/kotsu/jitensha/seisaku-jyourei/churinjou","source_updated_at":"2026-04-02"},"geometry":{"type":"Point","coordinates":[139.705024,35.761479]}},{"type":"Feature","properties":{"id":"official-parking-tokyo-19044","name":"ときわ台駅南口自転車駐車場","municipality":"板橋区","address":"東京都板橋区南常盤台2-4-10","capacity":270,"source_publisher":"東京都都民安全総合対策本部","source_title":"自転車駐輪場情報","source_url":"https://www.tomin-anzen.metro.tokyo.lg.jp/kotsu/jitensha/seisaku-jyourei/churinjou","source_updated_at":"2026-04-02"},"geometry":{"type":"Point","coordinates":[139.687257,35.758493]}},{"type":"Feature","properties":{"id":"official-parking-tokyo-19098","name":"ときわ台駅北口仮自転車駐車場","municipality":"板橋区","address":"板橋区常盤台1-13-1","capacity":80,"source_publisher":"東京都都民安全総合対策本部","source_title":"自転車駐輪場情報","source_url":"https://www.tomin-anzen.metro.tokyo.lg.jp/kotsu/jitensha/seisaku-jyourei/churinjou","source_updated_at":"2026-04-02"},"geometry":{"type":"Point","coordinates":[139.6915,35.75987]}},{"type":"Feature","properties":{"id":"official-parking-tokyo-19045","name":"ときわ台駅北口第1自転車駐車場","municipality":"板橋区","address":"東京都板橋区常盤台2-1-10","capacity":449,"source_publisher":"東京都都民安全総合対策本部","source_title":"自転車駐輪場情報","source_url":"https://www.tomin-anzen.metro.tokyo.lg.jp/kotsu/jitensha/seisaku-jyourei/churinjou","source_updated_at":"2026-04-02"},"geometry":{"type":"Point","coordinates":[139.687753,35.759283]}},{"type":"Feature","properties":{"id":"official-parking-tokyo-19046","name":"ときわ台駅北口第2自転車駐車場","municipality":"板橋区","address":"東京都板橋区常盤台2-7-8","capacity":138,"source_publisher":"東京都都民安全総合対策本部","source_title":"自転車駐輪場情報","source_url":"https://www.tomin-anzen.metro.tokyo.lg.jp/kotsu/jitensha/seisaku-jyourei/churinjou","source_updated_at":"2026-04-02"},"geometry":{"type":"Point","coordinates":[139.689234,35.759736]}},{"type":"Feature","properties":{"id":"official-parking-tokyo-19048","name":"ときわ台駅北口第4自転車駐車場","municipality":"板橋区","address":"東京都板橋区常盤台1-45","capacity":460,"source_publisher":"東京都都民安全総合対策本部","source_title":"自転車駐輪場情報","source_url":"https://www.tomin-anzen.metro.tokyo.lg.jp/kotsu/jitensha/seisaku-jyourei/churinjou","source_updated_at":"2026-04-02"},"geometry":{"type":"Point","coordinates":[139.690765,35.75895]}},{"type":"Feature","properties":{"id":"official-parking-tokyo-19037","name":"下板橋駅第1自転車駐車場","municipality":"板橋区","address":"東京都板橋区板橋1-4-13先","capacity":205,"source_publisher":"東京都都民安全総合対策本部","source_title":"自転車駐輪場情報","source_url":"https://www.tomin-anzen.metro.tokyo.lg.jp/kotsu/jitensha/seisaku-jyourei/churinjou","source_updated_at":"2026-04-02"},"geometry":{"type":"Point","coordinates":[139.715511,35.746168]}},{"type":"Feature","properties":{"id":"official-parking-tokyo-19088","name":"下板橋駅第2自転車駐車場","municipality":"板橋区","address":"東京都板橋区板橋2-3-1先","capacity":70,"source_publisher":"東京都都民安全総合対策本部","source_title":"自転車駐輪場情報","source_url":"https://www.tomin-anzen.metro.tokyo.lg.jp/kotsu/jitensha/seisaku-jyourei/churinjou","source_updated_at":"2026-04-02"},"geometry":{"type":"Point","coordinates":[139.714672,35.745896]}},{"type":"Feature","properties":{"id":"official-parking-tokyo-19084","name":"高島平駅西口自転車駐車場","municipality":"板橋区","address":"東京都板橋区高島平8－2","capacity":161,"source_publisher":"東京都都民安全総合対策本部","source_title":"自転車駐輪場情報","source_url":"https://www.tomin-anzen.metro.tokyo.lg.jp/kotsu/jitensha/seisaku-jyourei/churinjou","source_updated_at":"2026-04-02"},"geometry":{"type":"Point","coordinates":[139.661172,35.789117]}},{"type":"Feature","properties":{"id":"official-parking-tokyo-19028","name":"高島平駅第1自転車駐車場","municipality":"板橋区","address":"東京都板橋区高島平8-2-2","capacity":797,"source_publisher":"東京都都民安全総合対策本部","source_title":"自転車駐輪場情報","source_url":"https://www.tomin-anzen.metro.tokyo.lg.jp/kotsu/jitensha/seisaku-jyourei/churinjou","source_updated_at":"2026-04-02"},"geometry":{"type":"Point","coordinates":[139.660456,35.7891071]}},{"type":"Feature","properties":{"id":"official-parking-tokyo-19029","name":"高島平駅第2自転車駐車場","municipality":"板橋区","address":"東京都板橋区高島平8-2-1","capacity":1026,"source_publisher":"東京都都民安全総合対策本部","source_title":"自転車駐輪場情報","source_url":"https://www.tomin-anzen.metro.tokyo.lg.jp/kotsu/jitensha/seisaku-jyourei/churinjou","source_updated_at":"2026-04-02"},"geometry":{"type":"Point","coordinates":[139.662393,35.788781]}},{"type":"Feature","properties":{"id":"official-parking-tokyo-19085","name":"高島平駅東口自転車駐車場","municipality":"板橋区","address":"東京都板橋区高島平8－2","capacity":94,"source_publisher":"東京都都民安全総合対策本部","source_title":"自転車駐輪場情報","source_url":"https://www.tomin-anzen.metro.tokyo.lg.jp/kotsu/jitensha/seisaku-jyourei/churinjou","source_updated_at":"2026-04-02"},"geometry":{"type":"Point","coordinates":[139.66215,35.7888]}},{"type":"Feature","properties":{"id":"official-parking-tokyo-19034","name":"高島陸橋交差点自転車駐車場","municipality":"板橋区","address":"東京都板橋区高島平5-55-2、高島平5-55-3、三園1-47-14及び三園2-1-1","capacity":761,"source_publisher":"東京都都民安全総合対策本部","source_title":"自転車駐輪場情報","source_url":"https://www.tomin-anzen.metro.tokyo.lg.jp/kotsu/jitensha/seisaku-jyourei/churinjou","source_updated_at":"2026-04-02"},"geometry":{"type":"Point","coordinates":[139.643424,35.792414]}},{"type":"Feature","properties":{"id":"official-parking-tokyo-19081","name":"志村坂上駅自転車駐車場","municipality":"板橋区","address":"東京都板橋区小豆沢2-18-9","capacity":131,"source_publisher":"東京都都民安全総合対策本部","source_title":"自転車駐輪場情報","source_url":"https://www.tomin-anzen.metro.tokyo.lg.jp/kotsu/jitensha/seisaku-jyourei/churinjou","source_updated_at":"2026-04-02"},"geometry":{"type":"Point","coordinates":[139.695539,35.7765054]}},{"type":"Feature","properties":{"id":"official-parking-tokyo-19082","name":"志村坂上駅北自転車駐車場","municipality":"板橋区","address":"東京都板橋区小豆沢3-6-7","capacity":128,"source_publisher":"東京都都民安全総合対策本部","source_title":"自転車駐輪場情報","source_url":"https://www.tomin-anzen.metro.tokyo.lg.jp/kotsu/jitensha/seisaku-jyourei/churinjou","source_updated_at":"2026-04-02"},"geometry":{"type":"Point","coordinates":[139.694787,35.7767499]}},{"type":"Feature","properties":{"id":"official-parking-tokyo-19020","name":"志村三丁目駅第1自転車駐車場","municipality":"板橋区","address":"東京都板橋区志村3-21-20先","capacity":526,"source_publisher":"東京都都民安全総合対策本部","source_title":"自転車駐輪場情報","source_url":"https://www.tomin-anzen.metro.tokyo.lg.jp/kotsu/jitensha/seisaku-jyourei/churinjou","source_updated_at":"2026-04-02"},"geometry":{"type":"Point","coordinates":[139.684918,35.777357]}},{"type":"Feature","properties":{"id":"official-parking-tokyo-19021","name":"志村三丁目駅第2自転車駐車場","municipality":"板橋区","address":"東京都板橋区志村3-24-17先","capacity":387,"source_publisher":"東京都都民安全総合対策本部","source_title":"自転車駐輪場情報","source_url":"https://www.tomin-anzen.metro.tokyo.lg.jp/kotsu/jitensha/seisaku-jyourei/churinjou","source_updated_at":"2026-04-02"},"geometry":{"type":"Point","coordinates":[139.685773,35.777558]}},{"type":"Feature","properties":{"id":"official-parking-tokyo-19022","name":"志村三丁目駅第3自転車駐車場","municipality":"板橋区","address":"東京都板橋区志村3-26-21先","capacity":380,"source_publisher":"東京都都民安全総合対策本部","source_title":"自転車駐輪場情報","source_url":"https://www.tomin-anzen.metro.tokyo.lg.jp/kotsu/jitensha/seisaku-jyourei/churinjou","source_updated_at":"2026-04-02"},"geometry":{"type":"Point","coordinates":[139.686672,35.777788]}},{"type":"Feature","properties":{"id":"official-parking-tokyo-19083","name":"志村三丁目駅第4自転車駐車場","municipality":"板橋区","address":"東京都板橋区志村3-15先","capacity":207,"source_publisher":"東京都都民安全総合対策本部","source_title":"自転車駐輪場情報","source_url":"https://www.tomin-anzen.metro.tokyo.lg.jp/kotsu/jitensha/seisaku-jyourei/churinjou","source_updated_at":"2026-04-02"},"geometry":{"type":"Point","coordinates":[139.684435,35.7769]}},{"type":"Feature","properties":{"id":"official-parking-tokyo-19092","name":"志村三丁目駅第5自転車駐車場","municipality":"板橋区","address":"東京都板橋区志村3-20","capacity":51,"source_publisher":"東京都都民安全総合対策本部","source_title":"自転車駐輪場情報","source_url":"https://www.tomin-anzen.metro.tokyo.lg.jp/kotsu/jitensha/seisaku-jyourei/churinjou","source_updated_at":"2026-04-02"},"geometry":{"type":"Point","coordinates":[139.68456,35.77721]}},{"type":"Feature","properties":{"id":"official-parking-tokyo-19006","name":"小竹向原駅自転車駐車場","municipality":"板橋区","address":"東京都板橋区向原1-14-14先","capacity":375,"source_publisher":"東京都都民安全総合対策本部","source_title":"自転車駐輪場情報","source_url":"https://www.tomin-anzen.metro.tokyo.lg.jp/kotsu/jitensha/seisaku-jyourei/churinjou","source_updated_at":"2026-04-02"},"geometry":{"type":"Point","coordinates":[139.68294,35.74187]}},{"type":"Feature","properties":{"id":"official-parking-tokyo-19004","name":"小竹向原駅南自転車駐車場","municipality":"板橋区","address":"東京都板橋区向原2-36-9先","capacity":616,"source_publisher":"東京都都民安全総合対策本部","source_title":"自転車駐輪場情報","source_url":"https://www.tomin-anzen.metro.tokyo.lg.jp/kotsu/jitensha/seisaku-jyourei/churinjou","source_updated_at":"2026-04-02"},"geometry":{"type":"Point","coordinates":[139.681238,35.742441]}},{"type":"Feature","properties":{"id":"official-parking-tokyo-19005","name":"小竹向原駅北自転車駐車場","municipality":"板橋区","address":"東京都板橋区向原3-8先","capacity":323,"source_publisher":"東京都都民安全総合対策本部","source_title":"自転車駐輪場情報","source_url":"https://www.tomin-anzen.metro.tokyo.lg.jp/kotsu/jitensha/seisaku-jyourei/churinjou","source_updated_at":"2026-04-02"},"geometry":{"type":"Point","coordinates":[139.682729,35.743782]}},{"type":"Feature","properties":{"id":"official-parking-tokyo-19096","name":"小茂根図書館","municipality":"板橋区","address":"板橋区小茂根1-6-2","capacity":47,"source_publisher":"東京都都民安全総合対策本部","source_title":"自転車駐輪場情報","source_url":"https://www.tomin-anzen.metro.tokyo.lg.jp/kotsu/jitensha/seisaku-jyourei/churinjou","source_updated_at":"2026-04-02"},"geometry":{"type":"Point","coordinates":[139.68053,35.74601]}},{"type":"Feature","properties":{"id":"official-parking-tokyo-19050","name":"上板橋駅西自転車駐車場","municipality":"板橋区","address":"東京都板橋区上板橋3-16","capacity":94,"source_publisher":"東京都都民安全総合対策本部","source_title":"自転車駐輪場情報","source_url":"https://www.tomin-anzen.metro.tokyo.lg.jp/kotsu/jitensha/seisaku-jyourei/churinjou","source_updated_at":"2026-04-02"},"geometry":{"type":"Point","coordinates":[139.673489,35.7654088]}},{"type":"Feature","properties":{"id":"official-parking-tokyo-19078","name":"上板橋駅東自転車駐車場","municipality":"板橋区","address":"東京都板橋区常盤台4-14","capacity":68,"source_publisher":"東京都都民安全総合対策本部","source_title":"自転車駐輪場情報","source_url":"https://www.tomin-anzen.metro.tokyo.lg.jp/kotsu/jitensha/seisaku-jyourei/churinjou","source_updated_at":"2026-04-02"},"geometry":{"type":"Point","coordinates":[139.679873,35.763203]}},{"type":"Feature","properties":{"id":"official-parking-tokyo-19051","name":"上板橋駅南口自転車駐車場","municipality":"板橋区","address":"東京都板橋区上板橋1-13-23","capacity":425,"source_publisher":"東京都都民安全総合対策本部","source_title":"自転車駐輪場情報","source_url":"https://www.tomin-anzen.metro.tokyo.lg.jp/kotsu/jitensha/seisaku-jyourei/churinjou","source_updated_at":"2026-04-02"},"geometry":{"type":"Point","coordinates":[139.677253,35.7629395]}},{"type":"Feature","properties":{"id":"official-parking-tokyo-19049","name":"上板橋駅北自転車駐車場","municipality":"板橋区","address":"東京都板橋区常盤台4-30-8","capacity":401,"source_publisher":"東京都都民安全総合対策本部","source_title":"自転車駐輪場情報","source_url":"https://www.tomin-anzen.metro.tokyo.lg.jp/kotsu/jitensha/seisaku-jyourei/churinjou","source_updated_at":"2026-04-02"},"geometry":{"type":"Point","coordinates":[139.676938,35.764894]}},{"type":"Feature","properties":{"id":"official-parking-tokyo-19086","name":"新高島平駅南自転車駐車場","municipality":"板橋区","address":"東京都板橋区高島平3-14先","capacity":154,"source_publisher":"東京都都民安全総合対策本部","source_title":"自転車駐輪場情報","source_url":"https://www.tomin-anzen.metro.tokyo.lg.jp/kotsu/jitensha/seisaku-jyourei/churinjou","source_updated_at":"2026-04-02"},"geometry":{"type":"Point","coordinates":[139.65339,35.7900205]}},{"type":"Feature","properties":{"id":"official-parking-tokyo-19032","name":"新高島平駅北自転車駐車場","municipality":"板橋区","address":"東京都板橋区高島平7-17-3","capacity":132,"source_publisher":"東京都都民安全総合対策本部","source_title":"自転車駐輪場情報","source_url":"https://www.tomin-anzen.metro.tokyo.lg.jp/kotsu/jitensha/seisaku-jyourei/churinjou","source_updated_at":"2026-04-02"},"geometry":{"type":"Point","coordinates":[139.655011,35.79095]}},{"type":"Feature","properties":{"id":"official-parking-tokyo-19007","name":"新板橋駅前高架下自転車駐車場","municipality":"板橋区","address":"東京都板橋区板橋4-4先","capacity":220,"source_publisher":"東京都都民安全総合対策本部","source_title":"自転車駐輪場情報","source_url":"https://www.tomin-anzen.metro.tokyo.lg.jp/kotsu/jitensha/seisaku-jyourei/churinjou","source_updated_at":"2026-04-02"},"geometry":{"type":"Point","coordinates":[139.719508,35.748892]}},{"type":"Feature","properties":{"id":"official-parking-tokyo-19061","name":"成増一丁目自転車駐車場","municipality":"板橋区","address":"東京都板橋区成増1-16-16","capacity":500,"source_publisher":"東京都都民安全総合対策本部","source_title":"自転車駐輪場情報","source_url":"https://www.tomin-anzen.metro.tokyo.lg.jp/kotsu/jitensha/seisaku-jyourei/churinjou","source_updated_at":"2026-04-02"},"geometry":{"type":"Point","coordinates":[139.631523,35.775062]}},{"type":"Feature","properties":{"id":"official-parking-tokyo-19056","name":"成増駅南口自転車駐車場","municipality":"板橋区","address":"東京都板橋区成増2-13-1","capacity":46,"source_publisher":"東京都都民安全総合対策本部","source_title":"自転車駐輪場情報","source_url":"https://www.tomin-anzen.metro.tokyo.lg.jp/kotsu/jitensha/seisaku-jyourei/churinjou","source_updated_at":"2026-04-02"},"geometry":{"type":"Point","coordinates":[139.633613,35.776916]}},{"type":"Feature","properties":{"id":"official-parking-tokyo-19057","name":"成増駅南口第2自転車駐車場","municipality":"板橋区","address":"東京都板橋区成増2-15-16","capacity":597,"source_publisher":"東京都都民安全総合対策本部","source_title":"自転車駐輪場情報","source_url":"https://www.tomin-anzen.metro.tokyo.lg.jp/kotsu/jitensha/seisaku-jyourei/churinjou","source_updated_at":"2026-04-02"},"geometry":{"type":"Point","coordinates":[139.632148,35.777503]}},{"type":"Feature","properties":{"id":"official-parking-tokyo-19059","name":"成増駅南口第4自転車駐車場","municipality":"板橋区","address":"東京都板橋区成増2-16-7","capacity":388,"source_publisher":"東京都都民安全総合対策本部","source_title":"自転車駐輪場情報","source_url":"https://www.tomin-anzen.metro.tokyo.lg.jp/kotsu/jitensha/seisaku-jyourei/churinjou","source_updated_at":"2026-04-02"},"geometry":{"type":"Point","coordinates":[139.632363,35.776578]}},{"type":"Feature","properties":{"id":"official-parking-tokyo-19060","name":"成増駅南口第5自転車駐車場","municipality":"板橋区","address":"東京都板橋区成増2-17","capacity":24,"source_publisher":"東京都都民安全総合対策本部","source_title":"自転車駐輪場情報","source_url":"https://www.tomin-anzen.metro.tokyo.lg.jp/kotsu/jitensha/seisaku-jyourei/churinjou","source_updated_at":"2026-04-02"},"geometry":{"type":"Point","coordinates":[139.631853,35.777048]}},{"type":"Feature","properties":{"id":"official-parking-tokyo-19068","name":"成増駅南口第6自転車駐車場","municipality":"板橋区","address":"東京都板橋区成増1-31先","capacity":49,"source_publisher":"東京都都民安全総合対策本部","source_title":"自転車駐輪場情報","source_url":"https://www.tomin-anzen.metro.tokyo.lg.jp/kotsu/jitensha/seisaku-jyourei/churinjou","source_updated_at":"2026-04-02"},"geometry":{"type":"Point","coordinates":[139.629448,35.77752]}},{"type":"Feature","properties":{"id":"official-parking-tokyo-19069","name":"成増駅南口第7自転車駐車場","municipality":"板橋区","address":"東京都板橋区成増1-32先、成増1-36先、成増2-27先及び成増2-33先","capacity":217,"source_publisher":"東京都都民安全総合対策本部","source_title":"自転車駐輪場情報","source_url":"https://www.tomin-anzen.metro.tokyo.lg.jp/kotsu/jitensha/seisaku-jyourei/churinjou","source_updated_at":"2026-04-02"},"geometry":{"type":"Point","coordinates":[139.627698,35.778651]}},{"type":"Feature","properties":{"id":"official-parking-tokyo-19063","name":"成増駅北口第1自転車駐車場","municipality":"板橋区","address":"東京都板橋区成増3-11-10","capacity":430,"source_publisher":"東京都都民安全総合対策本部","source_title":"自転車駐輪場情報","source_url":"https://www.tomin-anzen.metro.tokyo.lg.jp/kotsu/jitensha/seisaku-jyourei/churinjou","source_updated_at":"2026-04-02"},"geometry":{"type":"Point","coordinates":[139.63343,35.778713]}},{"type":"Feature","properties":{"id":"official-parking-tokyo-19064","name":"成増駅北口第2自転車駐車場","municipality":"板橋区","address":"東京都板橋区成増3-14-17","capacity":571,"source_publisher":"東京都都民安全総合対策本部","source_title":"自転車駐輪場情報","source_url":"https://www.tomin-anzen.metro.tokyo.lg.jp/kotsu/jitensha/seisaku-jyourei/churinjou","source_updated_at":"2026-04-02"},"geometry":{"type":"Point","coordinates":[139.632942,35.778687]}},{"type":"Feature","properties":{"id":"official-parking-tokyo-19091","name":"成増駅北口第4自転車駐車場","municipality":"板橋区","address":"東京都板橋区成増3-13先","capacity":93,"source_publisher":"東京都都民安全総合対策本部","source_title":"自転車駐輪場情報","source_url":"https://www.tomin-anzen.metro.tokyo.lg.jp/kotsu/jitensha/seisaku-jyourei/churinjou","source_updated_at":"2026-04-02"},"geometry":{"type":"Point","coordinates":[139.632599,35.778963]}},{"type":"Feature","properties":{"id":"official-parking-tokyo-19067","name":"成増駅北口第5自転車駐車場","municipality":"板橋区","address":"東京都板橋区成増3-10","capacity":300,"source_publisher":"東京都都民安全総合対策本部","source_title":"自転車駐輪場情報","source_url":"https://www.tomin-anzen.metro.tokyo.lg.jp/kotsu/jitensha/seisaku-jyourei/churinjou","source_updated_at":"2026-04-02"},"geometry":{"type":"Point","coordinates":[139.634052,35.77884]}},{"type":"Feature","properties":{"id":"official-parking-tokyo-19062","name":"成増公園前自転車駐車場","municipality":"板橋区","address":"東京都板橋区成増3-3-13","capacity":434,"source_publisher":"東京都都民安全総合対策本部","source_title":"自転車駐輪場情報","source_url":"https://www.tomin-anzen.metro.tokyo.lg.jp/kotsu/jitensha/seisaku-jyourei/churinjou","source_updated_at":"2026-04-02"},"geometry":{"type":"Point","coordinates":[139.633798,35.777823]}},{"type":"Feature","properties":{"id":"official-parking-tokyo-19035","name":"西高島平駅前自転車駐車場","municipality":"板橋区","address":"東京都板橋区高島平6-1-1先","capacity":161,"source_publisher":"東京都都民安全総合対策本部","source_title":"自転車駐輪場情報","source_url":"https://www.tomin-anzen.metro.tokyo.lg.jp/kotsu/jitensha/seisaku-jyourei/churinjou","source_updated_at":"2026-04-02"},"geometry":{"type":"Point","coordinates":[139.64528,35.792149]}},{"type":"Feature","properties":{"id":"official-parking-tokyo-19087","name":"西高島平駅南口自転車駐車場","municipality":"板橋区","address":"東京都板橋区高島平6-1先","capacity":170,"source_publisher":"東京都都民安全総合対策本部","source_title":"自転車駐輪場情報","source_url":"https://www.tomin-anzen.metro.tokyo.lg.jp/kotsu/jitensha/seisaku-jyourei/churinjou","source_updated_at":"2026-04-02"},"geometry":{"type":"Point","coordinates":[139.645205,35.791901]}},{"type":"Feature","properties":{"id":"official-parking-tokyo-19027","name":"西台駅高架下自転車駐車場","municipality":"板橋区","address":"東京都板橋区高島平9-1","capacity":394,"source_publisher":"東京都都民安全総合対策本部","source_title":"自転車駐輪場情報","source_url":"https://www.tomin-anzen.metro.tokyo.lg.jp/kotsu/jitensha/seisaku-jyourei/churinjou","source_updated_at":"2026-04-02"},"geometry":{"type":"Point","coordinates":[139.670702,35.787248]}},{"type":"Feature","properties":{"id":"official-parking-tokyo-19026","name":"西台駅東自転車駐車場","municipality":"板橋区","address":"東京都板橋区蓮根3-6-10","capacity":184,"source_publisher":"東京都都民安全総合対策本部","source_title":"自転車駐輪場情報","source_url":"https://www.tomin-anzen.metro.tokyo.lg.jp/kotsu/jitensha/seisaku-jyourei/churinjou","source_updated_at":"2026-04-02"},"geometry":{"type":"Point","coordinates":[139.67578,35.786831]}},{"type":"Feature","properties":{"id":"official-parking-tokyo-19089","name":"大山駅自転車駐車場","municipality":"板橋区","address":"東京都栄町35-2","capacity":145,"source_publisher":"東京都都民安全総合対策本部","source_title":"自転車駐輪場情報","source_url":"https://www.tomin-anzen.metro.tokyo.lg.jp/kotsu/jitensha/seisaku-jyourei/churinjou","source_updated_at":"2026-04-02"},"geometry":{"type":"Point","coordinates":[139.701768,35.74998]}},{"type":"Feature","properties":{"id":"official-parking-tokyo-19039","name":"大山駅前自転車駐車場","municipality":"板橋区","address":"東京都板橋区大山町2-2","capacity":591,"source_publisher":"東京都都民安全総合対策本部","source_title":"自転車駐輪場情報","source_url":"https://www.tomin-anzen.metro.tokyo.lg.jp/kotsu/jitensha/seisaku-jyourei/churinjou","source_updated_at":"2026-04-02"},"geometry":{"type":"Point","coordinates":[139.702535,35.747479]}},{"type":"Feature","properties":{"id":"official-parking-tokyo-19097","name":"大山東町自転車駐車場","municipality":"板橋区","address":"板橋区大山東町59番","capacity":130,"source_publisher":"東京都都民安全総合対策本部","source_title":"自転車駐輪場情報","source_url":"https://www.tomin-anzen.metro.tokyo.lg.jp/kotsu/jitensha/seisaku-jyourei/churinjou","source_updated_at":"2026-04-02"},"geometry":{"type":"Point","coordinates":[139.7023,35.74968]}},{"type":"Feature","properties":{"id":"official-parking-tokyo-19015","name":"大和町自転車駐車場","municipality":"板橋区","address":"東京都板橋区大和町20-7","capacity":281,"source_publisher":"東京都都民安全総合対策本部","source_title":"自転車駐輪場情報","source_url":"https://www.tomin-anzen.metro.tokyo.lg.jp/kotsu/jitensha/seisaku-jyourei/churinjou","source_updated_at":"2026-04-02"},"geometry":{"type":"Point","coordinates":[139.704136,35.761438]}},{"type":"Feature","properties":{"id":"official-parking-tokyo-19043","name":"中板橋駅東自転車駐車場","municipality":"板橋区","address":"東京都板橋区中板橋18-32","capacity":116,"source_publisher":"東京都都民安全総合対策本部","source_title":"自転車駐輪場情報","source_url":"https://www.tomin-anzen.metro.tokyo.lg.jp/kotsu/jitensha/seisaku-jyourei/churinjou","source_updated_at":"2026-04-02"},"geometry":{"type":"Point","coordinates":[139.696862,35.756441]}},{"type":"Feature","properties":{"id":"official-parking-tokyo-19041","name":"中板橋駅南口自転車駐車場","municipality":"板橋区","address":"東京都板橋区弥生町33-1先","capacity":196,"source_publisher":"東京都都民安全総合対策本部","source_title":"自転車駐輪場情報","source_url":"https://www.tomin-anzen.metro.tokyo.lg.jp/kotsu/jitensha/seisaku-jyourei/churinjou","source_updated_at":"2026-04-02"},"geometry":{"type":"Point","coordinates":[139.695561,35.755507]}},{"type":"Feature","properties":{"id":"official-parking-tokyo-19042","name":"中板橋駅北口自転車駐車場","municipality":"板橋区","address":"東京都板橋区中板橋24-3先","capacity":58,"source_publisher":"東京都都民安全総合対策本部","source_title":"自転車駐輪場情報","source_url":"https://www.tomin-anzen.metro.tokyo.lg.jp/kotsu/jitensha/seisaku-jyourei/churinjou","source_updated_at":"2026-04-02"},"geometry":{"type":"Point","coordinates":[139.694984,35.756171]}},{"type":"Feature","properties":{"id":"official-parking-tokyo-19095","name":"東武練馬駅自転車駐車場","municipality":"板橋区","address":"東京都板橋区徳丸2-3-17先","capacity":64,"source_publisher":"東京都都民安全総合対策本部","source_title":"自転車駐輪場情報","source_url":"https://www.tomin-anzen.metro.tokyo.lg.jp/kotsu/jitensha/seisaku-jyourei/churinjou","source_updated_at":"2026-04-02"},"geometry":{"type":"Point","coordinates":[139.66291,35.76885]}},{"type":"Feature","properties":{"id":"official-parking-tokyo-19090","name":"東武練馬駅東自転車駐車場","municipality":"板橋区","address":"東京都板橋区徳丸1-6-1","capacity":186,"source_publisher":"東京都都民安全総合対策本部","source_title":"自転車駐輪場情報","source_url":"https://www.tomin-anzen.metro.tokyo.lg.jp/kotsu/jitensha/seisaku-jyourei/churinjou","source_updated_at":"2026-04-02"},"geometry":{"type":"Point","coordinates":[139.664611,35.7683729]}},{"type":"Feature","properties":{"id":"official-parking-tokyo-19052","name":"徳丸タウンブリッジ自転車駐車場","municipality":"板橋区","address":"東京都板橋区徳丸1-8-3","capacity":466,"source_publisher":"東京都都民安全総合対策本部","source_title":"自転車駐輪場情報","source_url":"https://www.tomin-anzen.metro.tokyo.lg.jp/kotsu/jitensha/seisaku-jyourei/churinjou","source_updated_at":"2026-04-02"},"geometry":{"type":"Point","coordinates":[139.663034,35.768794]}},{"type":"Feature","properties":{"id":"official-parking-tokyo-19001","name":"板橋駅自転車駐車場","municipality":"板橋区","address":"東京都板橋区板橋1-1-2","capacity":671,"source_publisher":"東京都都民安全総合対策本部","source_title":"自転車駐輪場情報","source_url":"https://www.tomin-anzen.metro.tokyo.lg.jp/kotsu/jitensha/seisaku-jyourei/churinjou","source_updated_at":"2026-04-02"},"geometry":{"type":"Point","coordinates":[139.718832,35.745345]}},{"type":"Feature","properties":{"id":"official-parking-tokyo-19079","name":"板橋駅西口自転車駐車場","municipality":"板橋区","address":"東京都板橋区板橋1-15-1先","capacity":90,"source_publisher":"東京都都民安全総合対策本部","source_title":"自転車駐輪場情報","source_url":"https://www.tomin-anzen.metro.tokyo.lg.jp/kotsu/jitensha/seisaku-jyourei/churinjou","source_updated_at":"2026-04-02"},"geometry":{"type":"Point","coordinates":[139.719985,35.746308]}},{"type":"Feature","properties":{"id":"official-parking-tokyo-19008","name":"板橋区役所前駅高架下自転車駐車場","municipality":"板橋区","address":"東京都板橋区板橋3-7先","capacity":326,"source_publisher":"東京都都民安全総合対策本部","source_title":"自転車駐輪場情報","source_url":"https://www.tomin-anzen.metro.tokyo.lg.jp/kotsu/jitensha/seisaku-jyourei/churinjou","source_updated_at":"2026-04-02"},"geometry":{"type":"Point","coordinates":[139.709938,35.751571]}},{"type":"Feature","properties":{"id":"official-parking-tokyo-19073","name":"板橋区役所前駅西自転車駐車場","municipality":"板橋区","address":"東京都板橋区大山東町41－2","capacity":163,"source_publisher":"東京都都民安全総合対策本部","source_title":"自転車駐輪場情報","source_url":"https://www.tomin-anzen.metro.tokyo.lg.jp/kotsu/jitensha/seisaku-jyourei/churinjou","source_updated_at":"2026-04-02"},"geometry":{"type":"Point","coordinates":[139.705641,35.750783]}},{"type":"Feature","properties":{"id":"official-parking-tokyo-19009","name":"板橋区役所前駅東自転車駐車場","municipality":"板橋区","address":"東京都板橋区板橋3-10-8","capacity":74,"source_publisher":"東京都都民安全総合対策本部","source_title":"自転車駐輪場情報","source_url":"https://www.tomin-anzen.metro.tokyo.lg.jp/kotsu/jitensha/seisaku-jyourei/churinjou","source_updated_at":"2026-04-02"},"geometry":{"type":"Point","coordinates":[139.711627,35.75242]}},{"type":"Feature","properties":{"id":"official-parking-tokyo-19011","name":"板橋区役所前駅南自転車駐車場","municipality":"板橋区","address":"東京都板橋2-56-4先","capacity":141,"source_publisher":"東京都都民安全総合対策本部","source_title":"自転車駐輪場情報","source_url":"https://www.tomin-anzen.metro.tokyo.lg.jp/kotsu/jitensha/seisaku-jyourei/churinjou","source_updated_at":"2026-04-02"},"geometry":{"type":"Point","coordinates":[139.708353,35.7491109]}},{"type":"Feature","properties":{"id":"official-parking-tokyo-19012","name":"板橋本町駅第1自転車駐車場","municipality":"板橋区","address":"東京都板橋区大和町29-13","capacity":140,"source_publisher":"東京都都民安全総合対策本部","source_title":"自転車駐輪場情報","source_url":"https://www.tomin-anzen.metro.tokyo.lg.jp/kotsu/jitensha/seisaku-jyourei/churinjou","source_updated_at":"2026-04-02"},"geometry":{"type":"Point","coordinates":[139.704278,35.760839]}},{"type":"Feature","properties":{"id":"official-parking-tokyo-19013","name":"板橋本町駅第4自転車駐車場","municipality":"板橋区","address":"東京都板橋区本町37-10先","capacity":212,"source_publisher":"東京都都民安全総合対策本部","source_title":"自転車駐輪場情報","source_url":"https://www.tomin-anzen.metro.tokyo.lg.jp/kotsu/jitensha/seisaku-jyourei/churinjou","source_updated_at":"2026-04-02"},"geometry":{"type":"Point","coordinates":[139.706644,35.761529]}},{"type":"Feature","properties":{"id":"official-parking-tokyo-19003","name":"浮間舟渡駅自転車駐車場","municipality":"板橋区","address":"東京都板橋区舟渡1-15-2","capacity":404,"source_publisher":"東京都都民安全総合対策本部","source_title":"自転車駐輪場情報","source_url":"https://www.tomin-anzen.metro.tokyo.lg.jp/kotsu/jitensha/seisaku-jyourei/churinjou","source_updated_at":"2026-04-02"},"geometry":{"type":"Point","coordinates":[139.689867,35.791581]}},{"type":"Feature","properties":{"id":"official-parking-tokyo-19016","name":"本蓮沼駅自転車駐車場","municipality":"板橋区","address":"東京都板橋区蓮沼町22-4","capacity":98,"source_publisher":"東京都都民安全総合対策本部","source_title":"自転車駐輪場情報","source_url":"https://www.tomin-anzen.metro.tokyo.lg.jp/kotsu/jitensha/seisaku-jyourei/churinjou","source_updated_at":"2026-04-02"},"geometry":{"type":"Point","coordinates":[139.702741,35.768818]}},{"type":"Feature","properties":{"id":"official-parking-tokyo-19017","name":"本蓮沼駅第2自転車駐車場","municipality":"板橋区","address":"東京都板橋区大原町2－13","capacity":209,"source_publisher":"東京都都民安全総合対策本部","source_title":"自転車駐輪場情報","source_url":"https://www.tomin-anzen.metro.tokyo.lg.jp/kotsu/jitensha/seisaku-jyourei/churinjou","source_updated_at":"2026-04-02"},"geometry":{"type":"Point","coordinates":[139.701371,35.769676]}},{"type":"Feature","properties":{"id":"official-parking-tokyo-19010","name":"本蓮沼駅第3自転車駐車場","municipality":"板橋区","address":"東京都板橋区蓮沼町22","capacity":63,"source_publisher":"東京都都民安全総合対策本部","source_title":"自転車駐輪場情報","source_url":"https://www.tomin-anzen.metro.tokyo.lg.jp/kotsu/jitensha/seisaku-jyourei/churinjou","source_updated_at":"2026-04-02"},"geometry":{"type":"Point","coordinates":[139.702426,35.768777]}},{"type":"Feature","properties":{"id":"official-parking-tokyo-19024","name":"蓮根駅自転車駐車場","municipality":"板橋区","address":"東京都板橋区蓮根2-31-2","capacity":886,"source_publisher":"東京都都民安全総合対策本部","source_title":"自転車駐輪場情報","source_url":"https://www.tomin-anzen.metro.tokyo.lg.jp/kotsu/jitensha/seisaku-jyourei/churinjou","source_updated_at":"2026-04-02"},"geometry":{"type":"Point","coordinates":[139.678899,35.784514]}},{"type":"Feature","properties":{"id":"official-parking-tokyo-19094","name":"蓮根駅北自転車駐車場","municipality":"板橋区","address":"東京都板橋区蓮根2-31-27","capacity":99,"source_publisher":"東京都都民安全総合対策本部","source_title":"自転車駐輪場情報","source_url":"https://www.tomin-anzen.metro.tokyo.lg.jp/kotsu/jitensha/seisaku-jyourei/churinjou","source_updated_at":"2026-04-02"},"geometry":{"type":"Point","coordinates":[139.67907,35.78503]}},{"type":"Feature","properties":{"id":"official-parking-tokyo-19025","name":"蓮根三丁目自転車駐車場","municipality":"板橋区","address":"東京都板橋区蓮根3-3-12","capacity":20,"source_publisher":"東京都都民安全総合対策本部","source_title":"自転車駐輪場情報","source_url":"https://www.tomin-anzen.metro.tokyo.lg.jp/kotsu/jitensha/seisaku-jyourei/churinjou","source_updated_at":"2026-04-02"},"geometry":{"type":"Point","coordinates":[139.678265,35.7864738]}},{"type":"Feature","properties":{"id":"official-parking-tokyo-9002","name":"荏原町駅区営自転車等駐車場","municipality":"品川区","address":"東京都品川区中延5-1-1","capacity":237,"source_publisher":"東京都都民安全総合対策本部","source_title":"自転車駐輪場情報","source_url":"https://www.tomin-anzen.metro.tokyo.lg.jp/kotsu/jitensha/seisaku-jyourei/churinjou","source_updated_at":"2026-04-02"},"geometry":{"type":"Point","coordinates":[139.7071,35.60363]}},{"type":"Feature","properties":{"id":"official-parking-tokyo-9022","name":"下神明駅区営自転車等駐車場","municipality":"品川区","address":"東京都品川区二葉1-1先","capacity":141,"source_publisher":"東京都都民安全総合対策本部","source_title":"自転車駐輪場情報","source_url":"https://www.tomin-anzen.metro.tokyo.lg.jp/kotsu/jitensha/seisaku-jyourei/churinjou","source_updated_at":"2026-04-02"},"geometry":{"type":"Point","coordinates":[139.72625,35.60837]}},{"type":"Feature","properties":{"id":"official-parking-tokyo-9016","name":"旗の台駅第1区営自転車等駐車場","municipality":"品川区","address":"東京都品川区旗の台2-6先","capacity":110,"source_publisher":"東京都都民安全総合対策本部","source_title":"自転車駐輪場情報","source_url":"https://www.tomin-anzen.metro.tokyo.lg.jp/kotsu/jitensha/seisaku-jyourei/churinjou","source_updated_at":"2026-04-02"},"geometry":{"type":"Point","coordinates":[139.70438,35.60595]}},{"type":"Feature","properties":{"id":"official-parking-tokyo-9017","name":"旗の台駅第2区営自転車等駐車場","municipality":"品川区","address":"東京都品川区旗の台2-7先","capacity":62,"source_publisher":"東京都都民安全総合対策本部","source_title":"自転車駐輪場情報","source_url":"https://www.tomin-anzen.metro.tokyo.lg.jp/kotsu/jitensha/seisaku-jyourei/churinjou","source_updated_at":"2026-04-02"},"geometry":{"type":"Point","coordinates":[139.70438,35.60595]}},{"type":"Feature","properties":{"id":"official-parking-tokyo-9015","name":"戸越銀座駅区営自転車等駐車場","municipality":"品川区","address":"東京都品川区平塚1-5-1","capacity":96,"source_publisher":"東京都都民安全総合対策本部","source_title":"自転車駐輪場情報","source_url":"https://www.tomin-anzen.metro.tokyo.lg.jp/kotsu/jitensha/seisaku-jyourei/churinjou","source_updated_at":"2026-04-02"},"geometry":{"type":"Point","coordinates":[139.71518,35.61627]}},{"type":"Feature","properties":{"id":"official-parking-tokyo-9023","name":"戸越公園駅第1区営自転車等駐車場","municipality":"品川区","address":"東京都品川区戸越5-10先","capacity":88,"source_publisher":"東京都都民安全総合対策本部","source_title":"自転車駐輪場情報","source_url":"https://www.tomin-anzen.metro.tokyo.lg.jp/kotsu/jitensha/seisaku-jyourei/churinjou","source_updated_at":"2026-04-02"},"geometry":{"type":"Point","coordinates":[139.71872,35.60894]}},{"type":"Feature","properties":{"id":"official-parking-tokyo-9024","name":"戸越公園駅第2区営自転車等駐車場","municipality":"品川区","address":"東京都品川区戸越6-6先","capacity":15,"source_publisher":"東京都都民安全総合対策本部","source_title":"自転車駐輪場情報","source_url":"https://www.tomin-anzen.metro.tokyo.lg.jp/kotsu/jitensha/seisaku-jyourei/churinjou","source_updated_at":"2026-04-02"},"geometry":{"type":"Point","coordinates":[139.71741,35.60867]}},{"type":"Feature","properties":{"id":"official-parking-tokyo-9011","name":"五反田駅区営自転車等駐車場","municipality":"品川区","address":"東京都品川区西五反田2-2～5番先、東五反田5-27先","capacity":403,"source_publisher":"東京都都民安全総合対策本部","source_title":"自転車駐輪場情報","source_url":"https://www.tomin-anzen.metro.tokyo.lg.jp/kotsu/jitensha/seisaku-jyourei/churinjou","source_updated_at":"2026-04-02"},"geometry":{"type":"Point","coordinates":[139.7216,35.62773]}},{"type":"Feature","properties":{"id":"official-parking-tokyo-9009","name":"新馬場駅区営自転車等駐車場","municipality":"品川区","address":"東京都品川区南品川2-9先","capacity":55,"source_publisher":"東京都都民安全総合対策本部","source_title":"自転車駐輪場情報","source_url":"https://www.tomin-anzen.metro.tokyo.lg.jp/kotsu/jitensha/seisaku-jyourei/churinjou","source_updated_at":"2026-04-02"},"geometry":{"type":"Point","coordinates":[139.74184,35.61452]}},{"type":"Feature","properties":{"id":"official-parking-tokyo-9019","name":"西大井駅区営自転車等駐車場","municipality":"品川区","address":"東京都品川区二葉2-26-6、西大井1-3先、西大井1-4先","capacity":495,"source_publisher":"東京都都民安全総合対策本部","source_title":"自転車駐輪場情報","source_url":"https://www.tomin-anzen.metro.tokyo.lg.jp/kotsu/jitensha/seisaku-jyourei/churinjou","source_updated_at":"2026-04-02"},"geometry":{"type":"Point","coordinates":[139.72202,35.60224]}},{"type":"Feature","properties":{"id":"official-parking-tokyo-9020","name":"青物横丁駅区営自転車等駐車場","municipality":"品川区","address":"東京都品川区南品川2-4先","capacity":330,"source_publisher":"東京都都民安全総合対策本部","source_title":"自転車駐輪場情報","source_url":"https://www.tomin-anzen.metro.tokyo.lg.jp/kotsu/jitensha/seisaku-jyourei/churinjou","source_updated_at":"2026-04-02"},"geometry":{"type":"Point","coordinates":[139.74276,35.61008]}},{"type":"Feature","properties":{"id":"official-parking-tokyo-9010","name":"大井競馬場前駅区営自転車等駐車場","municipality":"品川区","address":"東京都品川区勝島1-4先、勝島1-5先","capacity":411,"source_publisher":"東京都都民安全総合対策本部","source_title":"自転車駐輪場情報","source_url":"https://www.tomin-anzen.metro.tokyo.lg.jp/kotsu/jitensha/seisaku-jyourei/churinjou","source_updated_at":"2026-04-02"},"geometry":{"type":"Point","coordinates":[139.747,35.59609]}},{"type":"Feature","properties":{"id":"official-parking-tokyo-9001","name":"大井町駅西口区営自転車等駐車場","municipality":"品川区","address":"東京都品川区大井1-7-9","capacity":508,"source_publisher":"東京都都民安全総合対策本部","source_title":"自転車駐輪場情報","source_url":"https://www.tomin-anzen.metro.tokyo.lg.jp/kotsu/jitensha/seisaku-jyourei/churinjou","source_updated_at":"2026-04-02"},"geometry":{"type":"Point","coordinates":[139.7326,35.60693]}},{"type":"Feature","properties":{"id":"official-parking-tokyo-9004","name":"大井町駅西口第２区営自転車等駐車場","municipality":"品川区","address":"東京都品川区大井4-3先、大井4-4先","capacity":482,"source_publisher":"東京都都民安全総合対策本部","source_title":"自転車駐輪場情報","source_url":"https://www.tomin-anzen.metro.tokyo.lg.jp/kotsu/jitensha/seisaku-jyourei/churinjou","source_updated_at":"2026-04-02"},"geometry":{"type":"Point","coordinates":[139.73462,35.60472]}},{"type":"Feature","properties":{"id":"official-parking-tokyo-9003","name":"大井町駅東口区営自転車等駐車場","municipality":"品川区","address":"東京都品川区東大井5-20～22先、東大井6-1先","capacity":768,"source_publisher":"東京都都民安全総合対策本部","source_title":"自転車駐輪場情報","source_url":"https://www.tomin-anzen.metro.tokyo.lg.jp/kotsu/jitensha/seisaku-jyourei/churinjou","source_updated_at":"2026-04-02"},"geometry":{"type":"Point","coordinates":[139.73551,35.60525]}},{"type":"Feature","properties":{"id":"official-parking-tokyo-9006","name":"大崎駅西口区営自転車等駐車場","municipality":"品川区","address":"東京都品川区大崎2-1先","capacity":901,"source_publisher":"東京都都民安全総合対策本部","source_title":"自転車駐輪場情報","source_url":"https://www.tomin-anzen.metro.tokyo.lg.jp/kotsu/jitensha/seisaku-jyourei/churinjou","source_updated_at":"2026-04-02"},"geometry":{"type":"Point","coordinates":[139.7282,35.61882]}},{"type":"Feature","properties":{"id":"official-parking-tokyo-9005","name":"大崎駅東口区営自転車等駐車場","municipality":"品川区","address":"東京都品川区大崎1-4先","capacity":225,"source_publisher":"東京都都民安全総合対策本部","source_title":"自転車駐輪場情報","source_url":"https://www.tomin-anzen.metro.tokyo.lg.jp/kotsu/jitensha/seisaku-jyourei/churinjou","source_updated_at":"2026-04-02"},"geometry":{"type":"Point","coordinates":[139.72837,35.62077]}},{"type":"Feature","properties":{"id":"official-parking-tokyo-9018","name":"大森駅水神口区営自転車等駐車場","municipality":"品川区","address":"東京都品川区南大井6-15先、南大井6-18先、南大井6-23先","capacity":1130,"source_publisher":"東京都都民安全総合対策本部","source_title":"自転車駐輪場情報","source_url":"https://www.tomin-anzen.metro.tokyo.lg.jp/kotsu/jitensha/seisaku-jyourei/churinjou","source_updated_at":"2026-04-02"},"geometry":{"type":"Point","coordinates":[139.7293,35.58985]}},{"type":"Feature","properties":{"id":"official-parking-tokyo-9014","name":"地下鉄戸越駅第1区営自転車等駐車場","municipality":"品川区","address":"東京都品川区平塚1-6先","capacity":63,"source_publisher":"東京都都民安全総合対策本部","source_title":"自転車駐輪場情報","source_url":"https://www.tomin-anzen.metro.tokyo.lg.jp/kotsu/jitensha/seisaku-jyourei/churinjou","source_updated_at":"2026-04-02"},"geometry":{"type":"Point","coordinates":[139.71663,35.61559]}},{"type":"Feature","properties":{"id":"official-parking-tokyo-9012","name":"地下鉄中延駅第2区営自転車等駐車場","municipality":"品川区","address":"東京都品川区中延4-7先","capacity":74,"source_publisher":"東京都都民安全総合対策本部","source_title":"自転車駐輪場情報","source_url":"https://www.tomin-anzen.metro.tokyo.lg.jp/kotsu/jitensha/seisaku-jyourei/churinjou","source_updated_at":"2026-04-02"},"geometry":{"type":"Point","coordinates":[139.7136,35.60481]}},{"type":"Feature","properties":{"id":"official-parking-tokyo-9013","name":"地下鉄中延駅第3区営自転車等駐車場","municipality":"品川区","address":"東京都品川区豊町6-24先","capacity":58,"source_publisher":"東京都都民安全総合対策本部","source_title":"自転車駐輪場情報","source_url":"https://www.tomin-anzen.metro.tokyo.lg.jp/kotsu/jitensha/seisaku-jyourei/churinjou","source_updated_at":"2026-04-02"},"geometry":{"type":"Point","coordinates":[139.71329,35.60444]}},{"type":"Feature","properties":{"id":"official-parking-tokyo-9007","name":"天王洲アイル駅第1区営自転車等駐車場","municipality":"品川区","address":"東京都品川区東品川2-5先","capacity":267,"source_publisher":"東京都都民安全総合対策本部","source_title":"自転車駐輪場情報","source_url":"https://www.tomin-anzen.metro.tokyo.lg.jp/kotsu/jitensha/seisaku-jyourei/churinjou","source_updated_at":"2026-04-02"},"geometry":{"type":"Point","coordinates":[139.7506,35.62065]}},{"type":"Feature","properties":{"id":"official-parking-tokyo-9008","name":"品川シーサイド駅区営自転車等駐車場","municipality":"品川区","address":"東京都品川区東品川4-12先","capacity":412,"source_publisher":"東京都都民安全総合対策本部","source_title":"自転車駐輪場情報","source_url":"https://www.tomin-anzen.metro.tokyo.lg.jp/kotsu/jitensha/seisaku-jyourei/churinjou","source_updated_at":"2026-04-02"},"geometry":{"type":"Point","coordinates":[139.74966,35.60891]}},{"type":"Feature","properties":{"id":"official-parking-tokyo-9021","name":"立会川駅区営自転車等駐車場","municipality":"品川区","address":"東京都品川区南大井1-3-1","capacity":248,"source_publisher":"東京都都民安全総合対策本部","source_title":"自転車駐輪場情報","source_url":"https://www.tomin-anzen.metro.tokyo.lg.jp/kotsu/jitensha/seisaku-jyourei/churinjou","source_updated_at":"2026-04-02"},"geometry":{"type":"Point","coordinates":[139.73851,35.59789]}},{"type":"Feature","properties":{"id":"official-parking-tokyo-29020","name":"競艇場前駅北臨時自転車駐車場","municipality":"府中市","address":"東京都府中市是政4-14-33","capacity":255,"source_publisher":"東京都都民安全総合対策本部","source_title":"自転車駐輪場情報","source_url":"https://www.tomin-anzen.metro.tokyo.lg.jp/kotsu/jitensha/seisaku-jyourei/churinjou","source_updated_at":"2026-04-02"},"geometry":{"type":"Point","coordinates":[139.499363,35.656322]}},{"type":"Feature","properties":{"id":"official-parking-tokyo-29021","name":"是政駅西臨時自転車駐車場","municipality":"府中市","address":"東京都府中市是政5-18-1","capacity":260,"source_publisher":"東京都都民安全総合対策本部","source_title":"自転車駐輪場情報","source_url":"https://www.tomin-anzen.metro.tokyo.lg.jp/kotsu/jitensha/seisaku-jyourei/churinjou","source_updated_at":"2026-04-02"},"geometry":{"type":"Point","coordinates":[139.487869,35.65593]}},{"type":"Feature","properties":{"id":"official-parking-tokyo-29005","name":"西府駅南自転車駐車場","municipality":"府中市","address":"東京都府中市西府町1-60-7","capacity":376,"source_publisher":"東京都都民安全総合対策本部","source_title":"自転車駐輪場情報","source_url":"https://www.tomin-anzen.metro.tokyo.lg.jp/kotsu/jitensha/seisaku-jyourei/churinjou","source_updated_at":"2026-04-02"},"geometry":{"type":"Point","coordinates":[139.456995,35.670896]}},{"type":"Feature","properties":{"id":"official-parking-tokyo-29047","name":"西府駅南第２自転車駐車場","municipality":"府中市","address":"東京都府中市日新町1-6-14","capacity":173,"source_publisher":"東京都都民安全総合対策本部","source_title":"自転車駐輪場情報","source_url":"https://www.tomin-anzen.metro.tokyo.lg.jp/kotsu/jitensha/seisaku-jyourei/churinjou","source_updated_at":"2026-04-02"},"geometry":{"type":"Point","coordinates":[139.45677,35.66967]}},{"type":"Feature","properties":{"id":"official-parking-tokyo-29004","name":"西府駅北自転車駐車場","municipality":"府中市","address":"東京都府中市本宿町1-46-6","capacity":451,"source_publisher":"東京都都民安全総合対策本部","source_title":"自転車駐輪場情報","source_url":"https://www.tomin-anzen.metro.tokyo.lg.jp/kotsu/jitensha/seisaku-jyourei/churinjou","source_updated_at":"2026-04-02"},"geometry":{"type":"Point","coordinates":[139.458067,35.670757]}},{"type":"Feature","properties":{"id":"official-parking-tokyo-29048","name":"西府駅北第２自転車駐車場","municipality":"府中市","address":"東京都府中市西府町1-51-1","capacity":122,"source_publisher":"東京都都民安全総合対策本部","source_title":"自転車駐輪場情報","source_url":"https://www.tomin-anzen.metro.tokyo.lg.jp/kotsu/jitensha/seisaku-jyourei/churinjou","source_updated_at":"2026-04-02"},"geometry":{"type":"Point","coordinates":[139.45682,35.67229]}},{"type":"Feature","properties":{"id":"official-parking-tokyo-29051","name":"多磨駅西口自転車駐車場","municipality":"府中市","address":"東京都府中市紅葉丘3-39-33","capacity":257,"source_publisher":"東京都都民安全総合対策本部","source_title":"自転車駐輪場情報","source_url":"https://www.tomin-anzen.metro.tokyo.lg.jp/kotsu/jitensha/seisaku-jyourei/churinjou","source_updated_at":"2026-04-02"},"geometry":{"type":"Point","coordinates":[139.51606,35.67651]}},{"type":"Feature","properties":{"id":"official-parking-tokyo-29052","name":"多磨駅東口自転車駐車場","municipality":"府中市","address":"東京都府中市朝日町2-26","capacity":226,"source_publisher":"東京都都民安全総合対策本部","source_title":"自転車駐輪場情報","source_url":"https://www.tomin-anzen.metro.tokyo.lg.jp/kotsu/jitensha/seisaku-jyourei/churinjou","source_updated_at":"2026-04-02"},"geometry":{"type":"Point","coordinates":[139.51778,35.6767]}},{"type":"Feature","properties":{"id":"official-parking-tokyo-29008","name":"多磨霊園駅南特別臨時自転車駐車場","municipality":"府中市","address":"東京都府中市小柳1-14-21","capacity":130,"source_publisher":"東京都都民安全総合対策本部","source_title":"自転車駐輪場情報","source_url":"https://www.tomin-anzen.metro.tokyo.lg.jp/kotsu/jitensha/seisaku-jyourei/churinjou","source_updated_at":"2026-04-02"},"geometry":{"type":"Point","coordinates":[139.503971,35.664303]}},{"type":"Feature","properties":{"id":"official-parking-tokyo-29003","name":"多磨霊園駅北自転車駐車場","municipality":"府中市","address":"東京都府中市清水が丘3-19-22","capacity":1299,"source_publisher":"東京都都民安全総合対策本部","source_title":"自転車駐輪場情報","source_url":"https://www.tomin-anzen.metro.tokyo.lg.jp/kotsu/jitensha/seisaku-jyourei/churinjou","source_updated_at":"2026-04-02"},"geometry":{"type":"Point","coordinates":[139.502737,35.666445]}},{"type":"Feature","properties":{"id":"official-parking-tokyo-29009","name":"多磨霊園駅北特別臨時自転車駐車場","municipality":"府中市","address":"東京都府中市白糸台1-2-1","capacity":130,"source_publisher":"東京都都民安全総合対策本部","source_title":"自転車駐輪場情報","source_url":"https://www.tomin-anzen.metro.tokyo.lg.jp/kotsu/jitensha/seisaku-jyourei/churinjou","source_updated_at":"2026-04-02"},"geometry":{"type":"Point","coordinates":[139.505084,35.669622]}},{"type":"Feature","properties":{"id":"official-parking-tokyo-29037","name":"中河原駅西第１自転車駐車場","municipality":"府中市","address":"東京都府中市住吉町5-4-5","capacity":167,"source_publisher":"東京都都民安全総合対策本部","source_title":"自転車駐輪場情報","source_url":"https://www.tomin-anzen.metro.tokyo.lg.jp/kotsu/jitensha/seisaku-jyourei/churinjou","source_updated_at":"2026-04-02"},"geometry":{"type":"Point","coordinates":[139.4563171,35.6594393]}},{"type":"Feature","properties":{"id":"official-parking-tokyo-29038","name":"中河原駅西第２自転車駐車場","municipality":"府中市","address":"東京都府中市住吉町5-11-13","capacity":291,"source_publisher":"東京都都民安全総合対策本部","source_title":"自転車駐輪場情報","source_url":"https://www.tomin-anzen.metro.tokyo.lg.jp/kotsu/jitensha/seisaku-jyourei/churinjou","source_updated_at":"2026-04-02"},"geometry":{"type":"Point","coordinates":[139.4551978,35.6592749]}},{"type":"Feature","properties":{"id":"official-parking-tokyo-29039","name":"中河原駅西第３自転車駐車場","municipality":"府中市","address":"東京都府中市住吉町5-4-6","capacity":335,"source_publisher":"東京都都民安全総合対策本部","source_title":"自転車駐輪場情報","source_url":"https://www.tomin-anzen.metro.tokyo.lg.jp/kotsu/jitensha/seisaku-jyourei/churinjou","source_updated_at":"2026-04-02"},"geometry":{"type":"Point","coordinates":[139.4563171,35.6594393]}},{"type":"Feature","properties":{"id":"official-parking-tokyo-29040","name":"中河原駅東自転車駐車場","municipality":"府中市","address":"東京都府中市住吉町1-81-3","capacity":383,"source_publisher":"東京都都民安全総合対策本部","source_title":"自転車駐輪場情報","source_url":"https://www.tomin-anzen.metro.tokyo.lg.jp/kotsu/jitensha/seisaku-jyourei/churinjou","source_updated_at":"2026-04-02"},"geometry":{"type":"Point","coordinates":[139.4597502,35.6598153]}},{"type":"Feature","properties":{"id":"official-parking-tokyo-29016","name":"中河原駅特別臨時自転車駐車場","municipality":"府中市","address":"東京都府中市住吉4-48-1","capacity":400,"source_publisher":"東京都都民安全総合対策本部","source_title":"自転車駐輪場情報","source_url":"https://www.tomin-anzen.metro.tokyo.lg.jp/kotsu/jitensha/seisaku-jyourei/churinjou","source_updated_at":"2026-04-02"},"geometry":{"type":"Point","coordinates":[139.45339,35.661461]}},{"type":"Feature","properties":{"id":"official-parking-tokyo-29042","name":"中河原駅北口広場一時自転車駐車場","municipality":"府中市","address":"東京都府中市住吉町1-84","capacity":62,"source_publisher":"東京都都民安全総合対策本部","source_title":"自転車駐輪場情報","source_url":"https://www.tomin-anzen.metro.tokyo.lg.jp/kotsu/jitensha/seisaku-jyourei/churinjou","source_updated_at":"2026-04-02"},"geometry":{"type":"Point","coordinates":[139.45814,35.6603]}},{"type":"Feature","properties":{"id":"official-parking-tokyo-29041","name":"中河原駅北自転車駐車場","municipality":"府中市","address":"東京都府中市住吉町4-9-27","capacity":807,"source_publisher":"東京都都民安全総合対策本部","source_title":"自転車駐輪場情報","source_url":"https://www.tomin-anzen.metro.tokyo.lg.jp/kotsu/jitensha/seisaku-jyourei/churinjou","source_updated_at":"2026-04-02"},"geometry":{"type":"Point","coordinates":[139.45753,35.66079]}},{"type":"Feature","properties":{"id":"official-parking-tokyo-29050","name":"東府中駅東自転車駐車場","municipality":"府中市","address":"東京都府中市清水が丘1-13-4","capacity":107,"source_publisher":"東京都都民安全総合対策本部","source_title":"自転車駐輪場情報","source_url":"https://www.tomin-anzen.metro.tokyo.lg.jp/kotsu/jitensha/seisaku-jyourei/churinjou","source_updated_at":"2026-04-02"},"geometry":{"type":"Point","coordinates":[139.49704,35.66834]}},{"type":"Feature","properties":{"id":"official-parking-tokyo-29002","name":"東府中駅南自転車駐車場","municipality":"府中市","address":"東京都府中市清水が丘1-3","capacity":1159,"source_publisher":"東京都都民安全総合対策本部","source_title":"自転車駐輪場情報","source_url":"https://www.tomin-anzen.metro.tokyo.lg.jp/kotsu/jitensha/seisaku-jyourei/churinjou","source_updated_at":"2026-04-02"},"geometry":{"type":"Point","coordinates":[139.49354,35.668937]}},{"type":"Feature","properties":{"id":"official-parking-tokyo-29010","name":"東府中駅北臨時自転車駐車場","municipality":"府中市","address":"東京都府中市若松2-7-44","capacity":600,"source_publisher":"東京都都民安全総合対策本部","source_title":"自転車駐輪場情報","source_url":"https://www.tomin-anzen.metro.tokyo.lg.jp/kotsu/jitensha/seisaku-jyourei/churinjou","source_updated_at":"2026-04-02"},"geometry":{"type":"Point","coordinates":[139.495066,35.671809]}},{"type":"Feature","properties":{"id":"official-parking-tokyo-29019","name":"白糸台駅西臨時自転車駐車場","municipality":"府中市","address":"東京都府中市白糸台1-57-5","capacity":450,"source_publisher":"東京都都民安全総合対策本部","source_title":"自転車駐輪場情報","source_url":"https://www.tomin-anzen.metro.tokyo.lg.jp/kotsu/jitensha/seisaku-jyourei/churinjou","source_updated_at":"2026-04-02"},"geometry":{"type":"Point","coordinates":[139.509037,35.666665]}},{"type":"Feature","properties":{"id":"official-parking-tokyo-29018","name":"白糸台駅北臨時自転車駐車場","municipality":"府中市","address":"東京都府中市白糸台2-1-14","capacity":380,"source_publisher":"東京都都民安全総合対策本部","source_title":"自転車駐輪場情報","source_url":"https://www.tomin-anzen.metro.tokyo.lg.jp/kotsu/jitensha/seisaku-jyourei/churinjou","source_updated_at":"2026-04-02"},"geometry":{"type":"Point","coordinates":[139.509657,35.666689]}},{"type":"Feature","properties":{"id":"official-parking-tokyo-29011","name":"府中駅東‐3特別臨時自転車駐車場","municipality":"府中市","address":"東京都府中市八幡町1-24-1","capacity":65,"source_publisher":"東京都都民安全総合対策本部","source_title":"自転車駐輪場情報","source_url":"https://www.tomin-anzen.metro.tokyo.lg.jp/kotsu/jitensha/seisaku-jyourei/churinjou","source_updated_at":"2026-04-02"},"geometry":{"type":"Point","coordinates":[139.485198,35.671241]}},{"type":"Feature","properties":{"id":"official-parking-tokyo-29031","name":"府中駅東自転車駐車場","municipality":"府中市","address":"東京都府中市宮町1-17-5","capacity":1470,"source_publisher":"東京都都民安全総合対策本部","source_title":"自転車駐輪場情報","source_url":"https://www.tomin-anzen.metro.tokyo.lg.jp/kotsu/jitensha/seisaku-jyourei/churinjou","source_updated_at":"2026-04-02"},"geometry":{"type":"Point","coordinates":[139.48271,35.67175]}},{"type":"Feature","properties":{"id":"official-parking-tokyo-29030","name":"府中駅南自転車駐車場","municipality":"府中市","address":"東京都府中市宮町1-100","capacity":480,"source_publisher":"東京都都民安全総合対策本部","source_title":"自転車駐輪場情報","source_url":"https://www.tomin-anzen.metro.tokyo.lg.jp/kotsu/jitensha/seisaku-jyourei/churinjou","source_updated_at":"2026-04-02"},"geometry":{"type":"Point","coordinates":[139.478466,35.6717938]}},{"type":"Feature","properties":{"id":"official-parking-tokyo-29034","name":"府中駅南第２自転車駐車場","municipality":"府中市","address":"東京都府中市宮町1-11-3","capacity":218,"source_publisher":"東京都都民安全総合対策本部","source_title":"自転車駐輪場情報","source_url":"https://www.tomin-anzen.metro.tokyo.lg.jp/kotsu/jitensha/seisaku-jyourei/churinjou","source_updated_at":"2026-04-02"},"geometry":{"type":"Point","coordinates":[139.48105,35.67104]}},{"type":"Feature","properties":{"id":"official-parking-tokyo-29001","name":"府中駅北自転車駐車場","municipality":"府中市","address":"東京都府中市寿町1-5-1","capacity":1563,"source_publisher":"東京都都民安全総合対策本部","source_title":"自転車駐輪場情報","source_url":"https://www.tomin-anzen.metro.tokyo.lg.jp/kotsu/jitensha/seisaku-jyourei/churinjou","source_updated_at":"2026-04-02"},"geometry":{"type":"Point","coordinates":[139.478667,35.67362]}},{"type":"Feature","properties":{"id":"official-parking-tokyo-29012","name":"府中駅北特別臨時自転車駐車場","municipality":"府中市","address":"東京都府中市府中町1-21-4","capacity":850,"source_publisher":"東京都都民安全総合対策本部","source_title":"自転車駐輪場情報","source_url":"https://www.tomin-anzen.metro.tokyo.lg.jp/kotsu/jitensha/seisaku-jyourei/churinjou","source_updated_at":"2026-04-02"},"geometry":{"type":"Point","coordinates":[139.481738,35.674954]}},{"type":"Feature","properties":{"id":"official-parking-tokyo-29035","name":"府中本町駅第１自転車駐車場","municipality":"府中市","address":"東京都府中市本町2-19","capacity":684,"source_publisher":"東京都都民安全総合対策本部","source_title":"自転車駐輪場情報","source_url":"https://www.tomin-anzen.metro.tokyo.lg.jp/kotsu/jitensha/seisaku-jyourei/churinjou","source_updated_at":"2026-04-02"},"geometry":{"type":"Point","coordinates":[139.4765937,35.6667499]}},{"type":"Feature","properties":{"id":"official-parking-tokyo-29036","name":"府中本町駅第２自転車駐車場","municipality":"府中市","address":"東京都府中市本町2-20ほか","capacity":212,"source_publisher":"東京都都民安全総合対策本部","source_title":"自転車駐輪場情報","source_url":"https://www.tomin-anzen.metro.tokyo.lg.jp/kotsu/jitensha/seisaku-jyourei/churinjou","source_updated_at":"2026-04-02"},"geometry":{"type":"Point","coordinates":[139.4766311,35.666285]}},{"type":"Feature","properties":{"id":"official-parking-tokyo-29007","name":"武蔵野台駅西臨時自転車駐車場","municipality":"府中市","address":"東京都府中市白糸台4-9-10","capacity":30,"source_publisher":"東京都都民安全総合対策本部","source_title":"自転車駐輪場情報","source_url":"https://www.tomin-anzen.metro.tokyo.lg.jp/kotsu/jitensha/seisaku-jyourei/churinjou","source_updated_at":"2026-04-02"},"geometry":{"type":"Point","coordinates":[139.50974,35.66444]}},{"type":"Feature","properties":{"id":"official-parking-tokyo-29053","name":"武蔵野台駅南口自転車駐車場","municipality":"府中市","address":"東京都府中市白糸台4-15-2","capacity":558,"source_publisher":"東京都都民安全総合対策本部","source_title":"自転車駐輪場情報","source_url":"https://www.tomin-anzen.metro.tokyo.lg.jp/kotsu/jitensha/seisaku-jyourei/churinjou","source_updated_at":"2026-04-02"},"geometry":{"type":"Point","coordinates":[139.51157,35.66376]}},{"type":"Feature","properties":{"id":"official-parking-tokyo-29054","name":"武蔵野台駅北口自転車駐車場","municipality":"府中市","address":"東京都府中市白糸台4-13-40","capacity":59,"source_publisher":"東京都都民安全総合対策本部","source_title":"自転車駐輪場情報","source_url":"https://www.tomin-anzen.metro.tokyo.lg.jp/kotsu/jitensha/seisaku-jyourei/churinjou","source_updated_at":"2026-04-02"},"geometry":{"type":"Point","coordinates":[139.51181,35.66414]}},{"type":"Feature","properties":{"id":"official-parking-tokyo-29022","name":"武蔵野台駅北第２自転車駐車場","municipality":"府中市","address":"東京都府中市白糸台3-50-1","capacity":554,"source_publisher":"東京都都民安全総合対策本部","source_title":"自転車駐輪場情報","source_url":"https://www.tomin-anzen.metro.tokyo.lg.jp/kotsu/jitensha/seisaku-jyourei/churinjou","source_updated_at":"2026-04-02"},"geometry":{"type":"Point","coordinates":[139.514471,35.6647978]}},{"type":"Feature","properties":{"id":"official-parking-tokyo-29006","name":"武蔵野台駅北東臨時自転車駐車場","municipality":"府中市","address":"東京都府中市白糸台5-3","capacity":470,"source_publisher":"東京都都民安全総合対策本部","source_title":"自転車駐輪場情報","source_url":"https://www.tomin-anzen.metro.tokyo.lg.jp/kotsu/jitensha/seisaku-jyourei/churinjou","source_updated_at":"2026-04-02"},"geometry":{"type":"Point","coordinates":[139.512527,35.664207]}},{"type":"Feature","properties":{"id":"official-parking-tokyo-29013","name":"分倍河原駅特別臨時自転車駐車場","municipality":"府中市","address":"東京都府中市片町1-8-10","capacity":250,"source_publisher":"東京都都民安全総合対策本部","source_title":"自転車駐輪場情報","source_url":"https://www.tomin-anzen.metro.tokyo.lg.jp/kotsu/jitensha/seisaku-jyourei/churinjou","source_updated_at":"2026-04-02"},"geometry":{"type":"Point","coordinates":[139.471481,35.671474]}},{"type":"Feature","properties":{"id":"official-parking-tokyo-29043","name":"分倍河原駅南自転車駐車場","municipality":"府中市","address":"東京都府中市片町2-37-18ほか","capacity":706,"source_publisher":"東京都都民安全総合対策本部","source_title":"自転車駐輪場情報","source_url":"https://www.tomin-anzen.metro.tokyo.lg.jp/kotsu/jitensha/seisaku-jyourei/churinjou","source_updated_at":"2026-04-02"},"geometry":{"type":"Point","coordinates":[139.46876,35.66819]}},{"type":"Feature","properties":{"id":"official-parking-tokyo-29014","name":"分倍河原駅南西特別臨時自転車駐車場","municipality":"府中市","address":"東京都府中市分梅町2-4-6","capacity":750,"source_publisher":"東京都都民安全総合対策本部","source_title":"自転車駐輪場情報","source_url":"https://www.tomin-anzen.metro.tokyo.lg.jp/kotsu/jitensha/seisaku-jyourei/churinjou","source_updated_at":"2026-04-02"},"geometry":{"type":"Point","coordinates":[139.467262,35.665904]}},{"type":"Feature","properties":{"id":"official-parking-tokyo-29044","name":"分倍河原駅南第２自転車駐車場","municipality":"府中市","address":"東京都府中市片町3-29外","capacity":259,"source_publisher":"東京都都民安全総合対策本部","source_title":"自転車駐輪場情報","source_url":"https://www.tomin-anzen.metro.tokyo.lg.jp/kotsu/jitensha/seisaku-jyourei/churinjou","source_updated_at":"2026-04-02"},"geometry":{"type":"Point","coordinates":[139.46904,35.66811]}},{"type":"Feature","properties":{"id":"official-parking-tokyo-29015","name":"分倍河原駅南特別臨時自転車駐車場","municipality":"府中市","address":"東京都府中市本町4-15-11","capacity":475,"source_publisher":"東京都都民安全総合対策本部","source_title":"自転車駐輪場情報","source_url":"https://www.tomin-anzen.metro.tokyo.lg.jp/kotsu/jitensha/seisaku-jyourei/churinjou","source_updated_at":"2026-04-02"},"geometry":{"type":"Point","coordinates":[139.470685,35.664754]}},{"type":"Feature","properties":{"id":"official-parking-tokyo-29045","name":"分倍河原駅北自転車駐車場","municipality":"府中市","address":"東京都府中市片町2-17-6","capacity":797,"source_publisher":"東京都都民安全総合対策本部","source_title":"自転車駐輪場情報","source_url":"https://www.tomin-anzen.metro.tokyo.lg.jp/kotsu/jitensha/seisaku-jyourei/churinjou","source_updated_at":"2026-04-02"},"geometry":{"type":"Point","coordinates":[139.46938,35.67075]}},{"type":"Feature","properties":{"id":"official-parking-tokyo-29046","name":"分倍河原駅北第２自転車駐車場","municipality":"府中市","address":"東京都府中市美好町3-2","capacity":741,"source_publisher":"東京都都民安全総合対策本部","source_title":"自転車駐輪場情報","source_url":"https://www.tomin-anzen.metro.tokyo.lg.jp/kotsu/jitensha/seisaku-jyourei/churinjou","source_updated_at":"2026-04-02"},"geometry":{"type":"Point","coordinates":[139.46893,35.67015]}},{"type":"Feature","properties":{"id":"official-parking-tokyo-29049","name":"北府中駅自転車駐車場","municipality":"府中市","address":"東京都府中市晴見町2-9-15","capacity":947,"source_publisher":"東京都都民安全総合対策本部","source_title":"自転車駐輪場情報","source_url":"https://www.tomin-anzen.metro.tokyo.lg.jp/kotsu/jitensha/seisaku-jyourei/churinjou","source_updated_at":"2026-04-02"},"geometry":{"type":"Point","coordinates":[139.47245,35.68024]}},{"type":"Feature","properties":{"id":"official-parking-tokyo-29017","name":"北府中駅特別臨時自転車駐車場","municipality":"府中市","address":"東京都府中市晴見2-24","capacity":160,"source_publisher":"東京都都民安全総合対策本部","source_title":"自転車駐輪場情報","source_url":"https://www.tomin-anzen.metro.tokyo.lg.jp/kotsu/jitensha/seisaku-jyourei/churinjou","source_updated_at":"2026-04-02"},"geometry":{"type":"Point","coordinates":[139.472959,35.678451]}},{"type":"Feature","properties":{"id":"official-parking-tokyo-44001","name":"学園自転車駐車場","municipality":"武蔵村山市","address":"東京都武蔵村山市学園3-41","capacity":200,"source_publisher":"東京都都民安全総合対策本部","source_title":"自転車駐輪場情報","source_url":"https://www.tomin-anzen.metro.tokyo.lg.jp/kotsu/jitensha/seisaku-jyourei/churinjou","source_updated_at":"2026-04-02"},"geometry":{"type":"Point","coordinates":[139.406379,35.746706]}},{"type":"Feature","properties":{"id":"official-parking-tokyo-44003","name":"峰自転車駐車場","municipality":"武蔵村山市","address":"東京都武蔵村山市三ツ木5-23","capacity":50,"source_publisher":"東京都都民安全総合対策本部","source_title":"自転車駐輪場情報","source_url":"https://www.tomin-anzen.metro.tokyo.lg.jp/kotsu/jitensha/seisaku-jyourei/churinjou","source_updated_at":"2026-04-02"},"geometry":{"type":"Point","coordinates":[139.377172,35.759322]}},{"type":"Feature","properties":{"id":"official-parking------132039Q00056","name":"AS吉祥寺南町駐輪場","municipality":"武蔵野市","capacity":1000,"source_publisher":"武蔵野市","source_title":"公営駐輪場一覧","source_url":"https://catalog.data.metro.tokyo.lg.jp/dataset/t132039d0000000008"},"geometry":{"type":"Point","coordinates":[139.583512,35.703679]}},{"type":"Feature","properties":{"id":"official-parking------132039Q00055","name":"アトレ吉祥寺御殿山駐輪場","municipality":"武蔵野市","capacity":1693,"source_publisher":"武蔵野市","source_title":"公営駐輪場一覧","source_url":"https://catalog.data.metro.tokyo.lg.jp/dataset/t132039d0000000008"},"geometry":{"type":"Point","coordinates":[139.574098,35.703432]}},{"type":"Feature","properties":{"id":"official-parking------132039Q00054","name":"サイクルタイムズ","municipality":"武蔵野市","capacity":179,"source_publisher":"武蔵野市","source_title":"公営駐輪場一覧","source_url":"https://catalog.data.metro.tokyo.lg.jp/dataset/t132039d0000000008"},"geometry":{"type":"Point","coordinates":[139.559667,35.703262]}},{"type":"Feature","properties":{"id":"official-parking------132039Q00038","name":"吉祥寺パーキングプラザ公共自転車駐車場","municipality":"武蔵野市","capacity":1271,"source_publisher":"武蔵野市","source_title":"公営駐輪場一覧","source_url":"https://catalog.data.metro.tokyo.lg.jp/dataset/t132039d0000000008"},"geometry":{"type":"Point","coordinates":[139.582239,35.705699]}},{"type":"Feature","properties":{"id":"official-parking------132039Q00002","name":"吉祥寺駅御殿山自転車駐車場","municipality":"武蔵野市","capacity":2061,"source_publisher":"武蔵野市","source_title":"公営駐輪場一覧","source_url":"https://catalog.data.metro.tokyo.lg.jp/dataset/t132039d0000000008"},"geometry":{"type":"Point","coordinates":[139.576223,35.702452]}},{"type":"Feature","properties":{"id":"official-parking------132039Q00003","name":"吉祥寺駅御殿山第２自転車駐車場","municipality":"武蔵野市","capacity":303,"source_publisher":"武蔵野市","source_title":"公営駐輪場一覧","source_url":"https://catalog.data.metro.tokyo.lg.jp/dataset/t132039d0000000008"},"geometry":{"type":"Point","coordinates":[139.577057,35.703484]}},{"type":"Feature","properties":{"id":"official-parking------132039Q00001","name":"吉祥寺駅御殿山第３自転車駐車場","municipality":"武蔵野市","capacity":325,"source_publisher":"武蔵野市","source_title":"公営駐輪場一覧","source_url":"https://catalog.data.metro.tokyo.lg.jp/dataset/t132039d0000000008"},"geometry":{"type":"Point","coordinates":[139.574102,35.702514]}},{"type":"Feature","properties":{"id":"official-parking------132039Q00006","name":"吉祥寺駅大正通り北自転車駐車場","municipality":"武蔵野市","capacity":460,"source_publisher":"武蔵野市","source_title":"公営駐輪場一覧","source_url":"https://catalog.data.metro.tokyo.lg.jp/dataset/t132039d0000000008"},"geometry":{"type":"Point","coordinates":[139.57816,35.706668]}},{"type":"Feature","properties":{"id":"official-parking------132039Q00040","name":"吉祥寺駅東暫定一時利用自転車駐車場","municipality":"武蔵野市","capacity":194,"source_publisher":"武蔵野市","source_title":"公営駐輪場一覧","source_url":"https://catalog.data.metro.tokyo.lg.jp/dataset/t132039d0000000008"},"geometry":{"type":"Point","coordinates":[139.581815,35.704302]}},{"type":"Feature","properties":{"id":"official-parking------132039Q00011","name":"吉祥寺駅東自転車駐車場","municipality":"武蔵野市","capacity":203,"source_publisher":"武蔵野市","source_title":"公営駐輪場一覧","source_url":"https://catalog.data.metro.tokyo.lg.jp/dataset/t132039d0000000008"},"geometry":{"type":"Point","coordinates":[139.582258,35.703807]}},{"type":"Feature","properties":{"id":"official-parking------132039Q00007","name":"吉祥寺駅北自転車駐車場","municipality":"武蔵野市","capacity":367,"source_publisher":"武蔵野市","source_title":"公営駐輪場一覧","source_url":"https://catalog.data.metro.tokyo.lg.jp/dataset/t132039d0000000008"},"geometry":{"type":"Point","coordinates":[139.579371,35.705976]}},{"type":"Feature","properties":{"id":"official-parking------132039Q00008","name":"吉祥寺大通り東自転車駐車場","municipality":"武蔵野市","capacity":698,"source_publisher":"武蔵野市","source_title":"公営駐輪場一覧","source_url":"https://catalog.data.metro.tokyo.lg.jp/dataset/t132039d0000000008"},"geometry":{"type":"Point","coordinates":[139.580761,35.704358]}},{"type":"Feature","properties":{"id":"official-parking------132039Q00010","name":"吉祥寺大通り東第３自転車駐車場","municipality":"武蔵野市","capacity":53,"source_publisher":"武蔵野市","source_title":"公営駐輪場一覧","source_url":"https://catalog.data.metro.tokyo.lg.jp/dataset/t132039d0000000008"},"geometry":{"type":"Point","coordinates":[139.581584,35.703615]}},{"type":"Feature","properties":{"id":"official-parking------132039Q00009","name":"吉祥寺大通り東第４自転車駐車場","municipality":"武蔵野市","capacity":118,"source_publisher":"武蔵野市","source_title":"公営駐輪場一覧","source_url":"https://catalog.data.metro.tokyo.lg.jp/dataset/t132039d0000000008"},"geometry":{"type":"Point","coordinates":[139.58095,35.703616]}},{"type":"Feature","properties":{"id":"official-parking------132039Q00037","name":"吉祥寺大通り北自転車駐車場","municipality":"武蔵野市","capacity":731,"source_publisher":"武蔵野市","source_title":"公営駐輪場一覧","source_url":"https://catalog.data.metro.tokyo.lg.jp/dataset/t132039d0000000008"},"geometry":{"type":"Point","coordinates":[139.582388,35.706645]}},{"type":"Feature","properties":{"id":"official-parking------132039Q00020","name":"三鷹駅中町バイク駐車場","municipality":"武蔵野市","capacity":83,"source_publisher":"武蔵野市","source_title":"公営駐輪場一覧","source_url":"https://catalog.data.metro.tokyo.lg.jp/dataset/t132039d0000000008"},"geometry":{"type":"Point","coordinates":[139.561866,35.703462]}},{"type":"Feature","properties":{"id":"official-parking------132039Q00018","name":"三鷹駅中町第１自転車駐車場","municipality":"武蔵野市","capacity":1514,"source_publisher":"武蔵野市","source_title":"公営駐輪場一覧","source_url":"https://catalog.data.metro.tokyo.lg.jp/dataset/t132039d0000000008"},"geometry":{"type":"Point","coordinates":[139.561397,35.704201]}},{"type":"Feature","properties":{"id":"official-parking------132039Q00019","name":"三鷹駅中町第２自転車駐車場","municipality":"武蔵野市","capacity":1775,"source_publisher":"武蔵野市","source_title":"公営駐輪場一覧","source_url":"https://catalog.data.metro.tokyo.lg.jp/dataset/t132039d0000000008"},"geometry":{"type":"Point","coordinates":[139.562523,35.704035]}},{"type":"Feature","properties":{"id":"official-parking------132039Q00043","name":"三鷹駅中町第３自転車駐車場","municipality":"武蔵野市","capacity":90,"source_publisher":"武蔵野市","source_title":"公営駐輪場一覧","source_url":"https://catalog.data.metro.tokyo.lg.jp/dataset/t132039d0000000008"},"geometry":{"type":"Point","coordinates":[139.563622,35.704213]}},{"type":"Feature","properties":{"id":"official-parking------132039Q00044","name":"三鷹駅中町第４自転車駐車場","municipality":"武蔵野市","capacity":88,"source_publisher":"武蔵野市","source_title":"公営駐輪場一覧","source_url":"https://catalog.data.metro.tokyo.lg.jp/dataset/t132039d0000000008"},"geometry":{"type":"Point","coordinates":[139.564455,35.703526]}},{"type":"Feature","properties":{"id":"official-parking------132039Q00017","name":"三鷹駅北口自転車駐車場","municipality":"武蔵野市","capacity":904,"source_publisher":"武蔵野市","source_title":"公営駐輪場一覧","source_url":"https://catalog.data.metro.tokyo.lg.jp/dataset/t132039d0000000008"},"geometry":{"type":"Point","coordinates":[139.559859,35.703892]}},{"type":"Feature","properties":{"id":"official-parking------132039Q00041","name":"三鷹駅北口第２自転車駐車場","municipality":"武蔵野市","capacity":320,"source_publisher":"武蔵野市","source_title":"公営駐輪場一覧","source_url":"https://catalog.data.metro.tokyo.lg.jp/dataset/t132039d0000000008"},"geometry":{"type":"Point","coordinates":[139.559447,35.704604]}},{"type":"Feature","properties":{"id":"official-parking------132039Q00016","name":"三鷹駅北口第３自転車駐車場","municipality":"武蔵野市","capacity":242,"source_publisher":"武蔵野市","source_title":"公営駐輪場一覧","source_url":"https://catalog.data.metro.tokyo.lg.jp/dataset/t132039d0000000008"},"geometry":{"type":"Point","coordinates":[139.558964,35.703507]}},{"type":"Feature","properties":{"id":"official-parking------132039Q00025","name":"三鷹市南口登録駐輪場","municipality":"武蔵野市","capacity":0,"source_publisher":"武蔵野市","source_title":"公営駐輪場一覧","source_url":"https://catalog.data.metro.tokyo.lg.jp/dataset/t132039d0000000008"},"geometry":{"type":"Point","coordinates":[139.558334,35.702402]}},{"type":"Feature","properties":{"id":"official-parking------132039Q00026","name":"三鷹市南口登録駐輪場","municipality":"武蔵野市","capacity":0,"source_publisher":"武蔵野市","source_title":"公営駐輪場一覧","source_url":"https://catalog.data.metro.tokyo.lg.jp/dataset/t132039d0000000008"},"geometry":{"type":"Point","coordinates":[139.559476,35.701815]}},{"type":"Feature","properties":{"id":"official-parking------132039Q00027","name":"三鷹市南口登録駐輪場","municipality":"武蔵野市","capacity":0,"source_publisher":"武蔵野市","source_title":"公営駐輪場一覧","source_url":"https://catalog.data.metro.tokyo.lg.jp/dataset/t132039d0000000008"},"geometry":{"type":"Point","coordinates":[139.560081,35.701525]}},{"type":"Feature","properties":{"id":"official-parking------132039Q00028","name":"三鷹市南口登録駐輪場","municipality":"武蔵野市","capacity":0,"source_publisher":"武蔵野市","source_title":"公営駐輪場一覧","source_url":"https://catalog.data.metro.tokyo.lg.jp/dataset/t132039d0000000008"},"geometry":{"type":"Point","coordinates":[139.55952,35.700497]}},{"type":"Feature","properties":{"id":"official-parking------132039Q00029","name":"三鷹市南口登録駐輪場","municipality":"武蔵野市","capacity":0,"source_publisher":"武蔵野市","source_title":"公営駐輪場一覧","source_url":"https://catalog.data.metro.tokyo.lg.jp/dataset/t132039d0000000008"},"geometry":{"type":"Point","coordinates":[139.56006,35.698939]}},{"type":"Feature","properties":{"id":"official-parking------132039Q00030","name":"三鷹市南口登録駐輪場","municipality":"武蔵野市","capacity":0,"source_publisher":"武蔵野市","source_title":"公営駐輪場一覧","source_url":"https://catalog.data.metro.tokyo.lg.jp/dataset/t132039d0000000008"},"geometry":{"type":"Point","coordinates":[139.561671,35.700017]}},{"type":"Feature","properties":{"id":"official-parking------132039Q00031","name":"三鷹市南口登録駐輪場","municipality":"武蔵野市","capacity":0,"source_publisher":"武蔵野市","source_title":"公営駐輪場一覧","source_url":"https://catalog.data.metro.tokyo.lg.jp/dataset/t132039d0000000008"},"geometry":{"type":"Point","coordinates":[139.562603,35.700044]}},{"type":"Feature","properties":{"id":"official-parking------132039Q00004","name":"西三条通り自転車駐車場","municipality":"武蔵野市","capacity":1515,"source_publisher":"武蔵野市","source_title":"公営駐輪場一覧","source_url":"https://catalog.data.metro.tokyo.lg.jp/dataset/t132039d0000000008"},"geometry":{"type":"Point","coordinates":[139.57667,35.704212]}},{"type":"Feature","properties":{"id":"official-parking------132039Q00005","name":"西三条通り第２自転車駐車場","municipality":"武蔵野市","capacity":273,"source_publisher":"武蔵野市","source_title":"公営駐輪場一覧","source_url":"https://catalog.data.metro.tokyo.lg.jp/dataset/t132039d0000000008"},"geometry":{"type":"Point","coordinates":[139.576256,35.704973]}},{"type":"Feature","properties":{"id":"official-parking------132039Q00053","name":"西武スマイルパーク武蔵境駅第３駐輪場","municipality":"武蔵野市","capacity":1435,"source_publisher":"武蔵野市","source_title":"公営駐輪場一覧","source_url":"https://catalog.data.metro.tokyo.lg.jp/dataset/t132039d0000000008"},"geometry":{"type":"Point","coordinates":[139.541044,35.701548]}},{"type":"Feature","properties":{"id":"official-parking------132039Q00047","name":"武蔵境駅みずき通り自転車駐車場","municipality":"武蔵野市","capacity":736,"source_publisher":"武蔵野市","source_title":"公営駐輪場一覧","source_url":"https://catalog.data.metro.tokyo.lg.jp/dataset/t132039d0000000008"},"geometry":{"type":"Point","coordinates":[139.545841,35.704808]}},{"type":"Feature","properties":{"id":"official-parking------132039Q00046","name":"武蔵境駅五宿東自転車駐車場","municipality":"武蔵野市","capacity":487,"source_publisher":"武蔵野市","source_title":"公営駐輪場一覧","source_url":"https://catalog.data.metro.tokyo.lg.jp/dataset/t132039d0000000008"},"geometry":{"type":"Point","coordinates":[139.547182,35.701739]}},{"type":"Feature","properties":{"id":"official-parking------132039Q00049","name":"武蔵境駅西高架下自転車駐車場","municipality":"武蔵野市","capacity":682,"source_publisher":"武蔵野市","source_title":"公営駐輪場一覧","source_url":"https://catalog.data.metro.tokyo.lg.jp/dataset/t132039d0000000008"},"geometry":{"type":"Point","coordinates":[139.539706,35.70224]}},{"type":"Feature","properties":{"id":"official-parking------132039Q00048","name":"武蔵境駅西中央高架下自転車駐車場","municipality":"武蔵野市","capacity":983,"source_publisher":"武蔵野市","source_title":"公営駐輪場一覧","source_url":"https://catalog.data.metro.tokyo.lg.jp/dataset/t132039d0000000008"},"geometry":{"type":"Point","coordinates":[139.541459,35.70233]}},{"type":"Feature","properties":{"id":"official-parking------132039Q00045","name":"武蔵境駅東高架下自転車駐車場","municipality":"武蔵野市","capacity":734,"source_publisher":"武蔵野市","source_title":"公営駐輪場一覧","source_url":"https://catalog.data.metro.tokyo.lg.jp/dataset/t132039d0000000008"},"geometry":{"type":"Point","coordinates":[139.547344,35.702565]}},{"type":"Feature","properties":{"id":"official-parking------132039Q00024","name":"武蔵境駅南自転車駐車場","municipality":"武蔵野市","capacity":1054,"source_publisher":"武蔵野市","source_title":"公営駐輪場一覧","source_url":"https://catalog.data.metro.tokyo.lg.jp/dataset/t132039d0000000008"},"geometry":{"type":"Point","coordinates":[139.544479,35.699008]}},{"type":"Feature","properties":{"id":"official-parking------132039Q00023","name":"武蔵境駅南第２自転車駐車場","municipality":"武蔵野市","capacity":985,"source_publisher":"武蔵野市","source_title":"公営駐輪場一覧","source_url":"https://catalog.data.metro.tokyo.lg.jp/dataset/t132039d0000000008"},"geometry":{"type":"Point","coordinates":[139.544552,35.699952]}},{"type":"Feature","properties":{"id":"official-parking------132039Q00022","name":"武蔵境駅北口一時利用自転車駐車場","municipality":"武蔵野市","capacity":134,"source_publisher":"武蔵野市","source_title":"公営駐輪場一覧","source_url":"https://catalog.data.metro.tokyo.lg.jp/dataset/t132039d0000000008"},"geometry":{"type":"Point","coordinates":[139.544038,35.70323]}},{"type":"Feature","properties":{"id":"official-parking------132039Q00042","name":"武蔵野タワーズ地下公共自転車駐車場","municipality":"武蔵野市","capacity":1500,"source_publisher":"武蔵野市","source_title":"公営駐輪場一覧","source_url":"https://catalog.data.metro.tokyo.lg.jp/dataset/t132039d0000000008"},"geometry":{"type":"Point","coordinates":[139.561996,35.705694]}},{"type":"Feature","properties":{"id":"official-parking------132039Q00021","name":"武蔵野市武蔵境駅北口第２自転車駐車場","municipality":"武蔵野市","capacity":1604,"source_publisher":"武蔵野市","source_title":"公営駐輪場一覧","source_url":"https://catalog.data.metro.tokyo.lg.jp/dataset/t132039d0000000008"},"geometry":{"type":"Point","coordinates":[139.542922,35.704214]}},{"type":"Feature","properties":{"id":"official-parking------132039Q00014","name":"末広通り自転車駐車場","municipality":"武蔵野市","capacity":1364,"source_publisher":"武蔵野市","source_title":"公営駐輪場一覧","source_url":"https://catalog.data.metro.tokyo.lg.jp/dataset/t132039d0000000008"},"geometry":{"type":"Point","coordinates":[139.582212,35.702028]}},{"type":"Feature","properties":{"id":"official-parking------132039Q00013","name":"末広通り第２自転車駐車場","municipality":"武蔵野市","capacity":92,"source_publisher":"武蔵野市","source_title":"公営駐輪場一覧","source_url":"https://catalog.data.metro.tokyo.lg.jp/dataset/t132039d0000000008"},"geometry":{"type":"Point","coordinates":[139.581717,35.702363]}},{"type":"Feature","properties":{"id":"official-parking------132039Q00015","name":"末広通り第３自転車駐車場","municipality":"武蔵野市","capacity":202,"source_publisher":"武蔵野市","source_title":"公営駐輪場一覧","source_url":"https://catalog.data.metro.tokyo.lg.jp/dataset/t132039d0000000008"},"geometry":{"type":"Point","coordinates":[139.583408,35.701694]}},{"type":"Feature","properties":{"id":"official-parking------132039Q00012","name":"末広通り第４自転車駐車場","municipality":"武蔵野市","capacity":303,"source_publisher":"武蔵野市","source_title":"公営駐輪場一覧","source_url":"https://catalog.data.metro.tokyo.lg.jp/dataset/t132039d0000000008"},"geometry":{"type":"Point","coordinates":[139.581912,35.702933]}},{"type":"Feature","properties":{"id":"official-parking-tokyo-39003","name":"牛浜駅西口自転車駐車場","municipality":"福生市","address":"東京都福生市牛浜58-1","capacity":392,"source_publisher":"東京都都民安全総合対策本部","source_title":"自転車駐輪場情報","source_url":"https://www.tomin-anzen.metro.tokyo.lg.jp/kotsu/jitensha/seisaku-jyourei/churinjou","source_updated_at":"2026-04-02"},"geometry":{"type":"Point","coordinates":[139.331507,35.734834]}},{"type":"Feature","properties":{"id":"official-parking-tokyo-39004","name":"牛浜駅東口自転車駐車場","municipality":"福生市","address":"東京都福生市牛浜148-4","capacity":463,"source_publisher":"東京都都民安全総合対策本部","source_title":"自転車駐輪場情報","source_url":"https://www.tomin-anzen.metro.tokyo.lg.jp/kotsu/jitensha/seisaku-jyourei/churinjou","source_updated_at":"2026-04-02"},"geometry":{"type":"Point","coordinates":[139.334887,35.734832]}},{"type":"Feature","properties":{"id":"official-parking-tokyo-39006","name":"熊川駅東自転車駐車場","municipality":"福生市","address":"東京都福生市熊川798-1","capacity":32,"source_publisher":"東京都都民安全総合対策本部","source_title":"自転車駐輪場情報","source_url":"https://www.tomin-anzen.metro.tokyo.lg.jp/kotsu/jitensha/seisaku-jyourei/churinjou","source_updated_at":"2026-04-02"},"geometry":{"type":"Point","coordinates":[139.3367,35.727959]}},{"type":"Feature","properties":{"id":"official-parking-tokyo-39008","name":"東福生駅西口自転車駐車場","municipality":"福生市","address":"東京都福生市福生2153-3","capacity":231,"source_publisher":"東京都都民安全総合対策本部","source_title":"自転車駐輪場情報","source_url":"https://www.tomin-anzen.metro.tokyo.lg.jp/kotsu/jitensha/seisaku-jyourei/churinjou","source_updated_at":"2026-04-02"},"geometry":{"type":"Point","coordinates":[139.335808,35.745746]}},{"type":"Feature","properties":{"id":"official-parking-tokyo-39007","name":"東福生駅東口自転車駐車場","municipality":"福生市","address":"東京都福生市福生2051-1","capacity":27,"source_publisher":"東京都都民安全総合対策本部","source_title":"自転車駐輪場情報","source_url":"https://www.tomin-anzen.metro.tokyo.lg.jp/kotsu/jitensha/seisaku-jyourei/churinjou","source_updated_at":"2026-04-02"},"geometry":{"type":"Point","coordinates":[139.336111,35.7459525]}},{"type":"Feature","properties":{"id":"official-parking-tokyo-39005","name":"拝島駅北口自転車駐車場","municipality":"福生市","address":"東京都福生市熊川1398-1","capacity":266,"source_publisher":"東京都都民安全総合対策本部","source_title":"自転車駐輪場情報","source_url":"https://www.tomin-anzen.metro.tokyo.lg.jp/kotsu/jitensha/seisaku-jyourei/churinjou","source_updated_at":"2026-04-02"},"geometry":{"type":"Point","coordinates":[139.343052,35.722674]}},{"type":"Feature","properties":{"id":"official-parking-tokyo-39001","name":"福生駅西口自転車駐車場","municipality":"福生市","address":"東京都福生市福生977-20","capacity":192,"source_publisher":"東京都都民安全総合対策本部","source_title":"自転車駐輪場情報","source_url":"https://www.tomin-anzen.metro.tokyo.lg.jp/kotsu/jitensha/seisaku-jyourei/churinjou","source_updated_at":"2026-04-02"},"geometry":{"type":"Point","coordinates":[139.325848,35.744797]}},{"type":"Feature","properties":{"id":"official-parking-tokyo-39002","name":"福生駅東口地下自転車駐車場","municipality":"福生市","address":"東京都福生市東町5-1","capacity":2091,"source_publisher":"東京都都民安全総合対策本部","source_title":"自転車駐輪場情報","source_url":"https://www.tomin-anzen.metro.tokyo.lg.jp/kotsu/jitensha/seisaku-jyourei/churinjou","source_updated_at":"2026-04-02"},"geometry":{"type":"Point","coordinates":[139.327894,35.74292]}},{"type":"Feature","properties":{"id":"official-parking-tokyo-5033","name":"シビックセンター幼児二人同乗用自転車駐車場","municipality":"文京区","address":"東京都文京区春日1-16-21","capacity":30,"source_publisher":"東京都都民安全総合対策本部","source_title":"自転車駐輪場情報","source_url":"https://www.tomin-anzen.metro.tokyo.lg.jp/kotsu/jitensha/seisaku-jyourei/churinjou","source_updated_at":"2026-04-02"},"geometry":{"type":"Point","coordinates":[139.75209,35.707662]}},{"type":"Feature","properties":{"id":"official-parking-tokyo-5034","name":"後楽園駅前自転車駐車場","municipality":"文京区","address":"東京都文京区春日1-15","capacity":47,"source_publisher":"東京都都民安全総合対策本部","source_title":"自転車駐輪場情報","source_url":"https://www.tomin-anzen.metro.tokyo.lg.jp/kotsu/jitensha/seisaku-jyourei/churinjou","source_updated_at":"2026-04-02"},"geometry":{"type":"Point","coordinates":[139.750662,35.708274]}},{"type":"Feature","properties":{"id":"official-parking-tokyo-5002","name":"後楽園自転車駐車場","municipality":"文京区","address":"東京都文京区春日1-15","capacity":212,"source_publisher":"東京都都民安全総合対策本部","source_title":"自転車駐輪場情報","source_url":"https://www.tomin-anzen.metro.tokyo.lg.jp/kotsu/jitensha/seisaku-jyourei/churinjou","source_updated_at":"2026-04-02"},"geometry":{"type":"Point","coordinates":[139.751705,35.707595]}},{"type":"Feature","properties":{"id":"official-parking-tokyo-5006","name":"護国寺駅西自転車駐車場","municipality":"文京区","address":"東京都文京区音羽2-12","capacity":96,"source_publisher":"東京都都民安全総合対策本部","source_title":"自転車駐輪場情報","source_url":"https://www.tomin-anzen.metro.tokyo.lg.jp/kotsu/jitensha/seisaku-jyourei/churinjou","source_updated_at":"2026-04-02"},"geometry":{"type":"Point","coordinates":[139.725312,35.719349]}},{"type":"Feature","properties":{"id":"official-parking-tokyo-5017","name":"江戸川橋A自転車駐車場","municipality":"文京区","address":"東京都文京区関口1-21-19","capacity":50,"source_publisher":"東京都都民安全総合対策本部","source_title":"自転車駐輪場情報","source_url":"https://www.tomin-anzen.metro.tokyo.lg.jp/kotsu/jitensha/seisaku-jyourei/churinjou","source_updated_at":"2026-04-02"},"geometry":{"type":"Point","coordinates":[139.733015,35.709648]}},{"type":"Feature","properties":{"id":"official-parking-tokyo-5018","name":"江戸川橋Ｂ自転車駐車場","municipality":"文京区","address":"東京都文京区関口1-19-6","capacity":210,"source_publisher":"東京都都民安全総合対策本部","source_title":"自転車駐輪場情報","source_url":"https://www.tomin-anzen.metro.tokyo.lg.jp/kotsu/jitensha/seisaku-jyourei/churinjou","source_updated_at":"2026-04-02"},"geometry":{"type":"Point","coordinates":[139.732739,35.710128]}},{"type":"Feature","properties":{"id":"official-parking-tokyo-5012","name":"江戸川橋交番横自転車駐車場","municipality":"文京区","address":"東京都文京区関口1-23-1","capacity":48,"source_publisher":"東京都都民安全総合対策本部","source_title":"自転車駐輪場情報","source_url":"https://www.tomin-anzen.metro.tokyo.lg.jp/kotsu/jitensha/seisaku-jyourei/churinjou","source_updated_at":"2026-04-02"},"geometry":{"type":"Point","coordinates":[139.731084,35.7103558]}},{"type":"Feature","properties":{"id":"official-parking-tokyo-5035","name":"江戸川橋新目白通り自転車駐車場","municipality":"文京区","address":"東京都文京区関口1-23","capacity":25,"source_publisher":"東京都都民安全総合対策本部","source_title":"自転車駐輪場情報","source_url":"https://www.tomin-anzen.metro.tokyo.lg.jp/kotsu/jitensha/seisaku-jyourei/churinjou","source_updated_at":"2026-04-02"},"geometry":{"type":"Point","coordinates":[139.7302,35.71013]}},{"type":"Feature","properties":{"id":"official-parking-tokyo-5019","name":"江戸川公園前自転車駐車場","municipality":"文京区","address":"東京都文京区関口2-2","capacity":60,"source_publisher":"東京都都民安全総合対策本部","source_title":"自転車駐輪場情報","source_url":"https://www.tomin-anzen.metro.tokyo.lg.jp/kotsu/jitensha/seisaku-jyourei/churinjou","source_updated_at":"2026-04-02"},"geometry":{"type":"Point","coordinates":[139.730869,35.711034]}},{"type":"Feature","properties":{"id":"official-parking-tokyo-5024","name":"根津一丁目自転車駐車場","municipality":"文京区","address":"東京都文京区根津1-17","capacity":40,"source_publisher":"東京都都民安全総合対策本部","source_title":"自転車駐輪場情報","source_url":"https://www.tomin-anzen.metro.tokyo.lg.jp/kotsu/jitensha/seisaku-jyourei/churinjou","source_updated_at":"2026-04-02"},"geometry":{"type":"Point","coordinates":[139.763654,35.718974]}},{"type":"Feature","properties":{"id":"official-parking-tokyo-5025","name":"根津二丁目自転車駐車場","municipality":"文京区","address":"東京都文京区根津2-12-7","capacity":20,"source_publisher":"東京都都民安全総合対策本部","source_title":"自転車駐輪場情報","source_url":"https://www.tomin-anzen.metro.tokyo.lg.jp/kotsu/jitensha/seisaku-jyourei/churinjou","source_updated_at":"2026-04-02"},"geometry":{"type":"Point","coordinates":[139.765507,35.718009]}},{"type":"Feature","properties":{"id":"official-parking-tokyo-5001","name":"春日自転車駐車場","municipality":"文京区","address":"東京都文京区春日1-16","capacity":263,"source_publisher":"東京都都民安全総合対策本部","source_title":"自転車駐輪場情報","source_url":"https://www.tomin-anzen.metro.tokyo.lg.jp/kotsu/jitensha/seisaku-jyourei/churinjou","source_updated_at":"2026-04-02"},"geometry":{"type":"Point","coordinates":[139.753432,35.708209]}},{"type":"Feature","properties":{"id":"official-parking-tokyo-5014","name":"水道橋A自転車駐車場","municipality":"文京区","address":"東京都文京区後楽1-1-18","capacity":80,"source_publisher":"東京都都民安全総合対策本部","source_title":"自転車駐輪場情報","source_url":"https://www.tomin-anzen.metro.tokyo.lg.jp/kotsu/jitensha/seisaku-jyourei/churinjou","source_updated_at":"2026-04-02"},"geometry":{"type":"Point","coordinates":[139.75513,35.702111]}},{"type":"Feature","properties":{"id":"official-parking-tokyo-5015","name":"水道橋B自転車駐車場","municipality":"文京区","address":"東京都文京区本郷1-3-9","capacity":80,"source_publisher":"東京都都民安全総合対策本部","source_title":"自転車駐輪場情報","source_url":"https://www.tomin-anzen.metro.tokyo.lg.jp/kotsu/jitensha/seisaku-jyourei/churinjou","source_updated_at":"2026-04-02"},"geometry":{"type":"Point","coordinates":[139.755575,35.702049]}},{"type":"Feature","properties":{"id":"official-parking-tokyo-5004","name":"千石西自転車駐車場","municipality":"文京区","address":"東京都文京区千石1-27-12","capacity":84,"source_publisher":"東京都都民安全総合対策本部","source_title":"自転車駐輪場情報","source_url":"https://www.tomin-anzen.metro.tokyo.lg.jp/kotsu/jitensha/seisaku-jyourei/churinjou","source_updated_at":"2026-04-02"},"geometry":{"type":"Point","coordinates":[139.744195,35.728181]}},{"type":"Feature","properties":{"id":"official-parking-tokyo-5003","name":"千石東自転車駐車場","municipality":"文京区","address":"東京都文京区本駒込2-29-17","capacity":11,"source_publisher":"東京都都民安全総合対策本部","source_title":"自転車駐輪場情報","source_url":"https://www.tomin-anzen.metro.tokyo.lg.jp/kotsu/jitensha/seisaku-jyourei/churinjou","source_updated_at":"2026-04-02"},"geometry":{"type":"Point","coordinates":[139.744849,35.728207]}},{"type":"Feature","properties":{"id":"official-parking-tokyo-5005","name":"千石南自転車駐車場","municipality":"文京区","address":"東京都文京区白山5-17-13","capacity":283,"source_publisher":"東京都都民安全総合対策本部","source_title":"自転車駐輪場情報","source_url":"https://www.tomin-anzen.metro.tokyo.lg.jp/kotsu/jitensha/seisaku-jyourei/churinjou","source_updated_at":"2026-04-02"},"geometry":{"type":"Point","coordinates":[139.746008,35.726979]}},{"type":"Feature","properties":{"id":"official-parking-tokyo-5037","name":"中央大学茗荷谷キャンパス内自転車駐車場","municipality":"文京区","address":"東京都文京区大塚1-4-1","capacity":158,"source_publisher":"東京都都民安全総合対策本部","source_title":"自転車駐輪場情報","source_url":"https://www.tomin-anzen.metro.tokyo.lg.jp/kotsu/jitensha/seisaku-jyourei/churinjou","source_updated_at":"2026-04-02"},"geometry":{"type":"Point","coordinates":[139.73598,35.717654]}},{"type":"Feature","properties":{"id":"official-parking-tokyo-5008","name":"東大前自転車駐車場","municipality":"文京区","address":"東京都文京区向丘2-2-1","capacity":115,"source_publisher":"東京都都民安全総合対策本部","source_title":"自転車駐輪場情報","source_url":"https://www.tomin-anzen.metro.tokyo.lg.jp/kotsu/jitensha/seisaku-jyourei/churinjou","source_updated_at":"2026-04-02"},"geometry":{"type":"Point","coordinates":[139.758708,35.7269155]}},{"type":"Feature","properties":{"id":"official-parking-tokyo-5016","name":"湯島自転車駐車場","municipality":"文京区","address":"東京都文京区湯島3-47","capacity":46,"source_publisher":"東京都都民安全総合対策本部","source_title":"自転車駐輪場情報","source_url":"https://www.tomin-anzen.metro.tokyo.lg.jp/kotsu/jitensha/seisaku-jyourei/churinjou","source_updated_at":"2026-04-02"},"geometry":{"type":"Point","coordinates":[139.7695,35.7083]}},{"type":"Feature","properties":{"id":"official-parking-tokyo-5031","name":"白山下自転車駐車場","municipality":"文京区","address":"東京都文京区白山5-1-3","capacity":70,"source_publisher":"東京都都民安全総合対策本部","source_title":"自転車駐輪場情報","source_url":"https://www.tomin-anzen.metro.tokyo.lg.jp/kotsu/jitensha/seisaku-jyourei/churinjou","source_updated_at":"2026-04-02"},"geometry":{"type":"Point","coordinates":[139.751012,35.719938]}},{"type":"Feature","properties":{"id":"official-parking-tokyo-5032","name":"白山京華自転車駐車場","municipality":"文京区","address":"東京都文京区白山5-1-9","capacity":70,"source_publisher":"東京都都民安全総合対策本部","source_title":"自転車駐輪場情報","source_url":"https://www.tomin-anzen.metro.tokyo.lg.jp/kotsu/jitensha/seisaku-jyourei/churinjou","source_updated_at":"2026-04-02"},"geometry":{"type":"Point","coordinates":[139.750084,35.720831]}},{"type":"Feature","properties":{"id":"official-parking-tokyo-5030","name":"白山上自転車駐車場","municipality":"文京区","address":"東京都文京区白山5-34-19","capacity":97,"source_publisher":"東京都都民安全総合対策本部","source_title":"自転車駐輪場情報","source_url":"https://www.tomin-anzen.metro.tokyo.lg.jp/kotsu/jitensha/seisaku-jyourei/churinjou","source_updated_at":"2026-04-02"},"geometry":{"type":"Point","coordinates":[139.752223,35.721746]}},{"type":"Feature","properties":{"id":"official-parking-tokyo-5023","name":"飯田橋自転車駐車場","municipality":"文京区","address":"東京都文京区後楽2-1-8","capacity":37,"source_publisher":"東京都都民安全総合対策本部","source_title":"自転車駐輪場情報","source_url":"https://www.tomin-anzen.metro.tokyo.lg.jp/kotsu/jitensha/seisaku-jyourei/churinjou","source_updated_at":"2026-04-02"},"geometry":{"type":"Point","coordinates":[139.745112,35.703275]}},{"type":"Feature","properties":{"id":"official-parking-tokyo-5036","name":"飯田橋臨時自転車駐車場","municipality":"文京区","address":"東京都文京区後楽1-10","capacity":73,"source_publisher":"東京都都民安全総合対策本部","source_title":"自転車駐輪場情報","source_url":"https://www.tomin-anzen.metro.tokyo.lg.jp/kotsu/jitensha/seisaku-jyourei/churinjou","source_updated_at":"2026-04-02"},"geometry":{"type":"Point","coordinates":[139.74555,35.70284]}},{"type":"Feature","properties":{"id":"official-parking-tokyo-5026","name":"本郷三丁目駅自転車駐車場","municipality":"文京区","address":"東京都文京区本郷2-39-1","capacity":55,"source_publisher":"東京都都民安全総合対策本部","source_title":"自転車駐輪場情報","source_url":"https://www.tomin-anzen.metro.tokyo.lg.jp/kotsu/jitensha/seisaku-jyourei/churinjou","source_updated_at":"2026-04-02"},"geometry":{"type":"Point","coordinates":[139.759819,35.706467]}},{"type":"Feature","properties":{"id":"official-parking-tokyo-5010","name":"本郷三丁目自転車駐車場","municipality":"文京区","address":"東京都文京区本郷3-36-8","capacity":106,"source_publisher":"東京都都民安全総合対策本部","source_title":"自転車駐輪場情報","source_url":"https://www.tomin-anzen.metro.tokyo.lg.jp/kotsu/jitensha/seisaku-jyourei/churinjou","source_updated_at":"2026-04-02"},"geometry":{"type":"Point","coordinates":[139.761304,35.707491]}},{"type":"Feature","properties":{"id":"official-parking-tokyo-5027","name":"本郷三丁目臨時自転車駐車場","municipality":"文京区","address":"東京都文京区本郷2-40-11","capacity":100,"source_publisher":"東京都都民安全総合対策本部","source_title":"自転車駐輪場情報","source_url":"https://www.tomin-anzen.metro.tokyo.lg.jp/kotsu/jitensha/seisaku-jyourei/churinjou","source_updated_at":"2026-04-02"},"geometry":{"type":"Point","coordinates":[139.760314,35.707351]}},{"type":"Feature","properties":{"id":"official-parking-tokyo-5028","name":"本駒込A自転車駐車場","municipality":"文京区","address":"東京都文京区向丘2-36-13","capacity":100,"source_publisher":"東京都都民安全総合対策本部","source_title":"自転車駐輪場情報","source_url":"https://www.tomin-anzen.metro.tokyo.lg.jp/kotsu/jitensha/seisaku-jyourei/churinjou","source_updated_at":"2026-04-02"},"geometry":{"type":"Point","coordinates":[139.753941,35.724491]}},{"type":"Feature","properties":{"id":"official-parking-tokyo-5029","name":"本駒込Ｂ自転車駐車場","municipality":"文京区","address":"東京都文京区本駒込1-6-15","capacity":15,"source_publisher":"東京都都民安全総合対策本部","source_title":"自転車駐輪場情報","source_url":"https://www.tomin-anzen.metro.tokyo.lg.jp/kotsu/jitensha/seisaku-jyourei/churinjou","source_updated_at":"2026-04-02"},"geometry":{"type":"Point","coordinates":[139.753628,35.724588]}},{"type":"Feature","properties":{"id":"official-parking-tokyo-5011","name":"礫川公園前自転車駐車場","municipality":"文京区","address":"東京都文京区春日1-15","capacity":64,"source_publisher":"東京都都民安全総合対策本部","source_title":"自転車駐輪場情報","source_url":"https://www.tomin-anzen.metro.tokyo.lg.jp/kotsu/jitensha/seisaku-jyourei/churinjou","source_updated_at":"2026-04-02"},"geometry":{"type":"Point","coordinates":[139.750662,35.708274]}},{"type":"Feature","properties":{"id":"official-parking-tokyo-5020","name":"茗荷谷A自転車駐車場","municipality":"文京区","address":"東京都文京区小石川5-5-7","capacity":80,"source_publisher":"東京都都民安全総合対策本部","source_title":"自転車駐輪場情報","source_url":"https://www.tomin-anzen.metro.tokyo.lg.jp/kotsu/jitensha/seisaku-jyourei/churinjou","source_updated_at":"2026-04-02"},"geometry":{"type":"Point","coordinates":[139.736748,35.718416]}},{"type":"Feature","properties":{"id":"official-parking-tokyo-5021","name":"茗荷谷Ｂ自転車駐車場","municipality":"文京区","address":"東京都文京区大塚3-30","capacity":90,"source_publisher":"東京都都民安全総合対策本部","source_title":"自転車駐輪場情報","source_url":"https://www.tomin-anzen.metro.tokyo.lg.jp/kotsu/jitensha/seisaku-jyourei/churinjou","source_updated_at":"2026-04-02"},"geometry":{"type":"Point","coordinates":[139.737497,35.719231]}},{"type":"Feature","properties":{"id":"official-parking-tokyo-5022","name":"茗荷谷駅自転車駐車場","municipality":"文京区","address":"東京都文京区小日向4-6-15","capacity":150,"source_publisher":"東京都都民安全総合対策本部","source_title":"自転車駐輪場情報","source_url":"https://www.tomin-anzen.metro.tokyo.lg.jp/kotsu/jitensha/seisaku-jyourei/churinjou","source_updated_at":"2026-04-02"},"geometry":{"type":"Point","coordinates":[139.737062,35.716951]}},{"type":"Feature","properties":{"id":"official-parking-tokyo-5007","name":"茗荷谷中央第一自転車駐車場","municipality":"文京区","address":"東京都文京区大塚1-4-15","capacity":46,"source_publisher":"東京都都民安全総合対策本部","source_title":"自転車駐輪場情報","source_url":"https://www.tomin-anzen.metro.tokyo.lg.jp/kotsu/jitensha/seisaku-jyourei/churinjou","source_updated_at":"2026-04-02"},"geometry":{"type":"Point","coordinates":[139.736175,35.717556]}},{"type":"Feature","properties":{"id":"official-parking-tokyo-5013","name":"茗荷谷中央第二自転車駐車場","municipality":"文京区","address":"東京都文京区大塚1-4-15","capacity":144,"source_publisher":"東京都都民安全総合対策本部","source_title":"自転車駐輪場情報","source_url":"https://www.tomin-anzen.metro.tokyo.lg.jp/kotsu/jitensha/seisaku-jyourei/churinjou","source_updated_at":"2026-04-02"},"geometry":{"type":"Point","coordinates":[139.736175,35.717556]}},{"type":"Feature","properties":{"id":"official-parking-tokyo-16042","name":"JR大塚南口ビル駐輪場","municipality":"豊島区","address":"東京都豊島区南大塚3-33-1","capacity":506,"source_publisher":"東京都都民安全総合対策本部","source_title":"自転車駐輪場情報","source_url":"https://www.tomin-anzen.metro.tokyo.lg.jp/kotsu/jitensha/seisaku-jyourei/churinjou","source_updated_at":"2026-04-02"},"geometry":{"type":"Point","coordinates":[139.729032,35.731368]}},{"type":"Feature","properties":{"id":"official-parking-tokyo-16062","name":"Parking in巣鴨駐輪場","municipality":"豊島区","address":"東京都豊島区巣鴨1-15-2","capacity":27,"source_publisher":"東京都都民安全総合対策本部","source_title":"自転車駐輪場情報","source_url":"https://www.tomin-anzen.metro.tokyo.lg.jp/kotsu/jitensha/seisaku-jyourei/churinjou","source_updated_at":"2026-04-02"},"geometry":{"type":"Point","coordinates":[139.74063,35.73339]}},{"type":"Feature","properties":{"id":"official-parking-tokyo-16033","name":"アトレヴィ巣鴨駐輪場","municipality":"豊島区","address":"東京都豊島区巣鴨2-7先","capacity":120,"source_publisher":"東京都都民安全総合対策本部","source_title":"自転車駐輪場情報","source_url":"https://www.tomin-anzen.metro.tokyo.lg.jp/kotsu/jitensha/seisaku-jyourei/churinjou","source_updated_at":"2026-04-02"},"geometry":{"type":"Point","coordinates":[139.740806,35.734127]}},{"type":"Feature","properties":{"id":"official-parking-tokyo-16038","name":"エコステーション２１アイテラス駐輪場","municipality":"豊島区","address":"東京都豊島区南長崎4-5-20","capacity":349,"source_publisher":"東京都都民安全総合対策本部","source_title":"自転車駐輪場情報","source_url":"https://www.tomin-anzen.metro.tokyo.lg.jp/kotsu/jitensha/seisaku-jyourei/churinjou","source_updated_at":"2026-04-02"},"geometry":{"type":"Point","coordinates":[139.683003,35.72388]}},{"type":"Feature","properties":{"id":"official-parking-tokyo-16052","name":"エコステーション２１東池袋３丁目駐輪場","municipality":"豊島区","address":"東京都豊島区東池袋3-3-5","capacity":35,"source_publisher":"東京都都民安全総合対策本部","source_title":"自転車駐輪場情報","source_url":"https://www.tomin-anzen.metro.tokyo.lg.jp/kotsu/jitensha/seisaku-jyourei/churinjou","source_updated_at":"2026-04-02"},"geometry":{"type":"Point","coordinates":[139.717291,35.7296539]}},{"type":"Feature","properties":{"id":"official-parking-tokyo-16053","name":"サイクルポート要町1","municipality":"豊島区","address":"東京都豊島区要町1-2-5","capacity":92,"source_publisher":"東京都都民安全総合対策本部","source_title":"自転車駐輪場情報","source_url":"https://www.tomin-anzen.metro.tokyo.lg.jp/kotsu/jitensha/seisaku-jyourei/churinjou","source_updated_at":"2026-04-02"},"geometry":{"type":"Point","coordinates":[139.697517,35.7330252]}},{"type":"Feature","properties":{"id":"official-parking-tokyo-16058","name":"パートナ駒込１丁目駐輪場","municipality":"豊島区","address":"東京都豊島区駒込1-44-12","capacity":54,"source_publisher":"東京都都民安全総合対策本部","source_title":"自転車駐輪場情報","source_url":"https://www.tomin-anzen.metro.tokyo.lg.jp/kotsu/jitensha/seisaku-jyourei/churinjou","source_updated_at":"2026-04-02"},"geometry":{"type":"Point","coordinates":[139.74626,35.73575]}},{"type":"Feature","properties":{"id":"official-parking-tokyo-16032","name":"プラザ駐輪場","municipality":"豊島区","address":"東京都豊島区西池袋1-11-1","capacity":1200,"source_publisher":"東京都都民安全総合対策本部","source_title":"自転車駐輪場情報","source_url":"https://www.tomin-anzen.metro.tokyo.lg.jp/kotsu/jitensha/seisaku-jyourei/churinjou","source_updated_at":"2026-04-02"},"geometry":{"type":"Point","coordinates":[139.709795,35.72822]}},{"type":"Feature","properties":{"id":"official-parking-tokyo-16034","name":"ライズシティ池袋駐輪場","municipality":"豊島区","address":"東京都豊島区東池袋4-5-2","capacity":134,"source_publisher":"東京都都民安全総合対策本部","source_title":"自転車駐輪場情報","source_url":"https://www.tomin-anzen.metro.tokyo.lg.jp/kotsu/jitensha/seisaku-jyourei/churinjou","source_updated_at":"2026-04-02"},"geometry":{"type":"Point","coordinates":[139.718431,35.726863]}},{"type":"Feature","properties":{"id":"official-parking-tokyo-16043","name":"リーベンパーク目白駐輪場","municipality":"豊島区","address":"東京都豊島区目白3-14","capacity":27,"source_publisher":"東京都都民安全総合対策本部","source_title":"自転車駐輪場情報","source_url":"https://www.tomin-anzen.metro.tokyo.lg.jp/kotsu/jitensha/seisaku-jyourei/churinjou","source_updated_at":"2026-04-02"},"geometry":{"type":"Point","coordinates":[139.706413,35.722179]}},{"type":"Feature","properties":{"id":"official-parking-tokyo-16063","name":"雑司が谷駅自転車駐車場","municipality":"豊島区","address":"東京都豊島区雑司が谷3-1-14","capacity":25,"source_publisher":"東京都都民安全総合対策本部","source_title":"自転車駐輪場情報","source_url":"https://www.tomin-anzen.metro.tokyo.lg.jp/kotsu/jitensha/seisaku-jyourei/churinjou","source_updated_at":"2026-04-02"},"geometry":{"type":"Point","coordinates":[139.71429,35.72011]}},{"type":"Feature","properties":{"id":"official-parking-tokyo-16041","name":"三井のリパーク・池袋駅東口駐輪場","municipality":"豊島区","address":"東京都豊島区東池袋1-14-3","capacity":80,"source_publisher":"東京都都民安全総合対策本部","source_title":"自転車駐輪場情報","source_url":"https://www.tomin-anzen.metro.tokyo.lg.jp/kotsu/jitensha/seisaku-jyourei/churinjou","source_updated_at":"2026-04-02"},"geometry":{"type":"Point","coordinates":[139.715251,35.730145]}},{"type":"Feature","properties":{"id":"official-parking-tokyo-16054","name":"三井のリパーク池袋東口駅前第２駐輪場","municipality":"豊島区","address":"東京都豊島区南池袋2-25-2","capacity":69,"source_publisher":"東京都都民安全総合対策本部","source_title":"自転車駐輪場情報","source_url":"https://www.tomin-anzen.metro.tokyo.lg.jp/kotsu/jitensha/seisaku-jyourei/churinjou","source_updated_at":"2026-04-02"},"geometry":{"type":"Point","coordinates":[139.713154,35.7275184]}},{"type":"Feature","properties":{"id":"official-parking-tokyo-16048","name":"三井のリパーク要町駅前駐輪場","municipality":"豊島区","address":"東京都豊島区千早1-20","capacity":54,"source_publisher":"東京都都民安全総合対策本部","source_title":"自転車駐輪場情報","source_url":"https://www.tomin-anzen.metro.tokyo.lg.jp/kotsu/jitensha/seisaku-jyourei/churinjou","source_updated_at":"2026-04-02"},"geometry":{"type":"Point","coordinates":[139.698192,35.732574]}},{"type":"Feature","properties":{"id":"official-parking-tokyo-16055","name":"西武スマイルパークダイヤゲート池袋駐輪場","municipality":"豊島区","address":"東京都豊島区南池袋1-16-15","capacity":67,"source_publisher":"東京都都民安全総合対策本部","source_title":"自転車駐輪場情報","source_url":"https://www.tomin-anzen.metro.tokyo.lg.jp/kotsu/jitensha/seisaku-jyourei/churinjou","source_updated_at":"2026-04-02"},"geometry":{"type":"Point","coordinates":[139.711101,35.7267328]}},{"type":"Feature","properties":{"id":"official-parking-tokyo-16036","name":"西武スマイルパーク東長崎駅南口駐輪場","municipality":"豊島区","address":"東京都豊島区南長崎5-33-12","capacity":250,"source_publisher":"東京都都民安全総合対策本部","source_title":"自転車駐輪場情報","source_url":"https://www.tomin-anzen.metro.tokyo.lg.jp/kotsu/jitensha/seisaku-jyourei/churinjou","source_updated_at":"2026-04-02"},"geometry":{"type":"Point","coordinates":[139.682578,35.73015]}},{"type":"Feature","properties":{"id":"official-parking-tokyo-16035","name":"西武スマイルパーク東長崎駅北口駐輪場","municipality":"豊島区","address":"東京都豊島区長崎5-1","capacity":320,"source_publisher":"東京都都民安全総合対策本部","source_title":"自転車駐輪場情報","source_url":"https://www.tomin-anzen.metro.tokyo.lg.jp/kotsu/jitensha/seisaku-jyourei/churinjou","source_updated_at":"2026-04-02"},"geometry":{"type":"Point","coordinates":[139.6835,35.730065]}},{"type":"Feature","properties":{"id":"official-parking-tokyo-16046","name":"池袋パルコ別館Ｐ’パルコ駐輪場","municipality":"豊島区","address":"東京都豊島区東池袋1-50-35","capacity":88,"source_publisher":"東京都都民安全総合対策本部","source_title":"自転車駐輪場情報","source_url":"https://www.tomin-anzen.metro.tokyo.lg.jp/kotsu/jitensha/seisaku-jyourei/churinjou","source_updated_at":"2026-04-02"},"geometry":{"type":"Point","coordinates":[139.712271,35.73141]}},{"type":"Feature","properties":{"id":"official-parking-tokyo-16037","name":"池袋北口A・B・C","municipality":"豊島区","address":"東京都豊島区西池袋1-30","capacity":130,"source_publisher":"東京都都民安全総合対策本部","source_title":"自転車駐輪場情報","source_url":"https://www.tomin-anzen.metro.tokyo.lg.jp/kotsu/jitensha/seisaku-jyourei/churinjou","source_updated_at":"2026-04-02"},"geometry":{"type":"Point","coordinates":[139.711803,35.732661]}},{"type":"Feature","properties":{"id":"official-parking-tokyo-16002","name":"豊島区立ウイロード自転車駐車場","municipality":"豊島区","address":"東京都豊島区南池袋1-28-2","capacity":156,"source_publisher":"東京都都民安全総合対策本部","source_title":"自転車駐輪場情報","source_url":"https://www.tomin-anzen.metro.tokyo.lg.jp/kotsu/jitensha/seisaku-jyourei/churinjou","source_updated_at":"2026-04-02"},"geometry":{"type":"Point","coordinates":[139.712217,35.731281]}},{"type":"Feature","properties":{"id":"official-parking-tokyo-16020","name":"豊島区立駒込駅北自転車駐車場","municipality":"豊島区","address":"東京都豊島区駒込2-2-2","capacity":668,"source_publisher":"東京都都民安全総合対策本部","source_title":"自転車駐輪場情報","source_url":"https://www.tomin-anzen.metro.tokyo.lg.jp/kotsu/jitensha/seisaku-jyourei/churinjou","source_updated_at":"2026-04-02"},"geometry":{"type":"Point","coordinates":[139.746748,35.736897]}},{"type":"Feature","properties":{"id":"official-parking-tokyo-16049","name":"豊島区立新庚申塚路上自転車駐車場","municipality":"豊島区","address":"東京都豊島区西巣鴨3-15先","capacity":38,"source_publisher":"東京都都民安全総合対策本部","source_title":"自転車駐輪場情報","source_url":"https://www.tomin-anzen.metro.tokyo.lg.jp/kotsu/jitensha/seisaku-jyourei/churinjou","source_updated_at":"2026-04-02"},"geometry":{"type":"Point","coordinates":[139.730203,35.7417273]}},{"type":"Feature","properties":{"id":"official-parking-tokyo-16040","name":"豊島区立新大塚駅路上自転車駐車場","municipality":"豊島区","address":"東京都豊島区南大塚2-8先","capacity":146,"source_publisher":"東京都都民安全総合対策本部","source_title":"自転車駐輪場情報","source_url":"https://www.tomin-anzen.metro.tokyo.lg.jp/kotsu/jitensha/seisaku-jyourei/churinjou","source_updated_at":"2026-04-02"},"geometry":{"type":"Point","coordinates":[139.731385,35.724871]}},{"type":"Feature","properties":{"id":"official-parking-tokyo-16021","name":"豊島区立西巣鴨駅自転車駐車場","municipality":"豊島区","address":"東京都豊島区西巣鴨3-26-1-213","capacity":200,"source_publisher":"東京都都民安全総合対策本部","source_title":"自転車駐輪場情報","source_url":"https://www.tomin-anzen.metro.tokyo.lg.jp/kotsu/jitensha/seisaku-jyourei/churinjou","source_updated_at":"2026-04-02"},"geometry":{"type":"Point","coordinates":[139.727713,35.743743]}},{"type":"Feature","properties":{"id":"official-parking-tokyo-16028","name":"豊島区立千川駅西自転車駐車場","municipality":"豊島区","address":"東京都豊島区要町3-22-11","capacity":200,"source_publisher":"東京都都民安全総合対策本部","source_title":"自転車駐輪場情報","source_url":"https://www.tomin-anzen.metro.tokyo.lg.jp/kotsu/jitensha/seisaku-jyourei/churinjou","source_updated_at":"2026-04-02"},"geometry":{"type":"Point","coordinates":[139.688481,35.738664]}},{"type":"Feature","properties":{"id":"official-parking-tokyo-16025","name":"豊島区立千川駅南自転車駐車場","municipality":"豊島区","address":"東京都豊島区要町3-9-16","capacity":220,"source_publisher":"東京都都民安全総合対策本部","source_title":"自転車駐輪場情報","source_url":"https://www.tomin-anzen.metro.tokyo.lg.jp/kotsu/jitensha/seisaku-jyourei/churinjou","source_updated_at":"2026-04-02"},"geometry":{"type":"Point","coordinates":[139.689815,35.737552]}},{"type":"Feature","properties":{"id":"official-parking-tokyo-16026","name":"豊島区立千川駅北第一自転車駐車場","municipality":"豊島区","address":"東京都豊島区要町3-44-8","capacity":510,"source_publisher":"東京都都民安全総合対策本部","source_title":"自転車駐輪場情報","source_url":"https://www.tomin-anzen.metro.tokyo.lg.jp/kotsu/jitensha/seisaku-jyourei/churinjou","source_updated_at":"2026-04-02"},"geometry":{"type":"Point","coordinates":[139.688641,35.739128]}},{"type":"Feature","properties":{"id":"official-parking-tokyo-16027","name":"豊島区立千川駅北第二自転車駐車場","municipality":"豊島区","address":"東京都豊島区要町3-55","capacity":290,"source_publisher":"東京都都民安全総合対策本部","source_title":"自転車駐輪場情報","source_url":"https://www.tomin-anzen.metro.tokyo.lg.jp/kotsu/jitensha/seisaku-jyourei/churinjou","source_updated_at":"2026-04-02"},"geometry":{"type":"Point","coordinates":[139.688248,35.740599]}},{"type":"Feature","properties":{"id":"official-parking-tokyo-16029","name":"豊島区立千川駅路上自転車駐車場","municipality":"豊島区","address":"東京都豊島区要町3-10先","capacity":427,"source_publisher":"東京都都民安全総合対策本部","source_title":"自転車駐輪場情報","source_url":"https://www.tomin-anzen.metro.tokyo.lg.jp/kotsu/jitensha/seisaku-jyourei/churinjou","source_updated_at":"2026-04-02"},"geometry":{"type":"Point","coordinates":[139.689985,35.737658]}},{"type":"Feature","properties":{"id":"official-parking-tokyo-16015","name":"豊島区立千登世橋自転車駐車場","municipality":"豊島区","address":"東京都豊島区雑司が谷3-1-7","capacity":50,"source_publisher":"東京都都民安全総合対策本部","source_title":"自転車駐輪場情報","source_url":"https://www.tomin-anzen.metro.tokyo.lg.jp/kotsu/jitensha/seisaku-jyourei/churinjou","source_updated_at":"2026-04-02"},"geometry":{"type":"Point","coordinates":[139.714147,35.719608]}},{"type":"Feature","properties":{"id":"official-parking-tokyo-16017","name":"豊島区立巣鴨駅第三自転車駐車場","municipality":"豊島区","address":"東京都豊島区巣鴨2-9-23","capacity":140,"source_publisher":"東京都都民安全総合対策本部","source_title":"自転車駐輪場情報","source_url":"https://www.tomin-anzen.metro.tokyo.lg.jp/kotsu/jitensha/seisaku-jyourei/churinjou","source_updated_at":"2026-04-02"},"geometry":{"type":"Point","coordinates":[139.739015,35.735039]}},{"type":"Feature","properties":{"id":"official-parking-tokyo-16018","name":"豊島区立巣鴨駅南自転車駐車場","municipality":"豊島区","address":"東京都豊島区巣鴨1-13-8","capacity":240,"source_publisher":"東京都都民安全総合対策本部","source_title":"自転車駐輪場情報","source_url":"https://www.tomin-anzen.metro.tokyo.lg.jp/kotsu/jitensha/seisaku-jyourei/churinjou","source_updated_at":"2026-04-02"},"geometry":{"type":"Point","coordinates":[139.740268,35.733003]}},{"type":"Feature","properties":{"id":"official-parking-tokyo-16019","name":"豊島区立巣鴨駅北口白山通り自転車駐車場","municipality":"豊島区","address":"東京都豊島区巣鴨2-9先","capacity":211,"source_publisher":"東京都都民安全総合対策本部","source_title":"自転車駐輪場情報","source_url":"https://www.tomin-anzen.metro.tokyo.lg.jp/kotsu/jitensha/seisaku-jyourei/churinjou","source_updated_at":"2026-04-02"},"geometry":{"type":"Point","coordinates":[139.737615,35.734482]}},{"type":"Feature","properties":{"id":"official-parking-tokyo-16016","name":"豊島区立巣鴨駅北自転車駐車場","municipality":"豊島区","address":"東京都豊島区巣鴨2-7-11","capacity":882,"source_publisher":"東京都都民安全総合対策本部","source_title":"自転車駐輪場情報","source_url":"https://www.tomin-anzen.metro.tokyo.lg.jp/kotsu/jitensha/seisaku-jyourei/churinjou","source_updated_at":"2026-04-02"},"geometry":{"type":"Point","coordinates":[139.739501,35.7349]}},{"type":"Feature","properties":{"id":"official-parking-tokyo-16051","name":"豊島区立大塚駅南自転車駐車場","municipality":"豊島区","address":"東京都豊島区南大塚3-33-3","capacity":700,"source_publisher":"東京都都民安全総合対策本部","source_title":"自転車駐輪場情報","source_url":"https://www.tomin-anzen.metro.tokyo.lg.jp/kotsu/jitensha/seisaku-jyourei/churinjou","source_updated_at":"2026-04-02"},"geometry":{"type":"Point","coordinates":[139.728525,35.7311528]}},{"type":"Feature","properties":{"id":"official-parking-tokyo-16010","name":"豊島区立大塚駅北口第三自転車駐車場","municipality":"豊島区","address":"東京都豊島区北大塚2-4先","capacity":90,"source_publisher":"東京都都民安全総合対策本部","source_title":"自転車駐輪場情報","source_url":"https://www.tomin-anzen.metro.tokyo.lg.jp/kotsu/jitensha/seisaku-jyourei/churinjou","source_updated_at":"2026-04-02"},"geometry":{"type":"Point","coordinates":[139.726243,35.732975]}},{"type":"Feature","properties":{"id":"official-parking-tokyo-16011","name":"豊島区立大塚駅北口第四自転車駐車場","municipality":"豊島区","address":"東京都豊島区南大塚3-33-4","capacity":140,"source_publisher":"東京都都民安全総合対策本部","source_title":"自転車駐輪場情報","source_url":"https://www.tomin-anzen.metro.tokyo.lg.jp/kotsu/jitensha/seisaku-jyourei/churinjou","source_updated_at":"2026-04-02"},"geometry":{"type":"Point","coordinates":[139.728023,35.731967]}},{"type":"Feature","properties":{"id":"official-parking-tokyo-16009","name":"豊島区立大塚駅北口第二自転車駐車場","municipality":"豊島区","address":"東京都豊島区北大塚2-6先","capacity":286,"source_publisher":"東京都都民安全総合対策本部","source_title":"自転車駐輪場情報","source_url":"https://www.tomin-anzen.metro.tokyo.lg.jp/kotsu/jitensha/seisaku-jyourei/churinjou","source_updated_at":"2026-04-02"},"geometry":{"type":"Point","coordinates":[139.72688,35.732566]}},{"type":"Feature","properties":{"id":"official-parking-tokyo-16007","name":"豊島区立大塚駅北口路上自転車駐車場","municipality":"豊島区","address":"東京都豊島区北大塚2-14先","capacity":100,"source_publisher":"東京都都民安全総合対策本部","source_title":"自転車駐輪場情報","source_url":"https://www.tomin-anzen.metro.tokyo.lg.jp/kotsu/jitensha/seisaku-jyourei/churinjou","source_updated_at":"2026-04-02"},"geometry":{"type":"Point","coordinates":[139.729687,35.7319676]}},{"type":"Feature","properties":{"id":"official-parking-tokyo-16006","name":"豊島区立池袋駅西自転車駐車場","municipality":"豊島区","address":"東京都豊島区西池袋3-20-1","capacity":730,"source_publisher":"東京都都民安全総合対策本部","source_title":"自転車駐輪場情報","source_url":"https://www.tomin-anzen.metro.tokyo.lg.jp/kotsu/jitensha/seisaku-jyourei/churinjou","source_updated_at":"2026-04-02"},"geometry":{"type":"Point","coordinates":[139.705999,35.730283]}},{"type":"Feature","properties":{"id":"official-parking-tokyo-16050","name":"豊島区立池袋駅西第二自転車駐車場","municipality":"豊島区","address":"東京都豊島区西池袋1-8-1","capacity":140,"source_publisher":"東京都都民安全総合対策本部","source_title":"自転車駐輪場情報","source_url":"https://www.tomin-anzen.metro.tokyo.lg.jp/kotsu/jitensha/seisaku-jyourei/churinjou","source_updated_at":"2026-04-02"},"geometry":{"type":"Point","coordinates":[139.708225,35.7292371]}},{"type":"Feature","properties":{"id":"official-parking-tokyo-16001","name":"豊島区立池袋駅東自転車駐車場","municipality":"豊島区","address":"東京都豊島区東池袋1-50-23","capacity":450,"source_publisher":"東京都都民安全総合対策本部","source_title":"自転車駐輪場情報","source_url":"https://www.tomin-anzen.metro.tokyo.lg.jp/kotsu/jitensha/seisaku-jyourei/churinjou","source_updated_at":"2026-04-02"},"geometry":{"type":"Point","coordinates":[139.712644,35.73222]}},{"type":"Feature","properties":{"id":"official-parking-tokyo-16039","name":"豊島区立池袋駅東第二自転車駐車場","municipality":"豊島区","address":"東京都豊島区東池袋1-50先","capacity":200,"source_publisher":"東京都都民安全総合対策本部","source_title":"自転車駐輪場情報","source_url":"https://www.tomin-anzen.metro.tokyo.lg.jp/kotsu/jitensha/seisaku-jyourei/churinjou","source_updated_at":"2026-04-02"},"geometry":{"type":"Point","coordinates":[139.713036,35.732858]}},{"type":"Feature","properties":{"id":"official-parking-tokyo-16044","name":"豊島区立池袋駅南自転車駐車場","municipality":"豊島区","address":"東京都豊島区南池袋2-21-6","capacity":632,"source_publisher":"東京都都民安全総合対策本部","source_title":"自転車駐輪場情報","source_url":"https://www.tomin-anzen.metro.tokyo.lg.jp/kotsu/jitensha/seisaku-jyourei/churinjou","source_updated_at":"2026-04-02"},"geometry":{"type":"Point","coordinates":[139.713655,35.727349]}},{"type":"Feature","properties":{"id":"official-parking-tokyo-16004","name":"豊島区立池袋駅北自転車駐車場","municipality":"豊島区","address":"東京都豊島区池袋1-4-20","capacity":274,"source_publisher":"東京都都民安全総合対策本部","source_title":"自転車駐輪場情報","source_url":"https://www.tomin-anzen.metro.tokyo.lg.jp/kotsu/jitensha/seisaku-jyourei/churinjou","source_updated_at":"2026-04-02"},"geometry":{"type":"Point","coordinates":[139.712589,35.732125]}},{"type":"Feature","properties":{"id":"official-parking-tokyo-16005","name":"豊島区立池袋駅北第二自転車駐車場","municipality":"豊島区","address":"東京都豊島区池袋1-4-20先","capacity":80,"source_publisher":"東京都都民安全総合対策本部","source_title":"自転車駐輪場情報","source_url":"https://www.tomin-anzen.metro.tokyo.lg.jp/kotsu/jitensha/seisaku-jyourei/churinjou","source_updated_at":"2026-04-02"},"geometry":{"type":"Point","coordinates":[139.7122,35.731377]}},{"type":"Feature","properties":{"id":"official-parking-tokyo-16003","name":"豊島区立池袋六ツ又陸橋自転車駐車場","municipality":"豊島区","address":"東京都豊島区東池袋3-8先","capacity":45,"source_publisher":"東京都都民安全総合対策本部","source_title":"自転車駐輪場情報","source_url":"https://www.tomin-anzen.metro.tokyo.lg.jp/kotsu/jitensha/seisaku-jyourei/churinjou","source_updated_at":"2026-04-02"},"geometry":{"type":"Point","coordinates":[139.717652,35.732984]}},{"type":"Feature","properties":{"id":"official-parking-tokyo-16030","name":"豊島区立椎名橋自転車駐車場","municipality":"豊島区","address":"東京都豊島区長崎1-9-30","capacity":670,"source_publisher":"東京都都民安全総合対策本部","source_title":"自転車駐輪場情報","source_url":"https://www.tomin-anzen.metro.tokyo.lg.jp/kotsu/jitensha/seisaku-jyourei/churinjou","source_updated_at":"2026-04-02"},"geometry":{"type":"Point","coordinates":[139.695631,35.726576]}},{"type":"Feature","properties":{"id":"official-parking-tokyo-16031","name":"豊島区立南長崎自転車駐車場","municipality":"豊島区","address":"東京都豊島区南長崎4-13-5","capacity":270,"source_publisher":"東京都都民安全総合対策本部","source_title":"自転車駐輪場情報","source_url":"https://www.tomin-anzen.metro.tokyo.lg.jp/kotsu/jitensha/seisaku-jyourei/churinjou","source_updated_at":"2026-04-02"},"geometry":{"type":"Point","coordinates":[139.683156,35.724264]}},{"type":"Feature","properties":{"id":"official-parking-tokyo-16014","name":"豊島区立目白駅西自転車駐車場","municipality":"豊島区","address":"東京都豊島区目白3-4-3","capacity":140,"source_publisher":"東京都都民安全総合対策本部","source_title":"自転車駐輪場情報","source_url":"https://www.tomin-anzen.metro.tokyo.lg.jp/kotsu/jitensha/seisaku-jyourei/churinjou","source_updated_at":"2026-04-02"},"geometry":{"type":"Point","coordinates":[139.705843,35.721508]}},{"type":"Feature","properties":{"id":"official-parking-tokyo-16012","name":"豊島区立目白駅東自転車駐車場","municipality":"豊島区","address":"東京都豊島区目白1-4-1","capacity":800,"source_publisher":"東京都都民安全総合対策本部","source_title":"自転車駐輪場情報","source_url":"https://www.tomin-anzen.metro.tokyo.lg.jp/kotsu/jitensha/seisaku-jyourei/churinjou","source_updated_at":"2026-04-02"},"geometry":{"type":"Point","coordinates":[139.706984,35.721315]}},{"type":"Feature","properties":{"id":"official-parking-tokyo-16013","name":"豊島区立目白駅北自転車駐車場","municipality":"豊島区","address":"東京都豊島区目白3-16","capacity":280,"source_publisher":"東京都都民安全総合対策本部","source_title":"自転車駐輪場情報","source_url":"https://www.tomin-anzen.metro.tokyo.lg.jp/kotsu/jitensha/seisaku-jyourei/churinjou","source_updated_at":"2026-04-02"},"geometry":{"type":"Point","coordinates":[139.706671,35.723144]}},{"type":"Feature","properties":{"id":"official-parking-tokyo-16022","name":"豊島区立要町駅南自転車駐車場","municipality":"豊島区","address":"東京都豊島区要町1-4-11","capacity":300,"source_publisher":"東京都都民安全総合対策本部","source_title":"自転車駐輪場情報","source_url":"https://www.tomin-anzen.metro.tokyo.lg.jp/kotsu/jitensha/seisaku-jyourei/churinjou","source_updated_at":"2026-04-02"},"geometry":{"type":"Point","coordinates":[139.696715,35.733251]}},{"type":"Feature","properties":{"id":"official-parking-tokyo-16023","name":"豊島区立要町駅北自転車駐車場","municipality":"豊島区","address":"東京都豊島区要町1-10-8","capacity":200,"source_publisher":"東京都都民安全総合対策本部","source_title":"自転車駐輪場情報","source_url":"https://www.tomin-anzen.metro.tokyo.lg.jp/kotsu/jitensha/seisaku-jyourei/churinjou","source_updated_at":"2026-04-02"},"geometry":{"type":"Point","coordinates":[139.698568,35.733824]}},{"type":"Feature","properties":{"id":"official-parking-tokyo-16024","name":"豊島区立要町駅路上自転車駐車場","municipality":"豊島区","address":"東京都豊島区要町1-1先","capacity":388,"source_publisher":"東京都都民安全総合対策本部","source_title":"自転車駐輪場情報","source_url":"https://www.tomin-anzen.metro.tokyo.lg.jp/kotsu/jitensha/seisaku-jyourei/churinjou","source_updated_at":"2026-04-02"},"geometry":{"type":"Point","coordinates":[139.698624,35.733144]}},{"type":"Feature","properties":{"id":"official-parking-tokyo-17022","name":"栄町自転車駐車場","municipality":"北区","address":"東京都北区栄町40-4先","capacity":332,"source_publisher":"東京都都民安全総合対策本部","source_title":"自転車駐輪場情報","source_url":"https://www.tomin-anzen.metro.tokyo.lg.jp/kotsu/jitensha/seisaku-jyourei/churinjou","source_updated_at":"2026-04-02"},"geometry":{"type":"Point","coordinates":[139.740582,35.750807]}},{"type":"Feature","properties":{"id":"official-parking-tokyo-17021","name":"王子駅南口自転車駐車場","municipality":"北区","address":"東京都北区王子1-3-40先外","capacity":1596,"source_publisher":"東京都都民安全総合対策本部","source_title":"自転車駐輪場情報","source_url":"https://www.tomin-anzen.metro.tokyo.lg.jp/kotsu/jitensha/seisaku-jyourei/churinjou","source_updated_at":"2026-04-02"},"geometry":{"type":"Point","coordinates":[139.738817,35.752085]}},{"type":"Feature","properties":{"id":"official-parking-tokyo-17020","name":"王子駅北口自転車駐車場","municipality":"北区","address":"東京都北区王子1-11-1先","capacity":630,"source_publisher":"東京都都民安全総合対策本部","source_title":"自転車駐輪場情報","source_url":"https://www.tomin-anzen.metro.tokyo.lg.jp/kotsu/jitensha/seisaku-jyourei/churinjou","source_updated_at":"2026-04-02"},"geometry":{"type":"Point","coordinates":[139.736513,35.754632]}},{"type":"Feature","properties":{"id":"official-parking-tokyo-17038","name":"王子駅明治通り自転車駐車場","municipality":"北区","address":"東京都北区王子1-6先外","capacity":75,"source_publisher":"東京都都民安全総合対策本部","source_title":"自転車駐輪場情報","source_url":"https://www.tomin-anzen.metro.tokyo.lg.jp/kotsu/jitensha/seisaku-jyourei/churinjou","source_updated_at":"2026-04-02"},"geometry":{"type":"Point","coordinates":[139.742268,35.7559671]}},{"type":"Feature","properties":{"id":"official-parking-tokyo-17033","name":"王子神谷駅前自転車駐車場","municipality":"北区","address":"東京都北区王子5-20-3-B101","capacity":160,"source_publisher":"東京都都民安全総合対策本部","source_title":"自転車駐輪場情報","source_url":"https://www.tomin-anzen.metro.tokyo.lg.jp/kotsu/jitensha/seisaku-jyourei/churinjou","source_updated_at":"2026-04-02"},"geometry":{"type":"Point","coordinates":[139.735813,35.765893]}},{"type":"Feature","properties":{"id":"official-parking-tokyo-17034","name":"王子神谷駅北自転車駐車場","municipality":"北区","address":"東京都北区王子5-29-4","capacity":994,"source_publisher":"東京都都民安全総合対策本部","source_title":"自転車駐輪場情報","source_url":"https://www.tomin-anzen.metro.tokyo.lg.jp/kotsu/jitensha/seisaku-jyourei/churinjou","source_updated_at":"2026-04-02"},"geometry":{"type":"Point","coordinates":[139.735762,35.766807]}},{"type":"Feature","properties":{"id":"official-parking-tokyo-17023","name":"音無親水公園自転車駐車場","municipality":"北区","address":"東京都北区王子本町1-1-1先","capacity":123,"source_publisher":"東京都都民安全総合対策本部","source_title":"自転車駐輪場情報","source_url":"https://www.tomin-anzen.metro.tokyo.lg.jp/kotsu/jitensha/seisaku-jyourei/churinjou","source_updated_at":"2026-04-02"},"geometry":{"type":"Point","coordinates":[139.735923,35.752472]}},{"type":"Feature","properties":{"id":"official-parking-tokyo-17029","name":"駒込駅前指定自転車置場","municipality":"北区","address":"東京都北区中里1-7先外","capacity":700,"source_publisher":"東京都都民安全総合対策本部","source_title":"自転車駐輪場情報","source_url":"https://www.tomin-anzen.metro.tokyo.lg.jp/kotsu/jitensha/seisaku-jyourei/churinjou","source_updated_at":"2026-04-02"},"geometry":{"type":"Point","coordinates":[139.749278,35.737325]}},{"type":"Feature","properties":{"id":"official-parking-tokyo-17032","name":"志茂駅周辺指定自転車置場","municipality":"北区","address":"東京都北区志茂3-26先外","capacity":160,"source_publisher":"東京都都民安全総合対策本部","source_title":"自転車駐輪場情報","source_url":"https://www.tomin-anzen.metro.tokyo.lg.jp/kotsu/jitensha/seisaku-jyourei/churinjou","source_updated_at":"2026-04-02"},"geometry":{"type":"Point","coordinates":[139.73413,35.77924]}},{"type":"Feature","properties":{"id":"official-parking-tokyo-17010","name":"十条駅西口自転車駐車場","municipality":"北区","address":"東京都北区上十条2-27先","capacity":1156,"source_publisher":"東京都都民安全総合対策本部","source_title":"自転車駐輪場情報","source_url":"https://www.tomin-anzen.metro.tokyo.lg.jp/kotsu/jitensha/seisaku-jyourei/churinjou","source_updated_at":"2026-04-02"},"geometry":{"type":"Point","coordinates":[139.7216,35.76078]}},{"type":"Feature","properties":{"id":"official-parking-tokyo-17011","name":"十条駅東口自転車駐車場","municipality":"北区","address":"東京都北区上十条1-14先","capacity":29,"source_publisher":"東京都都民安全総合対策本部","source_title":"自転車駐輪場情報","source_url":"https://www.tomin-anzen.metro.tokyo.lg.jp/kotsu/jitensha/seisaku-jyourei/churinjou","source_updated_at":"2026-04-02"},"geometry":{"type":"Point","coordinates":[139.722415,35.760661]}},{"type":"Feature","properties":{"id":"official-parking-tokyo-17014","name":"十条駅南指定自転車置場","municipality":"北区","address":"東京都北区上十条1-14-8","capacity":181,"source_publisher":"東京都都民安全総合対策本部","source_title":"自転車駐輪場情報","source_url":"https://www.tomin-anzen.metro.tokyo.lg.jp/kotsu/jitensha/seisaku-jyourei/churinjou","source_updated_at":"2026-04-02"},"geometry":{"type":"Point","coordinates":[139.72284,35.75988]}},{"type":"Feature","properties":{"id":"official-parking-tokyo-17013","name":"十条駅北指定自転車置場","municipality":"北区","address":"東京都北区十条仲原1-1-5","capacity":900,"source_publisher":"東京都都民安全総合対策本部","source_title":"自転車駐輪場情報","source_url":"https://www.tomin-anzen.metro.tokyo.lg.jp/kotsu/jitensha/seisaku-jyourei/churinjou","source_updated_at":"2026-04-02"},"geometry":{"type":"Point","coordinates":[139.721908,35.76169]}},{"type":"Feature","properties":{"id":"official-parking-tokyo-17024","name":"上中里駅前指定自転車置場","municipality":"北区","address":"東京都北区上中里1-37-13先外","capacity":140,"source_publisher":"東京都都民安全総合対策本部","source_title":"自転車駐輪場情報","source_url":"https://www.tomin-anzen.metro.tokyo.lg.jp/kotsu/jitensha/seisaku-jyourei/churinjou","source_updated_at":"2026-04-02"},"geometry":{"type":"Point","coordinates":[139.747293,35.746386]}},{"type":"Feature","properties":{"id":"official-parking-tokyo-17045","name":"上中里駅前自転車駐車場","municipality":"北区","address":"東京都北区上中里1-37-13先","capacity":31,"source_publisher":"東京都都民安全総合対策本部","source_title":"自転車駐輪場情報","source_url":"https://www.tomin-anzen.metro.tokyo.lg.jp/kotsu/jitensha/seisaku-jyourei/churinjou","source_updated_at":"2026-04-02"},"geometry":{"type":"Point","coordinates":[139.74731,35.74638]}},{"type":"Feature","properties":{"id":"official-parking-tokyo-17027","name":"新田端大橋中央自転車駐車場","municipality":"北区","address":"東京都北区東田端2-20-52","capacity":1003,"source_publisher":"東京都都民安全総合対策本部","source_title":"自転車駐輪場情報","source_url":"https://www.tomin-anzen.metro.tokyo.lg.jp/kotsu/jitensha/seisaku-jyourei/churinjou","source_updated_at":"2026-04-02"},"geometry":{"type":"Point","coordinates":[139.761728,35.739446]}},{"type":"Feature","properties":{"id":"official-parking-tokyo-17026","name":"新田端大橋南自転車駐車場","municipality":"北区","address":"東京都北区東田端1-17-21","capacity":675,"source_publisher":"東京都都民安全総合対策本部","source_title":"自転車駐輪場情報","source_url":"https://www.tomin-anzen.metro.tokyo.lg.jp/kotsu/jitensha/seisaku-jyourei/churinjou","source_updated_at":"2026-04-02"},"geometry":{"type":"Point","coordinates":[139.762377,35.73886]}},{"type":"Feature","properties":{"id":"official-parking-tokyo-17025","name":"新田端大橋北自転車駐車場","municipality":"北区","address":"東京都北区東田端2-20-45","capacity":705,"source_publisher":"東京都都民安全総合対策本部","source_title":"自転車駐輪場情報","source_url":"https://www.tomin-anzen.metro.tokyo.lg.jp/kotsu/jitensha/seisaku-jyourei/churinjou","source_updated_at":"2026-04-02"},"geometry":{"type":"Point","coordinates":[139.761192,35.739981]}},{"type":"Feature","properties":{"id":"official-parking-tokyo-17039","name":"西ケ原駅前自転車駐車場","municipality":"北区","address":"東京都北区西ケ原2-3-1","capacity":149,"source_publisher":"東京都都民安全総合対策本部","source_title":"自転車駐輪場情報","source_url":"https://www.tomin-anzen.metro.tokyo.lg.jp/kotsu/jitensha/seisaku-jyourei/churinjou","source_updated_at":"2026-04-02"},"geometry":{"type":"Point","coordinates":[139.74242,35.7478792]}},{"type":"Feature","properties":{"id":"official-parking-tokyo-17044","name":"赤羽駅西口駅前自転車駐車場","municipality":"北区","address":"東京都北区赤羽西1-5先外","capacity":79,"source_publisher":"東京都都民安全総合対策本部","source_title":"自転車駐輪場情報","source_url":"https://www.tomin-anzen.metro.tokyo.lg.jp/kotsu/jitensha/seisaku-jyourei/churinjou","source_updated_at":"2026-04-02"},"geometry":{"type":"Point","coordinates":[139.72011,35.7772]}},{"type":"Feature","properties":{"id":"official-parking-tokyo-17036","name":"赤羽駅西口自転車駐車場","municipality":"北区","address":"東京都北区赤羽西1-7-1","capacity":660,"source_publisher":"東京都都民安全総合対策本部","source_title":"自転車駐輪場情報","source_url":"https://www.tomin-anzen.metro.tokyo.lg.jp/kotsu/jitensha/seisaku-jyourei/churinjou","source_updated_at":"2026-04-02"},"geometry":{"type":"Point","coordinates":[139.719383,35.777243]}},{"type":"Feature","properties":{"id":"official-parking-tokyo-17001","name":"赤羽駅西口北自転車駐車場","municipality":"北区","address":"東京都北区赤羽1-67-18","capacity":170,"source_publisher":"東京都都民安全総合対策本部","source_title":"自転車駐輪場情報","source_url":"https://www.tomin-anzen.metro.tokyo.lg.jp/kotsu/jitensha/seisaku-jyourei/churinjou","source_updated_at":"2026-04-02"},"geometry":{"type":"Point","coordinates":[139.718537,35.781007]}},{"type":"Feature","properties":{"id":"official-parking-tokyo-17004","name":"赤羽駅西側指定自転車置場","municipality":"北区","address":"東京都北区赤羽台1-2先外","capacity":450,"source_publisher":"東京都都民安全総合対策本部","source_title":"自転車駐輪場情報","source_url":"https://www.tomin-anzen.metro.tokyo.lg.jp/kotsu/jitensha/seisaku-jyourei/churinjou","source_updated_at":"2026-04-02"},"geometry":{"type":"Point","coordinates":[139.71657,35.77864]}},{"type":"Feature","properties":{"id":"official-parking-tokyo-17046","name":"赤羽駅西側自転車駐車場","municipality":"北区","address":"東京都北区赤羽西1-41先","capacity":73,"source_publisher":"東京都都民安全総合対策本部","source_title":"自転車駐輪場情報","source_url":"https://www.tomin-anzen.metro.tokyo.lg.jp/kotsu/jitensha/seisaku-jyourei/churinjou","source_updated_at":"2026-04-02"},"geometry":{"type":"Point","coordinates":[139.71866,35.78004]}},{"type":"Feature","properties":{"id":"official-parking-tokyo-17043","name":"赤羽駅東口自転車駐車場","municipality":"北区","address":"東京都北区赤羽1-1先外","capacity":267,"source_publisher":"東京都都民安全総合対策本部","source_title":"自転車駐輪場情報","source_url":"https://www.tomin-anzen.metro.tokyo.lg.jp/kotsu/jitensha/seisaku-jyourei/churinjou","source_updated_at":"2026-04-02"},"geometry":{"type":"Point","coordinates":[139.72018,35.77893]}},{"type":"Feature","properties":{"id":"official-parking-tokyo-17002","name":"赤羽駅南口第一自転車駐車場","municipality":"北区","address":"東京都北区赤羽1-1-28","capacity":950,"source_publisher":"東京都都民安全総合対策本部","source_title":"自転車駐輪場情報","source_url":"https://www.tomin-anzen.metro.tokyo.lg.jp/kotsu/jitensha/seisaku-jyourei/churinjou","source_updated_at":"2026-04-02"},"geometry":{"type":"Point","coordinates":[139.721973,35.775765]}},{"type":"Feature","properties":{"id":"official-parking-tokyo-17037","name":"赤羽駅南口第三自転車駐車場","municipality":"北区","address":"東京都北区赤羽南2-9-43先外","capacity":51,"source_publisher":"東京都都民安全総合対策本部","source_title":"自転車駐輪場情報","source_url":"https://www.tomin-anzen.metro.tokyo.lg.jp/kotsu/jitensha/seisaku-jyourei/churinjou","source_updated_at":"2026-04-02"},"geometry":{"type":"Point","coordinates":[139.722822,35.7745781]}},{"type":"Feature","properties":{"id":"official-parking-tokyo-17003","name":"赤羽駅南口第二自転車駐車場","municipality":"北区","address":"東京都北区赤羽1-1-20","capacity":1450,"source_publisher":"東京都都民安全総合対策本部","source_title":"自転車駐輪場情報","source_url":"https://www.tomin-anzen.metro.tokyo.lg.jp/kotsu/jitensha/seisaku-jyourei/churinjou","source_updated_at":"2026-04-02"},"geometry":{"type":"Point","coordinates":[139.72169,35.77663]}},{"type":"Feature","properties":{"id":"official-parking-tokyo-17041","name":"赤羽駅南側指定自転車置場","municipality":"北区","address":"東京都北区赤羽南1-20先","capacity":130,"source_publisher":"東京都都民安全総合対策本部","source_title":"自転車駐輪場情報","source_url":"https://www.tomin-anzen.metro.tokyo.lg.jp/kotsu/jitensha/seisaku-jyourei/churinjou","source_updated_at":"2026-04-02"},"geometry":{"type":"Point","coordinates":[139.723314,35.776509]}},{"type":"Feature","properties":{"id":"official-parking-tokyo-17031","name":"赤羽岩淵駅周辺指定自転車置場","municipality":"北区","address":"東京都北区岩淵36先外","capacity":160,"source_publisher":"東京都都民安全総合対策本部","source_title":"自転車駐輪場情報","source_url":"https://www.tomin-anzen.metro.tokyo.lg.jp/kotsu/jitensha/seisaku-jyourei/churinjou","source_updated_at":"2026-04-02"},"geometry":{"type":"Point","coordinates":[139.720929,35.784079]}},{"type":"Feature","properties":{"id":"official-parking-tokyo-17005","name":"赤羽公園脇指定自転車置場","municipality":"北区","address":"東京都北区赤羽1-14","capacity":200,"source_publisher":"東京都都民安全総合対策本部","source_title":"自転車駐輪場情報","source_url":"https://www.tomin-anzen.metro.tokyo.lg.jp/kotsu/jitensha/seisaku-jyourei/churinjou","source_updated_at":"2026-04-02"},"geometry":{"type":"Point","coordinates":[139.725417,35.777392]}},{"type":"Feature","properties":{"id":"official-parking-tokyo-17042","name":"赤羽東本通り自転車駐車場","municipality":"北区","address":"東京都北区赤羽1-7先外","capacity":249,"source_publisher":"東京都都民安全総合対策本部","source_title":"自転車駐輪場情報","source_url":"https://www.tomin-anzen.metro.tokyo.lg.jp/kotsu/jitensha/seisaku-jyourei/churinjou","source_updated_at":"2026-04-02"},"geometry":{"type":"Point","coordinates":[139.72242,35.77906]}},{"type":"Feature","properties":{"id":"official-parking-tokyo-17008","name":"赤羽北二丁目自転車駐車場","municipality":"北区","address":"東京都北区赤羽北2-1-10","capacity":423,"source_publisher":"東京都都民安全総合対策本部","source_title":"自転車駐輪場情報","source_url":"https://www.tomin-anzen.metro.tokyo.lg.jp/kotsu/jitensha/seisaku-jyourei/churinjou","source_updated_at":"2026-04-02"},"geometry":{"type":"Point","coordinates":[139.709551,35.785567]}},{"type":"Feature","properties":{"id":"official-parking-tokyo-17035","name":"滝野川三丁目自転車駐車場","municipality":"北区","address":"東京都北区滝野川3-11-2","capacity":330,"source_publisher":"東京都都民安全総合対策本部","source_title":"自転車駐輪場情報","source_url":"https://www.tomin-anzen.metro.tokyo.lg.jp/kotsu/jitensha/seisaku-jyourei/churinjou","source_updated_at":"2026-04-02"},"geometry":{"type":"Point","coordinates":[139.728936,35.745012]}},{"type":"Feature","properties":{"id":"official-parking-tokyo-17028","name":"田端駅前自転車駐車場","municipality":"北区","address":"東京都北区田端6-1-3","capacity":598,"source_publisher":"東京都都民安全総合対策本部","source_title":"自転車駐輪場情報","source_url":"https://www.tomin-anzen.metro.tokyo.lg.jp/kotsu/jitensha/seisaku-jyourei/churinjou","source_updated_at":"2026-04-02"},"geometry":{"type":"Point","coordinates":[139.759296,35.738266]}},{"type":"Feature","properties":{"id":"official-parking-tokyo-17017","name":"東十条駅南口自転車駐車場","municipality":"北区","address":"東京都北区東十条3-18-43","capacity":1470,"source_publisher":"東京都都民安全総合対策本部","source_title":"自転車駐輪場情報","source_url":"https://www.tomin-anzen.metro.tokyo.lg.jp/kotsu/jitensha/seisaku-jyourei/churinjou","source_updated_at":"2026-04-02"},"geometry":{"type":"Point","coordinates":[139.727989,35.762911]}},{"type":"Feature","properties":{"id":"official-parking-tokyo-17018","name":"東十条駅北口自転車駐車場","municipality":"北区","address":"東京都北区東十条4-1先","capacity":42,"source_publisher":"東京都都民安全総合対策本部","source_title":"自転車駐輪場情報","source_url":"https://www.tomin-anzen.metro.tokyo.lg.jp/kotsu/jitensha/seisaku-jyourei/churinjou","source_updated_at":"2026-04-02"},"geometry":{"type":"Point","coordinates":[139.726401,35.765475]}},{"type":"Feature","properties":{"id":"official-parking-tokyo-17019","name":"東十条駅北口第二自転車駐車場","municipality":"北区","address":"東京都北区東十条3-18-30","capacity":118,"source_publisher":"東京都都民安全総合対策本部","source_title":"自転車駐輪場情報","source_url":"https://www.tomin-anzen.metro.tokyo.lg.jp/kotsu/jitensha/seisaku-jyourei/churinjou","source_updated_at":"2026-04-02"},"geometry":{"type":"Point","coordinates":[139.727377,35.764831]}},{"type":"Feature","properties":{"id":"official-parking-tokyo-17030","name":"尾久駅前自転車駐車場","municipality":"北区","address":"東京都北区昭和町2-1-31","capacity":565,"source_publisher":"東京都都民安全総合対策本部","source_title":"自転車駐輪場情報","source_url":"https://www.tomin-anzen.metro.tokyo.lg.jp/kotsu/jitensha/seisaku-jyourei/churinjou","source_updated_at":"2026-04-02"},"geometry":{"type":"Point","coordinates":[139.754586,35.747015]}},{"type":"Feature","properties":{"id":"official-parking-tokyo-17007","name":"浮間三丁目自転車駐車場","municipality":"北区","address":"東京都北区3-1-47","capacity":538,"source_publisher":"東京都都民安全総合対策本部","source_title":"自転車駐輪場情報","source_url":"https://www.tomin-anzen.metro.tokyo.lg.jp/kotsu/jitensha/seisaku-jyourei/churinjou","source_updated_at":"2026-04-02"},"geometry":{"type":"Point","coordinates":[139.704884,35.787406]}},{"type":"Feature","properties":{"id":"official-parking-tokyo-17006","name":"浮間四丁目自転車駐車場","municipality":"北区","address":"東京都北区浮間4-30-8","capacity":454,"source_publisher":"東京都都民安全総合対策本部","source_title":"自転車駐輪場情報","source_url":"https://www.tomin-anzen.metro.tokyo.lg.jp/kotsu/jitensha/seisaku-jyourei/churinjou","source_updated_at":"2026-04-02"},"geometry":{"type":"Point","coordinates":[139.693496,35.790896]}},{"type":"Feature","properties":{"id":"official-parking-tokyo-17009","name":"北赤羽駅赤羽口自転車駐車場","municipality":"北区","address":"東京都北区赤羽北2-32-2","capacity":283,"source_publisher":"東京都都民安全総合対策本部","source_title":"自転車駐輪場情報","source_url":"https://www.tomin-anzen.metro.tokyo.lg.jp/kotsu/jitensha/seisaku-jyourei/churinjou","source_updated_at":"2026-04-02"},"geometry":{"type":"Point","coordinates":[139.708749,35.785926]}},{"type":"Feature","properties":{"id":"official-parking-tokyo-17016","name":"北谷端公園脇指定自転車置場","municipality":"北区","address":"東京都北区滝野川7-14先","capacity":120,"source_publisher":"東京都都民安全総合対策本部","source_title":"自転車駐輪場情報","source_url":"https://www.tomin-anzen.metro.tokyo.lg.jp/kotsu/jitensha/seisaku-jyourei/churinjou","source_updated_at":"2026-04-02"},"geometry":{"type":"Point","coordinates":[139.721031,35.744298]}},{"type":"Feature","properties":{"id":"official-parking-tokyo-17040","name":"北谷端公園脇自転車駐車場","municipality":"北区","address":"東京都北区滝野川7-14先","capacity":160,"source_publisher":"東京都都民安全総合対策本部","source_title":"自転車駐輪場情報","source_url":"https://www.tomin-anzen.metro.tokyo.lg.jp/kotsu/jitensha/seisaku-jyourei/churinjou","source_updated_at":"2026-04-02"},"geometry":{"type":"Point","coordinates":[139.721031,35.744298]}},{"type":"Feature","properties":{"id":"official-parking-tokyo-7025","name":"とうきょうスカイツリー駅第一自転車等駐車場","municipality":"墨田区","address":"東京都墨田区向島1-32","capacity":45,"source_publisher":"東京都都民安全総合対策本部","source_title":"自転車駐輪場情報","source_url":"https://www.tomin-anzen.metro.tokyo.lg.jp/kotsu/jitensha/seisaku-jyourei/churinjou","source_updated_at":"2026-04-02"},"geometry":{"type":"Point","coordinates":[139.808359,35.709718]}},{"type":"Feature","properties":{"id":"official-parking-tokyo-7026","name":"とうきょうスカイツリー駅第二自転車等駐車場","municipality":"墨田区","address":"東京都墨田区業平1-17","capacity":47,"source_publisher":"東京都都民安全総合対策本部","source_title":"自転車駐輪場情報","source_url":"https://www.tomin-anzen.metro.tokyo.lg.jp/kotsu/jitensha/seisaku-jyourei/churinjou","source_updated_at":"2026-04-02"},"geometry":{"type":"Point","coordinates":[139.808316,35.709422]}},{"type":"Feature","properties":{"id":"official-parking-tokyo-7011","name":"押上駅駅前自転車駐車場","municipality":"墨田区","address":"東京都墨田区押上1-8-25","capacity":2549,"source_publisher":"東京都都民安全総合対策本部","source_title":"自転車駐輪場情報","source_url":"https://www.tomin-anzen.metro.tokyo.lg.jp/kotsu/jitensha/seisaku-jyourei/churinjou","source_updated_at":"2026-04-02"},"geometry":{"type":"Point","coordinates":[139.813728,35.711012]}},{"type":"Feature","properties":{"id":"official-parking-tokyo-7010","name":"押上駅中之郷自転車駐車場","municipality":"墨田区","address":"東京都墨田区押上2-17","capacity":392,"source_publisher":"東京都都民安全総合対策本部","source_title":"自転車駐輪場情報","source_url":"https://www.tomin-anzen.metro.tokyo.lg.jp/kotsu/jitensha/seisaku-jyourei/churinjou","source_updated_at":"2026-04-02"},"geometry":{"type":"Point","coordinates":[139.813353,35.711835]}},{"type":"Feature","properties":{"id":"official-parking-tokyo-7038","name":"菊川駅新大橋通り南自転車駐車場","municipality":"墨田区","address":"東京都墨田区菊川2-5","capacity":54,"source_publisher":"東京都都民安全総合対策本部","source_title":"自転車駐輪場情報","source_url":"https://www.tomin-anzen.metro.tokyo.lg.jp/kotsu/jitensha/seisaku-jyourei/churinjou","source_updated_at":"2026-04-02"},"geometry":{"type":"Point","coordinates":[139.805682,35.688281]}},{"type":"Feature","properties":{"id":"official-parking-tokyo-7037","name":"菊川駅新大橋通り北自転車駐車場","municipality":"墨田区","address":"東京都墨田区菊川2-6","capacity":48,"source_publisher":"東京都都民安全総合対策本部","source_title":"自転車駐輪場情報","source_url":"https://www.tomin-anzen.metro.tokyo.lg.jp/kotsu/jitensha/seisaku-jyourei/churinjou","source_updated_at":"2026-04-02"},"geometry":{"type":"Point","coordinates":[139.80566,35.688507]}},{"type":"Feature","properties":{"id":"official-parking-tokyo-7035","name":"菊川駅北口自転車駐車場","municipality":"墨田区","address":"東京都墨田区菊川3-16","capacity":118,"source_publisher":"東京都都民安全総合対策本部","source_title":"自転車駐輪場情報","source_url":"https://www.tomin-anzen.metro.tokyo.lg.jp/kotsu/jitensha/seisaku-jyourei/churinjou","source_updated_at":"2026-04-02"},"geometry":{"type":"Point","coordinates":[139.806154,35.688703]}},{"type":"Feature","properties":{"id":"official-parking-tokyo-7036","name":"菊川駅北口第二自転車駐車場","municipality":"墨田区","address":"東京都墨田区菊川3-17","capacity":33,"source_publisher":"東京都都民安全総合対策本部","source_title":"自転車駐輪場情報","source_url":"https://www.tomin-anzen.metro.tokyo.lg.jp/kotsu/jitensha/seisaku-jyourei/churinjou","source_updated_at":"2026-04-02"},"geometry":{"type":"Point","coordinates":[139.806256,35.689514]}},{"type":"Feature","properties":{"id":"official-parking-tokyo-7007","name":"錦糸町駅牡丹橋通り自転車駐車場","municipality":"墨田区","address":"東京都墨田区江東橋3-1","capacity":382,"source_publisher":"東京都都民安全総合対策本部","source_title":"自転車駐輪場情報","source_url":"https://www.tomin-anzen.metro.tokyo.lg.jp/kotsu/jitensha/seisaku-jyourei/churinjou","source_updated_at":"2026-04-02"},"geometry":{"type":"Point","coordinates":[139.813326,35.693029]}},{"type":"Feature","properties":{"id":"official-parking-tokyo-7056","name":"錦糸町駅京葉道路第一路上自転車駐車場","municipality":"墨田区","address":"東京都墨田区江東橋3-8先","capacity":16,"source_publisher":"東京都都民安全総合対策本部","source_title":"自転車駐輪場情報","source_url":"https://www.tomin-anzen.metro.tokyo.lg.jp/kotsu/jitensha/seisaku-jyourei/churinjou","source_updated_at":"2026-04-02"},"geometry":{"type":"Point","coordinates":[139.8147221,35.6954148]}},{"type":"Feature","properties":{"id":"official-parking-tokyo-7058","name":"錦糸町駅京葉道路第三路上自転車駐車場","municipality":"墨田区","address":"東京都墨田区江東橋4-27先","capacity":26,"source_publisher":"東京都都民安全総合対策本部","source_title":"自転車駐輪場情報","source_url":"https://www.tomin-anzen.metro.tokyo.lg.jp/kotsu/jitensha/seisaku-jyourei/churinjou","source_updated_at":"2026-04-02"},"geometry":{"type":"Point","coordinates":[139.8156716,35.6959117]}},{"type":"Feature","properties":{"id":"official-parking-tokyo-7057","name":"錦糸町駅京葉道路第二路上自転車駐車場","municipality":"墨田区","address":"東京都墨田区江東橋4-26先","capacity":24,"source_publisher":"東京都都民安全総合対策本部","source_title":"自転車駐輪場情報","source_url":"https://www.tomin-anzen.metro.tokyo.lg.jp/kotsu/jitensha/seisaku-jyourei/churinjou","source_updated_at":"2026-04-02"},"geometry":{"type":"Point","coordinates":[139.815604,35.695586]}},{"type":"Feature","properties":{"id":"official-parking-tokyo-7060","name":"錦糸町駅四ツ目通り第二路上自転車駐車場","municipality":"墨田区","address":"東京都墨田区江東橋3-8先","capacity":10,"source_publisher":"東京都都民安全総合対策本部","source_title":"自転車駐輪場情報","source_url":"https://www.tomin-anzen.metro.tokyo.lg.jp/kotsu/jitensha/seisaku-jyourei/churinjou","source_updated_at":"2026-04-02"},"geometry":{"type":"Point","coordinates":[139.8149266,35.6950875]}},{"type":"Feature","properties":{"id":"official-parking-tokyo-7052","name":"錦糸町駅四ツ目通り路上自転車駐車場","municipality":"墨田区","address":"東京都墨田区錦糸1-2先","capacity":55,"source_publisher":"東京都都民安全総合対策本部","source_title":"自転車駐輪場情報","source_url":"https://www.tomin-anzen.metro.tokyo.lg.jp/kotsu/jitensha/seisaku-jyourei/churinjou","source_updated_at":"2026-04-02"},"geometry":{"type":"Point","coordinates":[139.8148103,35.6971604]}},{"type":"Feature","properties":{"id":"official-parking-tokyo-7055","name":"錦糸町駅南口駅前広場路上自転車駐車場","municipality":"墨田区","address":"東京都墨田区江東橋3-14先","capacity":19,"source_publisher":"東京都都民安全総合対策本部","source_title":"自転車駐輪場情報","source_url":"https://www.tomin-anzen.metro.tokyo.lg.jp/kotsu/jitensha/seisaku-jyourei/churinjou","source_updated_at":"2026-04-02"},"geometry":{"type":"Point","coordinates":[139.814677,35.695921]}},{"type":"Feature","properties":{"id":"official-parking-tokyo-7065","name":"錦糸町駅南口機械式自転車駐車場","municipality":"墨田区","address":"東京都墨田区江東橋2-18-6先","capacity":456,"source_publisher":"東京都都民安全総合対策本部","source_title":"自転車駐輪場情報","source_url":"https://www.tomin-anzen.metro.tokyo.lg.jp/kotsu/jitensha/seisaku-jyourei/churinjou","source_updated_at":"2026-04-02"},"geometry":{"type":"Point","coordinates":[139.8120731,35.6960086]}},{"type":"Feature","properties":{"id":"official-parking-tokyo-7006","name":"錦糸町駅南口地下自転車駐車場","municipality":"墨田区","address":"東京都墨田区江東橋3-14-4","capacity":622,"source_publisher":"東京都都民安全総合対策本部","source_title":"自転車駐輪場情報","source_url":"https://www.tomin-anzen.metro.tokyo.lg.jp/kotsu/jitensha/seisaku-jyourei/churinjou","source_updated_at":"2026-04-02"},"geometry":{"type":"Point","coordinates":[139.814756,35.69607]}},{"type":"Feature","properties":{"id":"official-parking-tokyo-7005","name":"錦糸町駅北口地下自転車駐車場","municipality":"墨田区","address":"東京都墨田区錦糸2-2-2","capacity":3035,"source_publisher":"東京都都民安全総合対策本部","source_title":"自転車駐輪場情報","source_url":"https://www.tomin-anzen.metro.tokyo.lg.jp/kotsu/jitensha/seisaku-jyourei/churinjou","source_updated_at":"2026-04-02"},"geometry":{"type":"Point","coordinates":[139.813229,35.697573]}},{"type":"Feature","properties":{"id":"official-parking-tokyo-7059","name":"錦糸町駅北斎通り第二路上自転車駐車場","municipality":"墨田区","address":"東京都墨田区錦糸2-2先","capacity":29,"source_publisher":"東京都都民安全総合対策本部","source_title":"自転車駐輪場情報","source_url":"https://www.tomin-anzen.metro.tokyo.lg.jp/kotsu/jitensha/seisaku-jyourei/churinjou","source_updated_at":"2026-04-02"},"geometry":{"type":"Point","coordinates":[139.81224,35.6976695]}},{"type":"Feature","properties":{"id":"official-parking-tokyo-7054","name":"錦糸町駅北斎通り路上自転車駐車場","municipality":"墨田区","address":"東京都墨田区錦糸1-5先及び錦糸2-2先","capacity":52,"source_publisher":"東京都都民安全総合対策本部","source_title":"自転車駐輪場情報","source_url":"https://www.tomin-anzen.metro.tokyo.lg.jp/kotsu/jitensha/seisaku-jyourei/churinjou","source_updated_at":"2026-04-02"},"geometry":{"type":"Point","coordinates":[139.812875,35.697684]}},{"type":"Feature","properties":{"id":"official-parking-tokyo-7040","name":"小村井駅第一自転車駐車場","municipality":"墨田区","address":"東京都墨田区文花2-20","capacity":114,"source_publisher":"東京都都民安全総合対策本部","source_title":"自転車駐輪場情報","source_url":"https://www.tomin-anzen.metro.tokyo.lg.jp/kotsu/jitensha/seisaku-jyourei/churinjou","source_updated_at":"2026-04-02"},"geometry":{"type":"Point","coordinates":[139.827838,35.7103062]}},{"type":"Feature","properties":{"id":"official-parking-tokyo-7041","name":"小村井駅第二自転車駐車場","municipality":"墨田区","address":"東京都墨田区文花2-19","capacity":265,"source_publisher":"東京都都民安全総合対策本部","source_title":"自転車駐輪場情報","source_url":"https://www.tomin-anzen.metro.tokyo.lg.jp/kotsu/jitensha/seisaku-jyourei/churinjou","source_updated_at":"2026-04-02"},"geometry":{"type":"Point","coordinates":[139.826946,35.710616]}},{"type":"Feature","properties":{"id":"official-parking-tokyo-7023","name":"鐘ヶ淵駅南自転車駐車場","municipality":"墨田区","address":"東京都墨田区墨田3-31","capacity":122,"source_publisher":"東京都都民安全総合対策本部","source_title":"自転車駐輪場情報","source_url":"https://www.tomin-anzen.metro.tokyo.lg.jp/kotsu/jitensha/seisaku-jyourei/churinjou","source_updated_at":"2026-04-02"},"geometry":{"type":"Point","coordinates":[139.820131,35.73225]}},{"type":"Feature","properties":{"id":"official-parking-tokyo-7022","name":"鐘ヶ淵駅北自転車駐車場","municipality":"墨田区","address":"東京都墨田区墨田5-50","capacity":92,"source_publisher":"東京都都民安全総合対策本部","source_title":"自転車駐輪場情報","source_url":"https://www.tomin-anzen.metro.tokyo.lg.jp/kotsu/jitensha/seisaku-jyourei/churinjou","source_updated_at":"2026-04-02"},"geometry":{"type":"Point","coordinates":[139.8207,35.73426]}},{"type":"Feature","properties":{"id":"official-parking-tokyo-7021","name":"東向島駅高架下自転車駐車場","municipality":"墨田区","address":"東京都墨田区東向島4-35、43","capacity":457,"source_publisher":"東京都都民安全総合対策本部","source_title":"自転車駐輪場情報","source_url":"https://www.tomin-anzen.metro.tokyo.lg.jp/kotsu/jitensha/seisaku-jyourei/churinjou","source_updated_at":"2026-04-02"},"geometry":{"type":"Point","coordinates":[139.819736,35.726582]}},{"type":"Feature","properties":{"id":"official-parking-tokyo-7018","name":"東武曳舟駅高架下自転車駐車場","municipality":"墨田区","address":"東京都墨田区東向島2-27","capacity":656,"source_publisher":"東京都都民安全総合対策本部","source_title":"自転車駐輪場情報","source_url":"https://www.tomin-anzen.metro.tokyo.lg.jp/kotsu/jitensha/seisaku-jyourei/churinjou","source_updated_at":"2026-04-02"},"geometry":{"type":"Point","coordinates":[139.81648,35.71738]}},{"type":"Feature","properties":{"id":"official-parking-tokyo-7034","name":"八広駅新四ツ木橋下自転車駐車場","municipality":"墨田区","address":"東京都墨田区八広6-5、15","capacity":163,"source_publisher":"東京都都民安全総合対策本部","source_title":"自転車駐輪場情報","source_url":"https://www.tomin-anzen.metro.tokyo.lg.jp/kotsu/jitensha/seisaku-jyourei/churinjou","source_updated_at":"2026-04-02"},"geometry":{"type":"Point","coordinates":[139.827231,35.728884]}},{"type":"Feature","properties":{"id":"official-parking-tokyo-7033","name":"八広駅第二自転車駐車場","municipality":"墨田区","address":"東京都墨田区八広6-32","capacity":23,"source_publisher":"東京都都民安全総合対策本部","source_title":"自転車駐輪場情報","source_url":"https://www.tomin-anzen.metro.tokyo.lg.jp/kotsu/jitensha/seisaku-jyourei/churinjou","source_updated_at":"2026-04-02"},"geometry":{"type":"Point","coordinates":[139.829905,35.727172]}},{"type":"Feature","properties":{"id":"official-parking-tokyo-7031","name":"本所吾妻橋駅西臨時自転車駐車場","municipality":"墨田区","address":"東京都墨田区吾妻橋1-12","capacity":102,"source_publisher":"東京都都民安全総合対策本部","source_title":"自転車駐輪場情報","source_url":"https://www.tomin-anzen.metro.tokyo.lg.jp/kotsu/jitensha/seisaku-jyourei/churinjou","source_updated_at":"2026-04-02"},"geometry":{"type":"Point","coordinates":[139.799561,35.709522]}},{"type":"Feature","properties":{"id":"official-parking-tokyo-7027","name":"本所吾妻橋駅第一自転車駐車場","municipality":"墨田区","address":"東京都墨田区吾妻橋2-1,2","capacity":32,"source_publisher":"東京都都民安全総合対策本部","source_title":"自転車駐輪場情報","source_url":"https://www.tomin-anzen.metro.tokyo.lg.jp/kotsu/jitensha/seisaku-jyourei/churinjou","source_updated_at":"2026-04-02"},"geometry":{"type":"Point","coordinates":[139.803981,35.708477]}},{"type":"Feature","properties":{"id":"official-parking-tokyo-7029","name":"本所吾妻橋駅第三自転車駐車場","municipality":"墨田区","address":"東京都墨田区吾妻橋3-6,7","capacity":23,"source_publisher":"東京都都民安全総合対策本部","source_title":"自転車駐輪場情報","source_url":"https://www.tomin-anzen.metro.tokyo.lg.jp/kotsu/jitensha/seisaku-jyourei/churinjou","source_updated_at":"2026-04-02"},"geometry":{"type":"Point","coordinates":[139.804748,35.708769]}},{"type":"Feature","properties":{"id":"official-parking-tokyo-7030","name":"本所吾妻橋駅第四自転車駐車場","municipality":"墨田区","address":"東京都墨田区吾妻橋3-1,2","capacity":45,"source_publisher":"東京都都民安全総合対策本部","source_title":"自転車駐輪場情報","source_url":"https://www.tomin-anzen.metro.tokyo.lg.jp/kotsu/jitensha/seisaku-jyourei/churinjou","source_updated_at":"2026-04-02"},"geometry":{"type":"Point","coordinates":[139.804834,35.708486]}},{"type":"Feature","properties":{"id":"official-parking-tokyo-7028","name":"本所吾妻橋駅第二自転車駐車場","municipality":"墨田区","address":"東京都墨田区吾妻橋2-3,4","capacity":32,"source_publisher":"東京都都民安全総合対策本部","source_title":"自転車駐輪場情報","source_url":"https://www.tomin-anzen.metro.tokyo.lg.jp/kotsu/jitensha/seisaku-jyourei/churinjou","source_updated_at":"2026-04-02"},"geometry":{"type":"Point","coordinates":[139.803997,35.708721]}},{"type":"Feature","properties":{"id":"official-parking-tokyo-7003","name":"両国駅高架下自転車駐車場","municipality":"墨田区","address":"東京都墨田区亀沢1-1","capacity":200,"source_publisher":"東京都都民安全総合対策本部","source_title":"自転車駐輪場情報","source_url":"https://www.tomin-anzen.metro.tokyo.lg.jp/kotsu/jitensha/seisaku-jyourei/churinjou","source_updated_at":"2026-04-02"},"geometry":{"type":"Point","coordinates":[139.798231,35.695818]}},{"type":"Feature","properties":{"id":"official-parking-tokyo-7053","name":"両国駅国技館通り路上自転車駐車場","municipality":"墨田区","address":"東京都墨田区横網1-3先","capacity":24,"source_publisher":"東京都都民安全総合対策本部","source_title":"自転車駐輪場情報","source_url":"https://www.tomin-anzen.metro.tokyo.lg.jp/kotsu/jitensha/seisaku-jyourei/churinjou","source_updated_at":"2026-04-02"},"geometry":{"type":"Point","coordinates":[139.79191,35.695851]}},{"type":"Feature","properties":{"id":"official-parking-tokyo-7002","name":"両国駅西口自転車駐車場","municipality":"墨田区","address":"東京都墨田区横網1-2","capacity":210,"source_publisher":"東京都都民安全総合対策本部","source_title":"自転車駐輪場情報","source_url":"https://www.tomin-anzen.metro.tokyo.lg.jp/kotsu/jitensha/seisaku-jyourei/churinjou","source_updated_at":"2026-04-02"},"geometry":{"type":"Point","coordinates":[139.790854,35.696306]}},{"type":"Feature","properties":{"id":"official-parking-tokyo-7066","name":"両国駅西口臨時自転車駐車場","municipality":"墨田区","address":"東京都墨田区横網1-2","capacity":600,"source_publisher":"東京都都民安全総合対策本部","source_title":"自転車駐輪場情報","source_url":"https://www.tomin-anzen.metro.tokyo.lg.jp/kotsu/jitensha/seisaku-jyourei/churinjou","source_updated_at":"2026-04-02"},"geometry":{"type":"Point","coordinates":[139.792938,35.698318]}},{"type":"Feature","properties":{"id":"official-parking-tokyo-10012","name":"学芸大学駅西口第一駐輪場","municipality":"目黒区","address":"東京都目黒区鷹番3-7-4","capacity":306,"source_publisher":"東京都都民安全総合対策本部","source_title":"自転車駐輪場情報","source_url":"https://www.tomin-anzen.metro.tokyo.lg.jp/kotsu/jitensha/seisaku-jyourei/churinjou","source_updated_at":"2026-04-02"},"geometry":{"type":"Point","coordinates":[139.685025,35.629466]}},{"type":"Feature","properties":{"id":"official-parking-tokyo-10013","name":"学芸大学駅西口第二駐輪場","municipality":"目黒区","address":"東京都目黒区鷹番3-17-2","capacity":275,"source_publisher":"東京都都民安全総合対策本部","source_title":"自転車駐輪場情報","source_url":"https://www.tomin-anzen.metro.tokyo.lg.jp/kotsu/jitensha/seisaku-jyourei/churinjou","source_updated_at":"2026-04-02"},"geometry":{"type":"Point","coordinates":[139.683303,35.628042]}},{"type":"Feature","properties":{"id":"official-parking-tokyo-10011","name":"学芸大学駅東口駐輪場","municipality":"目黒区","address":"東京都目黒区鷹番2-19-15","capacity":401,"source_publisher":"東京都都民安全総合対策本部","source_title":"自転車駐輪場情報","source_url":"https://www.tomin-anzen.metro.tokyo.lg.jp/kotsu/jitensha/seisaku-jyourei/churinjou","source_updated_at":"2026-04-02"},"geometry":{"type":"Point","coordinates":[139.685926,35.628419]}},{"type":"Feature","properties":{"id":"official-parking-tokyo-10001","name":"駒場東大前西口駐輪場","municipality":"目黒区","address":"東京都目黒区駒場2-7-1","capacity":38,"source_publisher":"東京都都民安全総合対策本部","source_title":"自転車駐輪場情報","source_url":"https://www.tomin-anzen.metro.tokyo.lg.jp/kotsu/jitensha/seisaku-jyourei/churinjou","source_updated_at":"2026-04-02"},"geometry":{"type":"Point","coordinates":[139.682705,35.658833]}},{"type":"Feature","properties":{"id":"official-parking-tokyo-10002","name":"駒場東大前東大口駐輪場","municipality":"目黒区","address":"東京都目黒区駒場3-8-1","capacity":51,"source_publisher":"東京都都民安全総合対策本部","source_title":"自転車駐輪場情報","source_url":"https://www.tomin-anzen.metro.tokyo.lg.jp/kotsu/jitensha/seisaku-jyourei/churinjou","source_updated_at":"2026-04-02"},"geometry":{"type":"Point","coordinates":[139.684572,35.658715]}},{"type":"Feature","properties":{"id":"official-parking-tokyo-10016","name":"自由が丘駅南口駐輪場","municipality":"目黒区","address":"東京都目黒区自由が丘2-13-9","capacity":296,"source_publisher":"東京都都民安全総合対策本部","source_title":"自転車駐輪場情報","source_url":"https://www.tomin-anzen.metro.tokyo.lg.jp/kotsu/jitensha/seisaku-jyourei/churinjou","source_updated_at":"2026-04-02"},"geometry":{"type":"Point","coordinates":[139.667457,35.606746]}},{"type":"Feature","properties":{"id":"official-parking-tokyo-10007","name":"上目黒一丁目駐輪場","municipality":"目黒区","address":"東京都目黒区上目黒1-26-3","capacity":464,"source_publisher":"東京都都民安全総合対策本部","source_title":"自転車駐輪場情報","source_url":"https://www.tomin-anzen.metro.tokyo.lg.jp/kotsu/jitensha/seisaku-jyourei/churinjou","source_updated_at":"2026-04-02"},"geometry":{"type":"Point","coordinates":[139.699911,35.644446]}},{"type":"Feature","properties":{"id":"official-parking-tokyo-10017","name":"洗足二丁目駐輪場","municipality":"目黒区","address":"東京都目黒区洗足2-18-11","capacity":90,"source_publisher":"東京都都民安全総合対策本部","source_title":"自転車駐輪場情報","source_url":"https://www.tomin-anzen.metro.tokyo.lg.jp/kotsu/jitensha/seisaku-jyourei/churinjou","source_updated_at":"2026-04-02"},"geometry":{"type":"Point","coordinates":[139.693327,35.610512]}},{"type":"Feature","properties":{"id":"official-parking-tokyo-10005","name":"池尻大橋駅東口駐輪場","municipality":"目黒区","address":"東京都目黒区大橋1-9-3","capacity":209,"source_publisher":"東京都都民安全総合対策本部","source_title":"自転車駐輪場情報","source_url":"https://www.tomin-anzen.metro.tokyo.lg.jp/kotsu/jitensha/seisaku-jyourei/churinjou","source_updated_at":"2026-04-02"},"geometry":{"type":"Point","coordinates":[139.68716,35.650614]}},{"type":"Feature","properties":{"id":"official-parking-tokyo-10004","name":"池尻大橋駅北口駐輪場","municipality":"目黒区","address":"東京都目黒区大橋2-24-11","capacity":430,"source_publisher":"東京都都民安全総合対策本部","source_title":"自転車駐輪場情報","source_url":"https://www.tomin-anzen.metro.tokyo.lg.jp/kotsu/jitensha/seisaku-jyourei/churinjou","source_updated_at":"2026-04-02"},"geometry":{"type":"Point","coordinates":[139.684945,35.6514278]}},{"type":"Feature","properties":{"id":"official-parking-tokyo-10015","name":"中根一丁目駐輪場","municipality":"目黒区","address":"東京都目黒区中根1-2-16先、1-3-10先","capacity":140,"source_publisher":"東京都都民安全総合対策本部","source_title":"自転車駐輪場情報","source_url":"https://www.tomin-anzen.metro.tokyo.lg.jp/kotsu/jitensha/seisaku-jyourei/churinjou","source_updated_at":"2026-04-02"},"geometry":{"type":"Point","coordinates":[139.675841,35.617764]}},{"type":"Feature","properties":{"id":"official-parking-tokyo-10006","name":"中目黒駅前駐輪場","municipality":"目黒区","address":"東京都目黒区上目黒2-1-4","capacity":600,"source_publisher":"東京都都民安全総合対策本部","source_title":"自転車駐輪場情報","source_url":"https://www.tomin-anzen.metro.tokyo.lg.jp/kotsu/jitensha/seisaku-jyourei/churinjou","source_updated_at":"2026-04-02"},"geometry":{"type":"Point","coordinates":[139.699751,35.64353]}},{"type":"Feature","properties":{"id":"official-parking-tokyo-10008","name":"祐天寺駅西口第一駐輪場","municipality":"目黒区","address":"東京都目黒区五本木1-33-8","capacity":601,"source_publisher":"東京都都民安全総合対策本部","source_title":"自転車駐輪場情報","source_url":"https://www.tomin-anzen.metro.tokyo.lg.jp/kotsu/jitensha/seisaku-jyourei/churinjou","source_updated_at":"2026-04-02"},"geometry":{"type":"Point","coordinates":[139.690301,35.637427]}},{"type":"Feature","properties":{"id":"official-parking-tokyo-10009","name":"祐天寺駅西口第二駐輪場","municipality":"目黒区","address":"東京都目黒区五本木1-31-6","capacity":116,"source_publisher":"東京都都民安全総合対策本部","source_title":"自転車駐輪場情報","source_url":"https://www.tomin-anzen.metro.tokyo.lg.jp/kotsu/jitensha/seisaku-jyourei/churinjou","source_updated_at":"2026-04-02"},"geometry":{"type":"Point","coordinates":[139.690964,35.637745]}},{"type":"Feature","properties":{"id":"official-parking-tokyo-10010","name":"祐天寺駅南高架下駐輪場","municipality":"目黒区","address":"東京都目黒区五本木1-32-20","capacity":113,"source_publisher":"東京都都民安全総合対策本部","source_title":"自転車駐輪場情報","source_url":"https://www.tomin-anzen.metro.tokyo.lg.jp/kotsu/jitensha/seisaku-jyourei/churinjou","source_updated_at":"2026-04-02"},"geometry":{"type":"Point","coordinates":[139.689668,35.6358667]}},{"type":"Feature","properties":{"id":"official-parking-tokyo-10018","name":"緑が丘駅駐輪場","municipality":"目黒区","address":"東京都目黒区緑が丘3-1-10","capacity":432,"source_publisher":"東京都都民安全総合対策本部","source_title":"自転車駐輪場情報","source_url":"https://www.tomin-anzen.metro.tokyo.lg.jp/kotsu/jitensha/seisaku-jyourei/churinjou","source_updated_at":"2026-04-02"},"geometry":{"type":"Point","coordinates":[139.67923,35.6063419]}},{"type":"Feature","properties":{"id":"official-parking-tokyo-25032","name":"立川市あけぼの口南臨時有料自転車駐車場","municipality":"立川市","address":"東京都立川市曙町2-42-11","capacity":626,"source_publisher":"東京都都民安全総合対策本部","source_title":"自転車駐輪場情報","source_url":"https://www.tomin-anzen.metro.tokyo.lg.jp/kotsu/jitensha/seisaku-jyourei/churinjou","source_updated_at":"2026-04-02"},"geometry":{"type":"Point","coordinates":[139.411493,35.7014148]}},{"type":"Feature","properties":{"id":"official-parking-tokyo-25041","name":"立川市コトリンク有料自転車等駐車場","municipality":"立川市","address":"東京都立川市柴崎町3-9-2","capacity":1742,"source_publisher":"東京都都民安全総合対策本部","source_title":"自転車駐輪場情報","source_url":"https://www.tomin-anzen.metro.tokyo.lg.jp/kotsu/jitensha/seisaku-jyourei/churinjou","source_updated_at":"2026-04-02"},"geometry":{"type":"Point","coordinates":[139.41197,35.69536]}},{"type":"Feature","properties":{"id":"official-parking-tokyo-25017","name":"立川市玉川上水駅第一自転車駐車場","municipality":"立川市","address":"東京都立川市幸町6-4-9","capacity":479,"source_publisher":"東京都都民安全総合対策本部","source_title":"自転車駐輪場情報","source_url":"https://www.tomin-anzen.metro.tokyo.lg.jp/kotsu/jitensha/seisaku-jyourei/churinjou","source_updated_at":"2026-04-02"},"geometry":{"type":"Point","coordinates":[139.418226,35.731477]}},{"type":"Feature","properties":{"id":"official-parking-tokyo-25020","name":"立川市玉川上水駅第五自転車駐車場","municipality":"立川市","address":"東京都立川市柏町4-54-11","capacity":272,"source_publisher":"東京都都民安全総合対策本部","source_title":"自転車駐輪場情報","source_url":"https://www.tomin-anzen.metro.tokyo.lg.jp/kotsu/jitensha/seisaku-jyourei/churinjou","source_updated_at":"2026-04-02"},"geometry":{"type":"Point","coordinates":[139.417569,35.728329]}},{"type":"Feature","properties":{"id":"official-parking-tokyo-25019","name":"立川市玉川上水駅第四自転車駐車場","municipality":"立川市","address":"東京都立川市柏町4-4-18","capacity":464,"source_publisher":"東京都都民安全総合対策本部","source_title":"自転車駐輪場情報","source_url":"https://www.tomin-anzen.metro.tokyo.lg.jp/kotsu/jitensha/seisaku-jyourei/churinjou","source_updated_at":"2026-04-02"},"geometry":{"type":"Point","coordinates":[139.417794,35.731192]}},{"type":"Feature","properties":{"id":"official-parking-tokyo-25018","name":"立川市玉川上水駅第二自転車駐車場","municipality":"立川市","address":"東京都立川市幸町6-3先","capacity":270,"source_publisher":"東京都都民安全総合対策本部","source_title":"自転車駐輪場情報","source_url":"https://www.tomin-anzen.metro.tokyo.lg.jp/kotsu/jitensha/seisaku-jyourei/churinjou","source_updated_at":"2026-04-02"},"geometry":{"type":"Point","coordinates":[139.418266,35.731253]}},{"type":"Feature","properties":{"id":"official-parking-tokyo-25021","name":"立川市玉川上水駅臨時自転車駐車場","municipality":"立川市","address":"東京都立川市幸町6-1先","capacity":606,"source_publisher":"東京都都民安全総合対策本部","source_title":"自転車駐輪場情報","source_url":"https://www.tomin-anzen.metro.tokyo.lg.jp/kotsu/jitensha/seisaku-jyourei/churinjou","source_updated_at":"2026-04-02"},"geometry":{"type":"Point","coordinates":[139.417982,35.730537]}},{"type":"Feature","properties":{"id":"official-parking-tokyo-25029","name":"立川市高松駅下自転車仮置場","municipality":"立川市","address":"東京都立川市高松町1-100","capacity":230,"source_publisher":"東京都都民安全総合対策本部","source_title":"自転車駐輪場情報","source_url":"https://www.tomin-anzen.metro.tokyo.lg.jp/kotsu/jitensha/seisaku-jyourei/churinjou","source_updated_at":"2026-04-02"},"geometry":{"type":"Point","coordinates":[139.413304,35.710359]}},{"type":"Feature","properties":{"id":"official-parking-tokyo-25031","name":"立川市高松駅自転車駐車場","municipality":"立川市","address":"東京都立川市高松町1-22-20","capacity":146,"source_publisher":"東京都都民安全総合対策本部","source_title":"自転車駐輪場情報","source_url":"https://www.tomin-anzen.metro.tokyo.lg.jp/kotsu/jitensha/seisaku-jyourei/churinjou","source_updated_at":"2026-04-02"},"geometry":{"type":"Point","coordinates":[139.414107,35.710921]}},{"type":"Feature","properties":{"id":"official-parking-tokyo-25037","name":"立川市砂川七番駅西自転車駐車場","municipality":"立川市","address":"東京都立川市柏町3-1-4","capacity":429,"source_publisher":"東京都都民安全総合対策本部","source_title":"自転車駐輪場情報","source_url":"https://www.tomin-anzen.metro.tokyo.lg.jp/kotsu/jitensha/seisaku-jyourei/churinjou","source_updated_at":"2026-04-02"},"geometry":{"type":"Point","coordinates":[139.417908,35.723609]}},{"type":"Feature","properties":{"id":"official-parking-tokyo-25016","name":"立川市砂川七番駅北自転車駐車場","municipality":"立川市","address":"東京都立川市柏町3-2-49","capacity":95,"source_publisher":"東京都都民安全総合対策本部","source_title":"自転車駐輪場情報","source_url":"https://www.tomin-anzen.metro.tokyo.lg.jp/kotsu/jitensha/seisaku-jyourei/churinjou","source_updated_at":"2026-04-02"},"geometry":{"type":"Point","coordinates":[139.417974,35.723972]}},{"type":"Feature","properties":{"id":"official-parking-tokyo-25009","name":"立川市柴崎体育館駅下自転車仮置場","municipality":"立川市","address":"東京都立川市柴崎町6-13先","capacity":165,"source_publisher":"東京都都民安全総合対策本部","source_title":"自転車駐輪場情報","source_url":"https://www.tomin-anzen.metro.tokyo.lg.jp/kotsu/jitensha/seisaku-jyourei/churinjou","source_updated_at":"2026-04-02"},"geometry":{"type":"Point","coordinates":[139.409482,35.689884]}},{"type":"Feature","properties":{"id":"official-parking-tokyo-25008","name":"立川市柴崎体育館駅臨時自転車等駐車場","municipality":"立川市","address":"東京都立川市柴崎町6-13-3先","capacity":150,"source_publisher":"東京都都民安全総合対策本部","source_title":"自転車駐輪場情報","source_url":"https://www.tomin-anzen.metro.tokyo.lg.jp/kotsu/jitensha/seisaku-jyourei/churinjou","source_updated_at":"2026-04-02"},"geometry":{"type":"Point","coordinates":[139.409211,35.689544]}},{"type":"Feature","properties":{"id":"official-parking-tokyo-25034","name":"立川市曙町一丁目東臨時有料自転車駐車場","municipality":"立川市","address":"東京都立川市曙町1-30-20","capacity":449,"source_publisher":"東京都都民安全総合対策本部","source_title":"自転車駐輪場情報","source_url":"https://www.tomin-anzen.metro.tokyo.lg.jp/kotsu/jitensha/seisaku-jyourei/churinjou","source_updated_at":"2026-04-02"},"geometry":{"type":"Point","coordinates":[139.411439,35.6992894]}},{"type":"Feature","properties":{"id":"official-parking-tokyo-25042","name":"立川市曙陸橋東有料自転車等駐車場","municipality":"立川市","address":"東京都立川市曙町3-2-12先","capacity":150,"source_publisher":"東京都都民安全総合対策本部","source_title":"自転車駐輪場情報","source_url":"https://www.tomin-anzen.metro.tokyo.lg.jp/kotsu/jitensha/seisaku-jyourei/churinjou","source_updated_at":"2026-04-02"},"geometry":{"type":"Point","coordinates":[139.41961,35.69858]}},{"type":"Feature","properties":{"id":"official-parking-tokyo-25025","name":"立川市西国立駅第一有料自転車駐車場","municipality":"立川市","address":"東京都立川市羽衣町3-1-25","capacity":460,"source_publisher":"東京都都民安全総合対策本部","source_title":"自転車駐輪場情報","source_url":"https://www.tomin-anzen.metro.tokyo.lg.jp/kotsu/jitensha/seisaku-jyourei/churinjou","source_updated_at":"2026-04-02"},"geometry":{"type":"Point","coordinates":[139.424078,35.692759]}},{"type":"Feature","properties":{"id":"official-parking-tokyo-25027","name":"立川市西国立駅第三有料自転車駐車場","municipality":"立川市","address":"東京都立川市羽衣町1-25-23","capacity":203,"source_publisher":"東京都都民安全総合対策本部","source_title":"自転車駐輪場情報","source_url":"https://www.tomin-anzen.metro.tokyo.lg.jp/kotsu/jitensha/seisaku-jyourei/churinjou","source_updated_at":"2026-04-02"},"geometry":{"type":"Point","coordinates":[139.424465,35.693504]}},{"type":"Feature","properties":{"id":"official-parking-tokyo-25026","name":"立川市西国立駅第二有料自転車等駐車場","municipality":"立川市","address":"東京都立川市錦町1-24-20先","capacity":575,"source_publisher":"東京都都民安全総合対策本部","source_title":"自転車駐輪場情報","source_url":"https://www.tomin-anzen.metro.tokyo.lg.jp/kotsu/jitensha/seisaku-jyourei/churinjou","source_updated_at":"2026-04-02"},"geometry":{"type":"Point","coordinates":[139.424022,35.692918]}},{"type":"Feature","properties":{"id":"official-parking-tokyo-25040","name":"立川市西武立川駅北口第二有料自転等駐車場","municipality":"立川市","address":"東京都立川市西砂町1-45-9","capacity":337,"source_publisher":"東京都都民安全総合対策本部","source_title":"自転車駐輪場情報","source_url":"https://www.tomin-anzen.metro.tokyo.lg.jp/kotsu/jitensha/seisaku-jyourei/churinjou","source_updated_at":"2026-04-02"},"geometry":{"type":"Point","coordinates":[139.37057,35.7272]}},{"type":"Feature","properties":{"id":"official-parking-tokyo-25028","name":"立川市西武立川駅北口有料自転車駐車場","municipality":"立川市","address":"東京都立川市西砂町1-23-8","capacity":440,"source_publisher":"東京都都民安全総合対策本部","source_title":"自転車駐輪場情報","source_url":"https://www.tomin-anzen.metro.tokyo.lg.jp/kotsu/jitensha/seisaku-jyourei/churinjou","source_updated_at":"2026-04-02"},"geometry":{"type":"Point","coordinates":[139.369871,35.726876]}},{"type":"Feature","properties":{"id":"official-parking-tokyo-25039","name":"立川市西武立川駅北口臨時有料路上自転車駐車場","municipality":"立川市","address":"立川市西砂町1-23先","capacity":43,"source_publisher":"東京都都民安全総合対策本部","source_title":"自転車駐輪場情報","source_url":"https://www.tomin-anzen.metro.tokyo.lg.jp/kotsu/jitensha/seisaku-jyourei/churinjou","source_updated_at":"2026-04-02"},"geometry":{"type":"Point","coordinates":[139.369928,35.726437]}},{"type":"Feature","properties":{"id":"official-parking-tokyo-25024","name":"立川市西立川駅有料自転車駐車場","municipality":"立川市","address":"東京都立川市富士見町1-36-10","capacity":345,"source_publisher":"東京都都民安全総合対策本部","source_title":"自転車駐輪場情報","source_url":"https://www.tomin-anzen.metro.tokyo.lg.jp/kotsu/jitensha/seisaku-jyourei/churinjou","source_updated_at":"2026-04-02"},"geometry":{"type":"Point","coordinates":[139.393845,35.703145]}},{"type":"Feature","properties":{"id":"official-parking-tokyo-25015","name":"立川市泉体育館駅自転車駐車場","municipality":"立川市","address":"東京都立川市幸町1-21-13","capacity":561,"source_publisher":"東京都都民安全総合対策本部","source_title":"自転車駐輪場情報","source_url":"https://www.tomin-anzen.metro.tokyo.lg.jp/kotsu/jitensha/seisaku-jyourei/churinjou","source_updated_at":"2026-04-02"},"geometry":{"type":"Point","coordinates":[139.41958,35.71983]}},{"type":"Feature","properties":{"id":"official-parking-tokyo-25014","name":"立川市泉体育館駅臨時自転車駐車場","municipality":"立川市","address":"東京都立川市泉町786-11","capacity":117,"source_publisher":"東京都都民安全総合対策本部","source_title":"自転車駐輪場情報","source_url":"https://www.tomin-anzen.metro.tokyo.lg.jp/kotsu/jitensha/seisaku-jyourei/churinjou","source_updated_at":"2026-04-02"},"geometry":{"type":"Point","coordinates":[139.418907,35.719314]}},{"type":"Feature","properties":{"id":"official-parking-tokyo-25022","name":"立川市武蔵砂川駅第一有料自転車等駐車場","municipality":"立川市","address":"東京都立川市上砂町4-52-1","capacity":1352,"source_publisher":"東京都都民安全総合対策本部","source_title":"自転車駐輪場情報","source_url":"https://www.tomin-anzen.metro.tokyo.lg.jp/kotsu/jitensha/seisaku-jyourei/churinjou","source_updated_at":"2026-04-02"},"geometry":{"type":"Point","coordinates":[139.392503,35.728797]}},{"type":"Feature","properties":{"id":"official-parking-tokyo-25023","name":"立川市武蔵砂川駅第二有料自転車等駐車場","municipality":"立川市","address":"東京都立川市上砂町4-50-1","capacity":479,"source_publisher":"東京都都民安全総合対策本部","source_title":"自転車駐輪場情報","source_url":"https://www.tomin-anzen.metro.tokyo.lg.jp/kotsu/jitensha/seisaku-jyourei/churinjou","source_updated_at":"2026-04-02"},"geometry":{"type":"Point","coordinates":[139.391495,35.728522]}},{"type":"Feature","properties":{"id":"official-parking-tokyo-25007","name":"立川市立川駅西地下道有料自転車駐車場","municipality":"立川市","address":"東京都立川市曙町1-1-33","capacity":1148,"source_publisher":"東京都都民安全総合対策本部","source_title":"自転車駐輪場情報","source_url":"https://www.tomin-anzen.metro.tokyo.lg.jp/kotsu/jitensha/seisaku-jyourei/churinjou","source_updated_at":"2026-04-02"},"geometry":{"type":"Point","coordinates":[139.410238,35.698251]}},{"type":"Feature","properties":{"id":"official-parking-tokyo-25035","name":"立川市立川駅南口西有料自転車駐車場","municipality":"立川市","address":"東京都立川市柴崎町2-1-5","capacity":488,"source_publisher":"東京都都民安全総合対策本部","source_title":"自転車駐輪場情報","source_url":"https://www.tomin-anzen.metro.tokyo.lg.jp/kotsu/jitensha/seisaku-jyourei/churinjou","source_updated_at":"2026-04-02"},"geometry":{"type":"Point","coordinates":[139.411624,35.697451]}},{"type":"Feature","properties":{"id":"official-parking-tokyo-25005","name":"立川市立川駅南口第一タワー有料自転車駐車場","municipality":"立川市","address":"東京都立川市錦町1-3-19","capacity":794,"source_publisher":"東京都都民安全総合対策本部","source_title":"自転車駐輪場情報","source_url":"https://www.tomin-anzen.metro.tokyo.lg.jp/kotsu/jitensha/seisaku-jyourei/churinjou","source_updated_at":"2026-04-02"},"geometry":{"type":"Point","coordinates":[139.415541,35.696458]}},{"type":"Feature","properties":{"id":"official-parking-tokyo-25003","name":"立川市立川駅南口第三有料自転車駐車場","municipality":"立川市","address":"東京都立川市柴崎町2-5-1","capacity":156,"source_publisher":"東京都都民安全総合対策本部","source_title":"自転車駐輪場情報","source_url":"https://www.tomin-anzen.metro.tokyo.lg.jp/kotsu/jitensha/seisaku-jyourei/churinjou","source_updated_at":"2026-04-02"},"geometry":{"type":"Point","coordinates":[139.410316,35.697791]}},{"type":"Feature","properties":{"id":"official-parking-tokyo-25004","name":"立川市立川駅南口第四有料自転車駐車場","municipality":"立川市","address":"東京都立川市柴崎町3-5-27","capacity":174,"source_publisher":"東京都都民安全総合対策本部","source_title":"自転車駐輪場情報","source_url":"https://www.tomin-anzen.metro.tokyo.lg.jp/kotsu/jitensha/seisaku-jyourei/churinjou","source_updated_at":"2026-04-02"},"geometry":{"type":"Point","coordinates":[139.414597,35.696121]}},{"type":"Feature","properties":{"id":"official-parking-tokyo-25006","name":"立川市立川駅南口第二タワー有料自転車駐車場","municipality":"立川市","address":"東京都立川市柴崎町2-3-20","capacity":414,"source_publisher":"東京都都民安全総合対策本部","source_title":"自転車駐輪場情報","source_url":"https://www.tomin-anzen.metro.tokyo.lg.jp/kotsu/jitensha/seisaku-jyourei/churinjou","source_updated_at":"2026-04-02"},"geometry":{"type":"Point","coordinates":[139.411467,35.696813]}},{"type":"Feature","properties":{"id":"official-parking-tokyo-25001","name":"立川市立川駅南口立体有料自転車駐車場","municipality":"立川市","address":"東京都立川市錦町2-1-4","capacity":610,"source_publisher":"東京都都民安全総合対策本部","source_title":"自転車駐輪場情報","source_url":"https://www.tomin-anzen.metro.tokyo.lg.jp/kotsu/jitensha/seisaku-jyourei/churinjou","source_updated_at":"2026-04-02"},"geometry":{"type":"Point","coordinates":[139.415359,35.696162]}},{"type":"Feature","properties":{"id":"official-parking-tokyo-25030","name":"立川市立川駅南口臨時自転車駐車場","municipality":"立川市","address":"東京都立川市柴崎町3-10","capacity":1264,"source_publisher":"東京都都民安全総合対策本部","source_title":"自転車駐輪場情報","source_url":"https://www.tomin-anzen.metro.tokyo.lg.jp/kotsu/jitensha/seisaku-jyourei/churinjou","source_updated_at":"2026-04-02"},"geometry":{"type":"Point","coordinates":[139.41243,35.69546]}},{"type":"Feature","properties":{"id":"official-parking-tokyo-25033","name":"立川市立川駅北口西地区有料自転車駐車場","municipality":"立川市","address":"東京都立川市曙町2-2-27","capacity":780,"source_publisher":"東京都都民安全総合対策本部","source_title":"自転車駐輪場情報","source_url":"https://www.tomin-anzen.metro.tokyo.lg.jp/kotsu/jitensha/seisaku-jyourei/churinjou","source_updated_at":"2026-04-02"},"geometry":{"type":"Point","coordinates":[139.412938,35.6985335]}},{"type":"Feature","properties":{"id":"official-parking-tokyo-25010","name":"立川市立川駅北口第一有料自転車駐車場","municipality":"立川市","address":"東京都立川市曙町2-36-2","capacity":1060,"source_publisher":"東京都都民安全総合対策本部","source_title":"自転車駐輪場情報","source_url":"https://www.tomin-anzen.metro.tokyo.lg.jp/kotsu/jitensha/seisaku-jyourei/churinjou","source_updated_at":"2026-04-02"},"geometry":{"type":"Point","coordinates":[139.41409,35.702701]}},{"type":"Feature","properties":{"id":"official-parking-tokyo-25013","name":"立川市立川北駅下有料自転車駐車場","municipality":"立川市","address":"東京都立川市曙町2-5-1先","capacity":604,"source_publisher":"東京都都民安全総合対策本部","source_title":"自転車駐輪場情報","source_url":"https://www.tomin-anzen.metro.tokyo.lg.jp/kotsu/jitensha/seisaku-jyourei/churinjou","source_updated_at":"2026-04-02"},"geometry":{"type":"Point","coordinates":[139.412569,35.700061]}},{"type":"Feature","properties":{"id":"official-parking-tokyo-20014","name":"学園通り自転車駐車場","municipality":"練馬区","address":"東京都練馬区東大泉3-49-11","capacity":201,"source_publisher":"東京都都民安全総合対策本部","source_title":"自転車駐輪場情報","source_url":"https://www.tomin-anzen.metro.tokyo.lg.jp/kotsu/jitensha/seisaku-jyourei/churinjou","source_updated_at":"2026-04-02"},"geometry":{"type":"Point","coordinates":[139.58698,35.754677]}},{"type":"Feature","properties":{"id":"official-parking-tokyo-20049","name":"光が丘ふれあいの径自転車駐車場","municipality":"練馬区","address":"東京都練馬区光が丘2丁目","capacity":1401,"source_publisher":"東京都都民安全総合対策本部","source_title":"自転車駐輪場情報","source_url":"https://www.tomin-anzen.metro.tokyo.lg.jp/kotsu/jitensha/seisaku-jyourei/churinjou","source_updated_at":"2026-04-02"},"geometry":{"type":"Point","coordinates":[139.629163,35.759875]}},{"type":"Feature","properties":{"id":"official-parking-tokyo-20046","name":"光が丘自転車駐車場","municipality":"練馬区","address":"東京都練馬区光が丘3-7-12","capacity":2220,"source_publisher":"東京都都民安全総合対策本部","source_title":"自転車駐輪場情報","source_url":"https://www.tomin-anzen.metro.tokyo.lg.jp/kotsu/jitensha/seisaku-jyourei/churinjou","source_updated_at":"2026-04-02"},"geometry":{"type":"Point","coordinates":[139.629544,35.758256]}},{"type":"Feature","properties":{"id":"official-parking-tokyo-20047","name":"光が丘第三自転車駐車場","municipality":"練馬区","address":"東京都練馬区光が丘3-10-2","capacity":390,"source_publisher":"東京都都民安全総合対策本部","source_title":"自転車駐輪場情報","source_url":"https://www.tomin-anzen.metro.tokyo.lg.jp/kotsu/jitensha/seisaku-jyourei/churinjou","source_updated_at":"2026-04-02"},"geometry":{"type":"Point","coordinates":[139.628355,35.758764]}},{"type":"Feature","properties":{"id":"official-parking-tokyo-20084","name":"光が丘第四自転車駐車場","municipality":"練馬区","address":"東京都練馬区光が丘3-9-1","capacity":174,"source_publisher":"東京都都民安全総合対策本部","source_title":"自転車駐輪場情報","source_url":"https://www.tomin-anzen.metro.tokyo.lg.jp/kotsu/jitensha/seisaku-jyourei/churinjou","source_updated_at":"2026-04-02"},"geometry":{"type":"Point","coordinates":[139.62886,35.7580223]}},{"type":"Feature","properties":{"id":"official-parking-tokyo-20083","name":"光が丘第二自転車駐車場","municipality":"練馬区","address":"東京都練馬区光が丘3-10-1","capacity":352,"source_publisher":"東京都都民安全総合対策本部","source_title":"自転車駐輪場情報","source_url":"https://www.tomin-anzen.metro.tokyo.lg.jp/kotsu/jitensha/seisaku-jyourei/churinjou","source_updated_at":"2026-04-02"},"geometry":{"type":"Point","coordinates":[139.626902,35.7583271]}},{"type":"Feature","properties":{"id":"official-parking-tokyo-20030","name":"庚申橋自転車駐車場","municipality":"練馬区","address":"東京都練馬区石神井台7-9-11","capacity":123,"source_publisher":"東京都都民安全総合対策本部","source_title":"自転車駐輪場情報","source_url":"https://www.tomin-anzen.metro.tokyo.lg.jp/kotsu/jitensha/seisaku-jyourei/churinjou","source_updated_at":"2026-04-02"},"geometry":{"type":"Point","coordinates":[139.578571,35.728932]}},{"type":"Feature","properties":{"id":"official-parking-tokyo-20005","name":"江古田栄町自転車駐車場","municipality":"練馬区","address":"東京都練馬区栄町3-11","capacity":70,"source_publisher":"東京都都民安全総合対策本部","source_title":"自転車駐輪場情報","source_url":"https://www.tomin-anzen.metro.tokyo.lg.jp/kotsu/jitensha/seisaku-jyourei/churinjou","source_updated_at":"2026-04-02"},"geometry":{"type":"Point","coordinates":[139.671837,35.73711]}},{"type":"Feature","properties":{"id":"official-parking-tokyo-20003","name":"江古田駅自転車駐車場","municipality":"練馬区","address":"東京都練馬区旭ヶ丘1-71-5","capacity":590,"source_publisher":"東京都都民安全総合対策本部","source_title":"自転車駐輪場情報","source_url":"https://www.tomin-anzen.metro.tokyo.lg.jp/kotsu/jitensha/seisaku-jyourei/churinjou","source_updated_at":"2026-04-02"},"geometry":{"type":"Point","coordinates":[139.673953,35.736726]}},{"type":"Feature","properties":{"id":"official-parking-tokyo-20069","name":"江古田駅第三自転車駐車場","municipality":"練馬区","address":"東京都練馬区小竹町1-60-1","capacity":32,"source_publisher":"東京都都民安全総合対策本部","source_title":"自転車駐輪場情報","source_url":"https://www.tomin-anzen.metro.tokyo.lg.jp/kotsu/jitensha/seisaku-jyourei/churinjou","source_updated_at":"2026-04-02"},"geometry":{"type":"Point","coordinates":[139.673136,35.7380288]}},{"type":"Feature","properties":{"id":"official-parking-tokyo-20004","name":"江古田駅第二自転車駐車場","municipality":"練馬区","address":"東京都練馬区栄町33-10","capacity":170,"source_publisher":"東京都都民安全総合対策本部","source_title":"自転車駐輪場情報","source_url":"https://www.tomin-anzen.metro.tokyo.lg.jp/kotsu/jitensha/seisaku-jyourei/churinjou","source_updated_at":"2026-04-02"},"geometry":{"type":"Point","coordinates":[139.672185,35.738664]}},{"type":"Feature","properties":{"id":"official-parking-tokyo-20051","name":"桜台駅西自転車駐車場","municipality":"練馬区","address":"東京都練馬区桜台4-1-1","capacity":490,"source_publisher":"東京都都民安全総合対策本部","source_title":"自転車駐輪場情報","source_url":"https://www.tomin-anzen.metro.tokyo.lg.jp/kotsu/jitensha/seisaku-jyourei/churinjou","source_updated_at":"2026-04-02"},"geometry":{"type":"Point","coordinates":[139.661127,35.738655]}},{"type":"Feature","properties":{"id":"official-parking-tokyo-20050","name":"桜台駅東自転車駐車場","municipality":"練馬区","address":"東京都練馬区桜台1-14-1","capacity":110,"source_publisher":"東京都都民安全総合対策本部","source_title":"自転車駐輪場情報","source_url":"https://www.tomin-anzen.metro.tokyo.lg.jp/kotsu/jitensha/seisaku-jyourei/churinjou","source_updated_at":"2026-04-02"},"geometry":{"type":"Point","coordinates":[139.663758,35.738906]}},{"type":"Feature","properties":{"id":"official-parking-tokyo-20035","name":"小竹向原駅自転車駐車場","municipality":"練馬区","address":"東京都練馬区小竹町2-16-14","capacity":790,"source_publisher":"東京都都民安全総合対策本部","source_title":"自転車駐輪場情報","source_url":"https://www.tomin-anzen.metro.tokyo.lg.jp/kotsu/jitensha/seisaku-jyourei/churinjou","source_updated_at":"2026-04-02"},"geometry":{"type":"Point","coordinates":[139.678684,35.743765]}},{"type":"Feature","properties":{"id":"official-parking-tokyo-20067","name":"上石神井駅南第三自転車駐車場","municipality":"練馬区","address":"東京都練馬区上石神井1-5-19","capacity":150,"source_publisher":"東京都都民安全総合対策本部","source_title":"自転車駐輪場情報","source_url":"https://www.tomin-anzen.metro.tokyo.lg.jp/kotsu/jitensha/seisaku-jyourei/churinjou","source_updated_at":"2026-04-02"},"geometry":{"type":"Point","coordinates":[139.592599,35.7258163]}},{"type":"Feature","properties":{"id":"official-parking-tokyo-20073","name":"上石神井駅南第二自転車駐車場","municipality":"練馬区","address":"東京都練馬区上石神井1-14-5","capacity":140,"source_publisher":"東京都都民安全総合対策本部","source_title":"自転車駐輪場情報","source_url":"https://www.tomin-anzen.metro.tokyo.lg.jp/kotsu/jitensha/seisaku-jyourei/churinjou","source_updated_at":"2026-04-02"},"geometry":{"type":"Point","coordinates":[139.590793,35.7260733]}},{"type":"Feature","properties":{"id":"official-parking-tokyo-20026","name":"上石神井駅北第一自転車駐車場","municipality":"練馬区","address":"東京都練馬区上石神井2-24-15","capacity":124,"source_publisher":"東京都都民安全総合対策本部","source_title":"自転車駐輪場情報","source_url":"https://www.tomin-anzen.metro.tokyo.lg.jp/kotsu/jitensha/seisaku-jyourei/churinjou","source_updated_at":"2026-04-02"},"geometry":{"type":"Point","coordinates":[139.593422,35.726362]}},{"type":"Feature","properties":{"id":"official-parking-tokyo-20063","name":"上石神井駅北第三自転車駐車場","municipality":"練馬区","address":"東京都練馬区上石神井2-23-3","capacity":400,"source_publisher":"東京都都民安全総合対策本部","source_title":"自転車駐輪場情報","source_url":"https://www.tomin-anzen.metro.tokyo.lg.jp/kotsu/jitensha/seisaku-jyourei/churinjou","source_updated_at":"2026-04-02"},"geometry":{"type":"Point","coordinates":[139.593685,35.7264158]}},{"type":"Feature","properties":{"id":"official-parking-tokyo-20072","name":"上石神井駅北第二自転車駐車場","municipality":"練馬区","address":"東京都練馬区上石神井4-1-6","capacity":440,"source_publisher":"東京都都民安全総合対策本部","source_title":"自転車駐輪場情報","source_url":"https://www.tomin-anzen.metro.tokyo.lg.jp/kotsu/jitensha/seisaku-jyourei/churinjou","source_updated_at":"2026-04-02"},"geometry":{"type":"Point","coordinates":[139.590598,35.7265359]}},{"type":"Feature","properties":{"id":"official-parking-tokyo-20025","name":"上石神井自転車駐車場","municipality":"練馬区","address":"東京都練馬区上石神井2-34-15","capacity":650,"source_publisher":"東京都都民安全総合対策本部","source_title":"自転車駐輪場情報","source_url":"https://www.tomin-anzen.metro.tokyo.lg.jp/kotsu/jitensha/seisaku-jyourei/churinjou","source_updated_at":"2026-04-02"},"geometry":{"type":"Point","coordinates":[139.591711,35.728309]}},{"type":"Feature","properties":{"id":"official-parking-tokyo-20028","name":"上石神井立野橋自転車駐車場","municipality":"練馬区","address":"東京都練馬区上石神井1-11-5","capacity":160,"source_publisher":"東京都都民安全総合対策本部","source_title":"自転車駐輪場情報","source_url":"https://www.tomin-anzen.metro.tokyo.lg.jp/kotsu/jitensha/seisaku-jyourei/churinjou","source_updated_at":"2026-04-02"},"geometry":{"type":"Point","coordinates":[139.591486,35.723645]}},{"type":"Feature","properties":{"id":"official-parking-tokyo-20002","name":"新江古田駅自転車駐車場","municipality":"練馬区","address":"東京都練馬区豊玉北1-14-14","capacity":186,"source_publisher":"東京都都民安全総合対策本部","source_title":"自転車駐輪場情報","source_url":"https://www.tomin-anzen.metro.tokyo.lg.jp/kotsu/jitensha/seisaku-jyourei/churinjou","source_updated_at":"2026-04-02"},"geometry":{"type":"Point","coordinates":[139.668792,35.733622]}},{"type":"Feature","properties":{"id":"official-parking-tokyo-20001","name":"新桜台駅自転車駐車場","municipality":"練馬区","address":"東京都練馬区桜台1-27-14","capacity":160,"source_publisher":"東京都都民安全総合対策本部","source_title":"自転車駐輪場情報","source_url":"https://www.tomin-anzen.metro.tokyo.lg.jp/kotsu/jitensha/seisaku-jyourei/churinjou","source_updated_at":"2026-04-02"},"geometry":{"type":"Point","coordinates":[139.667659,35.740326]}},{"type":"Feature","properties":{"id":"official-parking-tokyo-20090","name":"石神井公園ボート池東自転車駐車場","municipality":"練馬区","address":"東京都練馬区石神井町3-4","capacity":106,"source_publisher":"東京都都民安全総合対策本部","source_title":"自転車駐輪場情報","source_url":"https://www.tomin-anzen.metro.tokyo.lg.jp/kotsu/jitensha/seisaku-jyourei/churinjou","source_updated_at":"2026-04-02"},"geometry":{"type":"Point","coordinates":[139.6067708,35.74095036]}},{"type":"Feature","properties":{"id":"official-parking-tokyo-20092","name":"石神井公園駅こぶし自転車駐車場","municipality":"練馬区","address":"東京都練馬区石神井町2-7-6","capacity":93,"source_publisher":"東京都都民安全総合対策本部","source_title":"自転車駐輪場情報","source_url":"https://www.tomin-anzen.metro.tokyo.lg.jp/kotsu/jitensha/seisaku-jyourei/churinjou","source_updated_at":"2026-04-02"},"geometry":{"type":"Point","coordinates":[139.6086965,35.74364243]}},{"type":"Feature","properties":{"id":"official-parking-tokyo-20066","name":"石神井公園駅西自転車駐車場","municipality":"練馬区","address":"東京都練馬区石神井町8-1-22","capacity":872,"source_publisher":"東京都都民安全総合対策本部","source_title":"自転車駐輪場情報","source_url":"https://www.tomin-anzen.metro.tokyo.lg.jp/kotsu/jitensha/seisaku-jyourei/churinjou","source_updated_at":"2026-04-02"},"geometry":{"type":"Point","coordinates":[139.602682,35.7447284]}},{"type":"Feature","properties":{"id":"official-parking-tokyo-20065","name":"石神井公園駅東自転車駐車場","municipality":"練馬区","address":"東京都練馬区石神井町1-28-3","capacity":1023,"source_publisher":"東京都都民安全総合対策本部","source_title":"自転車駐輪場情報","source_url":"https://www.tomin-anzen.metro.tokyo.lg.jp/kotsu/jitensha/seisaku-jyourei/churinjou","source_updated_at":"2026-04-02"},"geometry":{"type":"Point","coordinates":[139.608733,35.743098]}},{"type":"Feature","properties":{"id":"official-parking-tokyo-20010","name":"石神井公園駅北自転車駐車場","municipality":"練馬区","address":"東京都練馬区石神井町2-13-4","capacity":450,"source_publisher":"東京都都民安全総合対策本部","source_title":"自転車駐輪場情報","source_url":"https://www.tomin-anzen.metro.tokyo.lg.jp/kotsu/jitensha/seisaku-jyourei/churinjou","source_updated_at":"2026-04-02"},"geometry":{"type":"Point","coordinates":[139.609193,35.7447676]}},{"type":"Feature","properties":{"id":"official-parking-tokyo-20011","name":"石神井公園駅北第二自転車駐車場","municipality":"練馬区","address":"東京都練馬区石神井町2-13-26","capacity":650,"source_publisher":"東京都都民安全総合対策本部","source_title":"自転車駐輪場情報","source_url":"https://www.tomin-anzen.metro.tokyo.lg.jp/kotsu/jitensha/seisaku-jyourei/churinjou","source_updated_at":"2026-04-02"},"geometry":{"type":"Point","coordinates":[139.609073,35.745095]}},{"type":"Feature","properties":{"id":"official-parking-tokyo-20012","name":"石神井南自転車駐車場","municipality":"練馬区","address":"東京都練馬区石神井町3-20-3","capacity":1046,"source_publisher":"東京都都民安全総合対策本部","source_title":"自転車駐輪場情報","source_url":"https://www.tomin-anzen.metro.tokyo.lg.jp/kotsu/jitensha/seisaku-jyourei/churinjou","source_updated_at":"2026-04-02"},"geometry":{"type":"Point","coordinates":[139.606742,35.742457]}},{"type":"Feature","properties":{"id":"official-parking-tokyo-20043","name":"早宮自転車駐車場","municipality":"練馬区","address":"東京都練馬区早宮2-18-34","capacity":270,"source_publisher":"東京都都民安全総合対策本部","source_title":"自転車駐輪場情報","source_url":"https://www.tomin-anzen.metro.tokyo.lg.jp/kotsu/jitensha/seisaku-jyourei/churinjou","source_updated_at":"2026-04-02"},"geometry":{"type":"Point","coordinates":[139.651508,35.756867]}},{"type":"Feature","properties":{"id":"official-parking-tokyo-20080","name":"早宮第三自転車駐車場","municipality":"練馬区","address":"東京都練馬区早宮2-17-5","capacity":293,"source_publisher":"東京都都民安全総合対策本部","source_title":"自転車駐輪場情報","source_url":"https://www.tomin-anzen.metro.tokyo.lg.jp/kotsu/jitensha/seisaku-jyourei/churinjou","source_updated_at":"2026-04-02"},"geometry":{"type":"Point","coordinates":[139.65377,35.7571862]}},{"type":"Feature","properties":{"id":"official-parking-tokyo-20082","name":"早宮第四自転車駐車場","municipality":"練馬区","address":"東京都練馬区早宮2-17-45","capacity":300,"source_publisher":"東京都都民安全総合対策本部","source_title":"自転車駐輪場情報","source_url":"https://www.tomin-anzen.metro.tokyo.lg.jp/kotsu/jitensha/seisaku-jyourei/churinjou","source_updated_at":"2026-04-02"},"geometry":{"type":"Point","coordinates":[139.653731,35.7571672]}},{"type":"Feature","properties":{"id":"official-parking-tokyo-20079","name":"早宮第二自転車駐車場","municipality":"練馬区","address":"東京都練馬区早宮2-18-31","capacity":470,"source_publisher":"東京都都民安全総合対策本部","source_title":"自転車駐輪場情報","source_url":"https://www.tomin-anzen.metro.tokyo.lg.jp/kotsu/jitensha/seisaku-jyourei/churinjou","source_updated_at":"2026-04-02"},"geometry":{"type":"Point","coordinates":[139.651938,35.7568711]}},{"type":"Feature","properties":{"id":"official-parking-tokyo-20091","name":"大泉学園駅さつき自転車駐車場","municipality":"練馬区","address":"東京都練馬区東大泉5-16","capacity":62,"source_publisher":"東京都都民安全総合対策本部","source_title":"自転車駐輪場情報","source_url":"https://www.tomin-anzen.metro.tokyo.lg.jp/kotsu/jitensha/seisaku-jyourei/churinjou","source_updated_at":"2026-04-02"},"geometry":{"type":"Point","coordinates":[139.5849933,35.74889103]}},{"type":"Feature","properties":{"id":"official-parking-tokyo-20022","name":"大泉学園駅西第三自転車駐車場","municipality":"練馬区","address":"東京都練馬区東大泉6-34-24","capacity":180,"source_publisher":"東京都都民安全総合対策本部","source_title":"自転車駐輪場情報","source_url":"https://www.tomin-anzen.metro.tokyo.lg.jp/kotsu/jitensha/seisaku-jyourei/churinjou","source_updated_at":"2026-04-02"},"geometry":{"type":"Point","coordinates":[139.584276,35.748069]}},{"type":"Feature","properties":{"id":"official-parking-tokyo-20023","name":"大泉学園駅南バス通り自転車駐車場","municipality":"練馬区","address":"東京都練馬区東大泉5-29-13","capacity":1150,"source_publisher":"東京都都民安全総合対策本部","source_title":"自転車駐輪場情報","source_url":"https://www.tomin-anzen.metro.tokyo.lg.jp/kotsu/jitensha/seisaku-jyourei/churinjou","source_updated_at":"2026-04-02"},"geometry":{"type":"Point","coordinates":[139.586406,35.747296]}},{"type":"Feature","properties":{"id":"official-parking-tokyo-20020","name":"大泉学園駅南口地下自転車駐車場","municipality":"練馬区","address":"東京都練馬区東大泉5-43-1","capacity":650,"source_publisher":"東京都都民安全総合対策本部","source_title":"自転車駐輪場情報","source_url":"https://www.tomin-anzen.metro.tokyo.lg.jp/kotsu/jitensha/seisaku-jyourei/churinjou","source_updated_at":"2026-04-02"},"geometry":{"type":"Point","coordinates":[139.585247,35.748924]}},{"type":"Feature","properties":{"id":"official-parking-tokyo-20019","name":"大泉学園駅南第一自転車駐車場","municipality":"練馬区","address":"東京都練馬区東大泉5-41-23","capacity":140,"source_publisher":"東京都都民安全総合対策本部","source_title":"自転車駐輪場情報","source_url":"https://www.tomin-anzen.metro.tokyo.lg.jp/kotsu/jitensha/seisaku-jyourei/churinjou","source_updated_at":"2026-04-02"},"geometry":{"type":"Point","coordinates":[139.587079,35.749236]}},{"type":"Feature","properties":{"id":"official-parking-tokyo-20021","name":"大泉学園駅南第二自転車駐車場","municipality":"練馬区","address":"東京都練馬区東大泉6-52-2","capacity":315,"source_publisher":"東京都都民安全総合対策本部","source_title":"自転車駐輪場情報","source_url":"https://www.tomin-anzen.metro.tokyo.lg.jp/kotsu/jitensha/seisaku-jyourei/churinjou","source_updated_at":"2026-04-02"},"geometry":{"type":"Point","coordinates":[139.585156,35.749601]}},{"type":"Feature","properties":{"id":"official-parking-tokyo-20017","name":"大泉学園駅北口地下自転車駐車場","municipality":"練馬区","address":"東京都練馬区東大泉1-29-1","capacity":1092,"source_publisher":"東京都都民安全総合対策本部","source_title":"自転車駐輪場情報","source_url":"https://www.tomin-anzen.metro.tokyo.lg.jp/kotsu/jitensha/seisaku-jyourei/churinjou","source_updated_at":"2026-04-02"},"geometry":{"type":"Point","coordinates":[139.58558,35.750289]}},{"type":"Feature","properties":{"id":"official-parking-tokyo-20070","name":"大泉学園駅北自転車駐車場","municipality":"練馬区","address":"東京都練馬区東大泉4-5-4","capacity":150,"source_publisher":"東京都都民安全総合対策本部","source_title":"自転車駐輪場情報","source_url":"https://www.tomin-anzen.metro.tokyo.lg.jp/kotsu/jitensha/seisaku-jyourei/churinjou","source_updated_at":"2026-04-02"},"geometry":{"type":"Point","coordinates":[139.584077,35.7506666]}},{"type":"Feature","properties":{"id":"official-parking-tokyo-20093","name":"大泉学園駅北第五自転車駐車場","municipality":"練馬区","address":"東京都練馬区東大泉4-1-11","capacity":210,"source_publisher":"東京都都民安全総合対策本部","source_title":"自転車駐輪場情報","source_url":"https://www.tomin-anzen.metro.tokyo.lg.jp/kotsu/jitensha/seisaku-jyourei/churinjou","source_updated_at":"2026-04-02"},"geometry":{"type":"Point","coordinates":[139.5852556,35.75043926]}},{"type":"Feature","properties":{"id":"official-parking-tokyo-20016","name":"大泉学園駅北第三自転車駐車場","municipality":"練馬区","address":"東京都練馬区東大泉4-4-18","capacity":1524,"source_publisher":"東京都都民安全総合対策本部","source_title":"自転車駐輪場情報","source_url":"https://www.tomin-anzen.metro.tokyo.lg.jp/kotsu/jitensha/seisaku-jyourei/churinjou","source_updated_at":"2026-04-02"},"geometry":{"type":"Point","coordinates":[139.584821,35.750324]}},{"type":"Feature","properties":{"id":"official-parking-tokyo-20071","name":"大泉学園駅北第四自転車駐車場","municipality":"練馬区","address":"東京都練馬区東大泉4-3-7","capacity":500,"source_publisher":"東京都都民安全総合対策本部","source_title":"自転車駐輪場情報","source_url":"https://www.tomin-anzen.metro.tokyo.lg.jp/kotsu/jitensha/seisaku-jyourei/churinjou","source_updated_at":"2026-04-02"},"geometry":{"type":"Point","coordinates":[139.584726,35.7508358]}},{"type":"Feature","properties":{"id":"official-parking-tokyo-20015","name":"大泉学園駅北第二自転車駐車場","municipality":"練馬区","address":"東京都練馬区東大泉4-3-14","capacity":307,"source_publisher":"東京都都民安全総合対策本部","source_title":"自転車駐輪場情報","source_url":"https://www.tomin-anzen.metro.tokyo.lg.jp/kotsu/jitensha/seisaku-jyourei/churinjou","source_updated_at":"2026-04-02"},"geometry":{"type":"Point","coordinates":[139.584941,35.751214]}},{"type":"Feature","properties":{"id":"official-parking-tokyo-20058","name":"大泉郵便局バス停自転車駐車場","municipality":"練馬区","address":"東京都練馬区大泉学園町5-7","capacity":284,"source_publisher":"東京都都民安全総合対策本部","source_title":"自転車駐輪場情報","source_url":"https://www.tomin-anzen.metro.tokyo.lg.jp/kotsu/jitensha/seisaku-jyourei/churinjou","source_updated_at":"2026-04-02"},"geometry":{"type":"Point","coordinates":[139.587216,35.766413]}},{"type":"Feature","properties":{"id":"official-parking-tokyo-20044","name":"地下鉄赤塚駅南自転車駐車場","municipality":"練馬区","address":"東京都練馬区田柄2-49-3","capacity":986,"source_publisher":"東京都都民安全総合対策本部","source_title":"自転車駐輪場情報","source_url":"https://www.tomin-anzen.metro.tokyo.lg.jp/kotsu/jitensha/seisaku-jyourei/churinjou","source_updated_at":"2026-04-02"},"geometry":{"type":"Point","coordinates":[139.642995,35.769893]}},{"type":"Feature","properties":{"id":"official-parking-tokyo-20055","name":"中村橋駅西自転車駐車場","municipality":"練馬区","address":"東京都練馬区貫井1-36-26","capacity":1240,"source_publisher":"東京都都民安全総合対策本部","source_title":"自転車駐輪場情報","source_url":"https://www.tomin-anzen.metro.tokyo.lg.jp/kotsu/jitensha/seisaku-jyourei/churinjou","source_updated_at":"2026-04-02"},"geometry":{"type":"Point","coordinates":[139.636485,35.736696]}},{"type":"Feature","properties":{"id":"official-parking-tokyo-20054","name":"中村橋駅東自転車駐車場","municipality":"練馬区","address":"東京都練馬区中村北3-15-10","capacity":870,"source_publisher":"東京都都民安全総合対策本部","source_title":"自転車駐輪場情報","source_url":"https://www.tomin-anzen.metro.tokyo.lg.jp/kotsu/jitensha/seisaku-jyourei/churinjou","source_updated_at":"2026-04-02"},"geometry":{"type":"Point","coordinates":[139.639605,35.736992]}},{"type":"Feature","properties":{"id":"official-parking-tokyo-20013","name":"中島橋自転車駐車場","municipality":"練馬区","address":"東京都練馬区東大泉4-29-15","capacity":110,"source_publisher":"東京都都民安全総合対策本部","source_title":"自転車駐輪場情報","source_url":"https://www.tomin-anzen.metro.tokyo.lg.jp/kotsu/jitensha/seisaku-jyourei/churinjou","source_updated_at":"2026-04-02"},"geometry":{"type":"Point","coordinates":[139.584279,35.75372]}},{"type":"Feature","properties":{"id":"official-parking-tokyo-20048","name":"田柄自転車駐車場","municipality":"練馬区","address":"東京都練馬区田柄5-27-7","capacity":181,"source_publisher":"東京都都民安全総合対策本部","source_title":"自転車駐輪場情報","source_url":"https://www.tomin-anzen.metro.tokyo.lg.jp/kotsu/jitensha/seisaku-jyourei/churinjou","source_updated_at":"2026-04-02"},"geometry":{"type":"Point","coordinates":[139.631708,35.759129]}},{"type":"Feature","properties":{"id":"official-parking-tokyo-20062","name":"都民農園バス停自転車駐車場","municipality":"練馬区","address":"東京都練馬区大泉学園6-30","capacity":325,"source_publisher":"東京都都民安全総合対策本部","source_title":"自転車駐輪場情報","source_url":"https://www.tomin-anzen.metro.tokyo.lg.jp/kotsu/jitensha/seisaku-jyourei/churinjou","source_updated_at":"2026-04-02"},"geometry":{"type":"Point","coordinates":[139.584367,35.773915]}},{"type":"Feature","properties":{"id":"official-parking-tokyo-20068","name":"東大泉自転車駐車場","municipality":"練馬区","address":"東京都練馬区東大泉1-28-1","capacity":440,"source_publisher":"東京都都民安全総合対策本部","source_title":"自転車駐輪場情報","source_url":"https://www.tomin-anzen.metro.tokyo.lg.jp/kotsu/jitensha/seisaku-jyourei/churinjou","source_updated_at":"2026-04-02"},"geometry":{"type":"Point","coordinates":[139.587464,35.7500572]}},{"type":"Feature","properties":{"id":"official-parking-tokyo-20018","name":"東大泉第三自転車駐車場","municipality":"練馬区","address":"東京都練馬区東大泉1-32-2","capacity":67,"source_publisher":"東京都都民安全総合対策本部","source_title":"自転車駐輪場情報","source_url":"https://www.tomin-anzen.metro.tokyo.lg.jp/kotsu/jitensha/seisaku-jyourei/churinjou","source_updated_at":"2026-04-02"},"geometry":{"type":"Point","coordinates":[139.587106,35.75033]}},{"type":"Feature","properties":{"id":"official-parking-tokyo-20024","name":"南大泉自転車駐車場","municipality":"練馬区","address":"東京都練馬区南大泉3-25-25","capacity":2420,"source_publisher":"東京都都民安全総合対策本部","source_title":"自転車駐輪場情報","source_url":"https://www.tomin-anzen.metro.tokyo.lg.jp/kotsu/jitensha/seisaku-jyourei/churinjou","source_updated_at":"2026-04-02"},"geometry":{"type":"Point","coordinates":[139.568226,35.746606]}},{"type":"Feature","properties":{"id":"official-parking-tokyo-20086","name":"氷川台駅さくら自転車駐車場","municipality":"練馬区","address":"東京都練馬区氷川台3-35-11","capacity":135,"source_publisher":"東京都都民安全総合対策本部","source_title":"自転車駐輪場情報","source_url":"https://www.tomin-anzen.metro.tokyo.lg.jp/kotsu/jitensha/seisaku-jyourei/churinjou","source_updated_at":"2026-04-02"},"geometry":{"type":"Point","coordinates":[139.66709,35.74944]}},{"type":"Feature","properties":{"id":"official-parking-tokyo-20085","name":"氷川台駅第九自転車駐車場","municipality":"練馬区","address":"東京都練馬区氷川台3-41-3","capacity":500,"source_publisher":"東京都都民安全総合対策本部","source_title":"自転車駐輪場情報","source_url":"https://www.tomin-anzen.metro.tokyo.lg.jp/kotsu/jitensha/seisaku-jyourei/churinjou","source_updated_at":"2026-04-02"},"geometry":{"type":"Point","coordinates":[139.6643,35.74921]}},{"type":"Feature","properties":{"id":"official-parking-tokyo-20040","name":"氷川台駅第五自転車駐車場","municipality":"練馬区","address":"東京都練馬区氷川台4-51-9","capacity":160,"source_publisher":"東京都都民安全総合対策本部","source_title":"自転車駐輪場情報","source_url":"https://www.tomin-anzen.metro.tokyo.lg.jp/kotsu/jitensha/seisaku-jyourei/churinjou","source_updated_at":"2026-04-02"},"geometry":{"type":"Point","coordinates":[139.664367,35.751101]}},{"type":"Feature","properties":{"id":"official-parking-tokyo-20038","name":"氷川台駅第三自転車駐車場","municipality":"練馬区","address":"東京都練馬区氷川台3-40-1","capacity":187,"source_publisher":"東京都都民安全総合対策本部","source_title":"自転車駐輪場情報","source_url":"https://www.tomin-anzen.metro.tokyo.lg.jp/kotsu/jitensha/seisaku-jyourei/churinjou","source_updated_at":"2026-04-02"},"geometry":{"type":"Point","coordinates":[139.665196,35.749775]}},{"type":"Feature","properties":{"id":"official-parking-tokyo-20039","name":"氷川台駅第四自転車駐車場","municipality":"練馬区","address":"東京都練馬区氷川台4-53-6","capacity":1080,"source_publisher":"東京都都民安全総合対策本部","source_title":"自転車駐輪場情報","source_url":"https://www.tomin-anzen.metro.tokyo.lg.jp/kotsu/jitensha/seisaku-jyourei/churinjou","source_updated_at":"2026-04-02"},"geometry":{"type":"Point","coordinates":[139.663702,35.750825]}},{"type":"Feature","properties":{"id":"official-parking-tokyo-20089","name":"氷川台駅第十自転車駐車場","municipality":"練馬区","address":"東京都練馬区氷川台3-36-3","capacity":210,"source_publisher":"東京都都民安全総合対策本部","source_title":"自転車駐輪場情報","source_url":"https://www.tomin-anzen.metro.tokyo.lg.jp/kotsu/jitensha/seisaku-jyourei/churinjou","source_updated_at":"2026-04-02"},"geometry":{"type":"Point","coordinates":[139.6667739,35.75012641]}},{"type":"Feature","properties":{"id":"official-parking-tokyo-20078","name":"氷川台駅第八自転車駐車場","municipality":"練馬区","address":"東京都練馬区早宮1-1-8","capacity":150,"source_publisher":"東京都都民安全総合対策本部","source_title":"自転車駐輪場情報","source_url":"https://www.tomin-anzen.metro.tokyo.lg.jp/kotsu/jitensha/seisaku-jyourei/churinjou","source_updated_at":"2026-04-02"},"geometry":{"type":"Point","coordinates":[139.663511,35.7500958]}},{"type":"Feature","properties":{"id":"official-parking-tokyo-20057","name":"富士見台駅西自転車駐車場","municipality":"練馬区","address":"東京都練馬区練馬4-14-16","capacity":360,"source_publisher":"東京都都民安全総合対策本部","source_title":"自転車駐輪場情報","source_url":"https://www.tomin-anzen.metro.tokyo.lg.jp/kotsu/jitensha/seisaku-jyourei/churinjou","source_updated_at":"2026-04-02"},"geometry":{"type":"Point","coordinates":[139.628299,35.735827]}},{"type":"Feature","properties":{"id":"official-parking-tokyo-20056","name":"富士見台駅東自転車駐車場","municipality":"練馬区","address":"東京都練馬区貫井1-48-12","capacity":470,"source_publisher":"東京都都民安全総合対策本部","source_title":"自転車駐輪場情報","source_url":"https://www.tomin-anzen.metro.tokyo.lg.jp/kotsu/jitensha/seisaku-jyourei/churinjou","source_updated_at":"2026-04-02"},"geometry":{"type":"Point","coordinates":[139.630794,35.73606]}},{"type":"Feature","properties":{"id":"official-parking-tokyo-20029","name":"武蔵関駅西自転車駐車場","municipality":"練馬区","address":"東京都練馬区関町北4-7-1","capacity":575,"source_publisher":"東京都都民安全総合対策本部","source_title":"自転車駐輪場情報","source_url":"https://www.tomin-anzen.metro.tokyo.lg.jp/kotsu/jitensha/seisaku-jyourei/churinjou","source_updated_at":"2026-04-02"},"geometry":{"type":"Point","coordinates":[139.574593,35.727793]}},{"type":"Feature","properties":{"id":"official-parking-tokyo-20075","name":"武蔵関駅東自転車駐車場","municipality":"練馬区","address":"東京都練馬区関町東2-17-1","capacity":278,"source_publisher":"東京都都民安全総合対策本部","source_title":"自転車駐輪場情報","source_url":"https://www.tomin-anzen.metro.tokyo.lg.jp/kotsu/jitensha/seisaku-jyourei/churinjou","source_updated_at":"2026-04-02"},"geometry":{"type":"Point","coordinates":[139.578452,35.7286446]}},{"type":"Feature","properties":{"id":"official-parking-tokyo-20074","name":"武蔵関駅南自転車駐車場","municipality":"練馬区","address":"東京都練馬区関町北1-23-14","capacity":260,"source_publisher":"東京都都民安全総合対策本部","source_title":"自転車駐輪場情報","source_url":"https://www.tomin-anzen.metro.tokyo.lg.jp/kotsu/jitensha/seisaku-jyourei/churinjou","source_updated_at":"2026-04-02"},"geometry":{"type":"Point","coordinates":[139.577873,35.7273398]}},{"type":"Feature","properties":{"id":"official-parking-tokyo-20033","name":"武蔵関駅南第二自転車駐車場","municipality":"練馬区","address":"東京都練馬区関町北1-16-12","capacity":246,"source_publisher":"東京都都民安全総合対策本部","source_title":"自転車駐輪場情報","source_url":"https://www.tomin-anzen.metro.tokyo.lg.jp/kotsu/jitensha/seisaku-jyourei/churinjou","source_updated_at":"2026-04-02"},"geometry":{"type":"Point","coordinates":[139.577976,35.726055]}},{"type":"Feature","properties":{"id":"official-parking-tokyo-20031","name":"武蔵関駅北自転車駐車場","municipality":"練馬区","address":"東京都練馬区関町北4-9-6","capacity":430,"source_publisher":"東京都都民安全総合対策本部","source_title":"自転車駐輪場情報","source_url":"https://www.tomin-anzen.metro.tokyo.lg.jp/kotsu/jitensha/seisaku-jyourei/churinjou","source_updated_at":"2026-04-02"},"geometry":{"type":"Point","coordinates":[139.575149,35.728999]}},{"type":"Feature","properties":{"id":"official-parking-tokyo-20032","name":"武蔵関駅北第二自転車駐車場","municipality":"練馬区","address":"東京都練馬区関町北4-16-52","capacity":240,"source_publisher":"東京都都民安全総合対策本部","source_title":"自転車駐輪場情報","source_url":"https://www.tomin-anzen.metro.tokyo.lg.jp/kotsu/jitensha/seisaku-jyourei/churinjou","source_updated_at":"2026-04-02"},"geometry":{"type":"Point","coordinates":[139.574867,35.729365]}},{"type":"Feature","properties":{"id":"official-parking-tokyo-20059","name":"風致地区バス停自転車駐車場","municipality":"練馬区","address":"東京都練馬区大泉学園町6-18","capacity":120,"source_publisher":"東京都都民安全総合対策本部","source_title":"自転車駐輪場情報","source_url":"https://www.tomin-anzen.metro.tokyo.lg.jp/kotsu/jitensha/seisaku-jyourei/churinjou","source_updated_at":"2026-04-02"},"geometry":{"type":"Point","coordinates":[139.586553,35.77116]}},{"type":"Feature","properties":{"id":"official-parking-tokyo-20061","name":"風致地区バス停第三自転車駐車場","municipality":"練馬区","address":"東京都練馬区大泉学園7-7","capacity":30,"source_publisher":"東京都都民安全総合対策本部","source_title":"自転車駐輪場情報","source_url":"https://www.tomin-anzen.metro.tokyo.lg.jp/kotsu/jitensha/seisaku-jyourei/churinjou","source_updated_at":"2026-04-02"},"geometry":{"type":"Point","coordinates":[139.586773,35.771088]}},{"type":"Feature","properties":{"id":"official-parking-tokyo-20060","name":"風致地区バス停第二自転車駐車場","municipality":"練馬区","address":"東京都練馬区大泉学園町6-18","capacity":260,"source_publisher":"東京都都民安全総合対策本部","source_title":"自転車駐輪場情報","source_url":"https://www.tomin-anzen.metro.tokyo.lg.jp/kotsu/jitensha/seisaku-jyourei/churinjou","source_updated_at":"2026-04-02"},"geometry":{"type":"Point","coordinates":[139.586336,35.771199]}},{"type":"Feature","properties":{"id":"official-parking-tokyo-20081","name":"平和台駅前地下自転車駐車場","municipality":"練馬区","address":"東京都練馬区早宮2-17-50","capacity":330,"source_publisher":"東京都都民安全総合対策本部","source_title":"自転車駐輪場情報","source_url":"https://www.tomin-anzen.metro.tokyo.lg.jp/kotsu/jitensha/seisaku-jyourei/churinjou","source_updated_at":"2026-04-02"},"geometry":{"type":"Point","coordinates":[139.654545,35.7570076]}},{"type":"Feature","properties":{"id":"official-parking-tokyo-20041","name":"平和台駅第二自転車駐車場","municipality":"練馬区","address":"東京都練馬区早宮2-16-32","capacity":650,"source_publisher":"東京都都民安全総合対策本部","source_title":"自転車駐輪場情報","source_url":"https://www.tomin-anzen.metro.tokyo.lg.jp/kotsu/jitensha/seisaku-jyourei/churinjou","source_updated_at":"2026-04-02"},"geometry":{"type":"Point","coordinates":[139.655156,35.756554]}},{"type":"Feature","properties":{"id":"official-parking-tokyo-20088","name":"平和台駅地下自転車駐車場","municipality":"練馬区","address":"東京都練馬区平和台4-25-11","capacity":1860,"source_publisher":"東京都都民安全総合対策本部","source_title":"自転車駐輪場情報","source_url":"https://www.tomin-anzen.metro.tokyo.lg.jp/kotsu/jitensha/seisaku-jyourei/churinjou","source_updated_at":"2026-04-02"},"geometry":{"type":"Point","coordinates":[139.65654,35.75933]}},{"type":"Feature","properties":{"id":"official-parking-tokyo-20006","name":"豊島園駅西自転車駐車場","municipality":"練馬区","address":"東京都練馬区練馬4-10-18","capacity":358,"source_publisher":"東京都都民安全総合対策本部","source_title":"自転車駐輪場情報","source_url":"https://www.tomin-anzen.metro.tokyo.lg.jp/kotsu/jitensha/seisaku-jyourei/churinjou","source_updated_at":"2026-04-02"},"geometry":{"type":"Point","coordinates":[139.647694,35.74206]}},{"type":"Feature","properties":{"id":"official-parking-tokyo-20008","name":"豊島園駅前自転車駐車場","municipality":"練馬区","address":"東京都練馬区練馬4-16","capacity":99,"source_publisher":"東京都都民安全総合対策本部","source_title":"自転車駐輪場情報","source_url":"https://www.tomin-anzen.metro.tokyo.lg.jp/kotsu/jitensha/seisaku-jyourei/churinjou","source_updated_at":"2026-04-02"},"geometry":{"type":"Point","coordinates":[139.648134,35.74228]}},{"type":"Feature","properties":{"id":"official-parking-tokyo-20007","name":"豊島園駅東自転車駐車場","municipality":"練馬区","address":"東京都練馬区練馬4-14-16","capacity":110,"source_publisher":"東京都都民安全総合対策本部","source_title":"自転車駐輪場情報","source_url":"https://www.tomin-anzen.metro.tokyo.lg.jp/kotsu/jitensha/seisaku-jyourei/churinjou","source_updated_at":"2026-04-02"},"geometry":{"type":"Point","coordinates":[139.649003,35.741706]}},{"type":"Feature","properties":{"id":"official-parking-tokyo-20034","name":"北町二丁目自転車駐車場","municipality":"練馬区","address":"東京都練馬区北町2-21-5","capacity":170,"source_publisher":"東京都都民安全総合対策本部","source_title":"自転車駐輪場情報","source_url":"https://www.tomin-anzen.metro.tokyo.lg.jp/kotsu/jitensha/seisaku-jyourei/churinjou","source_updated_at":"2026-04-02"},"geometry":{"type":"Point","coordinates":[139.661899,35.76744]}},{"type":"Feature","properties":{"id":"official-parking-tokyo-20087","name":"練馬駅つつじ自転車駐車場","municipality":"練馬区","address":"東京都練馬区練馬1-19-7","capacity":162,"source_publisher":"東京都都民安全総合対策本部","source_title":"自転車駐輪場情報","source_url":"https://www.tomin-anzen.metro.tokyo.lg.jp/kotsu/jitensha/seisaku-jyourei/churinjou","source_updated_at":"2026-04-02"},"geometry":{"type":"Point","coordinates":[139.65555,35.73835]}},{"type":"Feature","properties":{"id":"official-parking-tokyo-20053","name":"練馬駅西自転車駐車場","municipality":"練馬区","address":"東京都練馬区練馬1-12-12","capacity":1450,"source_publisher":"東京都都民安全総合対策本部","source_title":"自転車駐輪場情報","source_url":"https://www.tomin-anzen.metro.tokyo.lg.jp/kotsu/jitensha/seisaku-jyourei/churinjou","source_updated_at":"2026-04-02"},"geometry":{"type":"Point","coordinates":[139.652662,35.737704]}},{"type":"Feature","properties":{"id":"official-parking-tokyo-20052","name":"練馬駅東自転車駐車場","municipality":"練馬区","address":"東京都練馬区練馬1-1-13","capacity":910,"source_publisher":"東京都都民安全総合対策本部","source_title":"自転車駐輪場情報","source_url":"https://www.tomin-anzen.metro.tokyo.lg.jp/kotsu/jitensha/seisaku-jyourei/churinjou","source_updated_at":"2026-04-02"},"geometry":{"type":"Point","coordinates":[139.655757,35.738133]}},{"type":"Feature","properties":{"id":"official-parking-tokyo-20064","name":"練馬駅北地下自転車駐車場","municipality":"練馬区","address":"東京都練馬区練馬1-17-1","capacity":700,"source_publisher":"東京都都民安全総合対策本部","source_title":"自転車駐輪場情報","source_url":"https://www.tomin-anzen.metro.tokyo.lg.jp/kotsu/jitensha/seisaku-jyourei/churinjou","source_updated_at":"2026-04-02"},"geometry":{"type":"Point","coordinates":[139.653029,35.7382573]}},{"type":"Feature","properties":{"id":"official-parking-tokyo-20009","name":"練馬高野台駅南自転車駐車場","municipality":"練馬区","address":"東京都練馬区高野台1-1-8","capacity":620,"source_publisher":"東京都都民安全総合対策本部","source_title":"自転車駐輪場情報","source_url":"https://www.tomin-anzen.metro.tokyo.lg.jp/kotsu/jitensha/seisaku-jyourei/churinjou","source_updated_at":"2026-04-02"},"geometry":{"type":"Point","coordinates":[139.617259,35.740216]}},{"type":"Feature","properties":{"id":"official-parking-tokyo-20045","name":"練馬春日町駅自転車駐車場","municipality":"練馬区","address":"東京都練馬区春日町3-29-28","capacity":1004,"source_publisher":"東京都都民安全総合対策本部","source_title":"自転車駐輪場情報","source_url":"https://www.tomin-anzen.metro.tokyo.lg.jp/kotsu/jitensha/seisaku-jyourei/churinjou","source_updated_at":"2026-04-02"},"geometry":{"type":"Point","coordinates":[139.641034,35.75141]}}]}
